店铺,ASIN,产品中文名,销量,销售额,订单数,日均销量,Vine赠品销量(已扣除),可售,入库中,不可售,预留,FBA总量,包装尺寸1(长×宽×高cm),包装尺寸2(长×宽×高cm),包装类型1,包装类型2,包装成本1(CNY),包装成本2(CNY),包装备注1,包装备注2,单品重量(g),图片URL,产品图片1,产品图片2,销售数据截止,库存数据截止
TZH-主店二号,B0FG2XQ7G3,雷朋眼镜盒保护盒,0,0.00,0,0.00,0,0,0,0,3,3,,,,,,,,,150,https://m.media-amazon.com/images/I/41fJzzX5QOL.jpg,,,2026-08-14,2026-08-16T06:00:01.483Z
TZH-主店二号,B0FL2BPTB5,TZH-6PCS玩偶支架,104,830.96,103,3.47,0,204,0,0,1,205,10×7.5×7,,,,0.5,,刘师傅 特种牛卡 扣底盒,,140,https://m.media-amazon.com/images/I/319FFwQ9yTL.jpg,,,2026-08-14,2026-08-16T06:00:01.483Z
TZH-主店二号,B0FL2CZBH4,TZH-12PCS玩偶支架,450,5793.54,371,15.00,0,525,40,0,129,694,14×7.5×7,,,,0.75,,刘师傅 特种牛卡 扣底盒,,188.6,https://m.media-amazon.com/images/I/319FFwQ9yTL.jpg,,,2026-08-14,2026-08-16T06:00:01.483Z
TZH-主店二号,B0FPR3XSX2,6Pcs无线电收纳,0,0.00,0,0.00,0,0,0,0,0,0,23×15×9,,,,1.68,,蓝象牛皮https://item.taobao.com/item.htm?id=669176211019&mi_id=0000Cq-vEypmmpo4YhNtmAAm6QOxGlWncsf6Velau9iEHdU&spm=a21xtw.29178619.0.0&xxc=shop&skuId=5071526367703,,400,https://m.media-amazon.com/images/I/41HUbKSVZkL.jpg,,,2026-08-14,2026-08-16T06:00:01.483Z
TZH-主店二号,B0FQNYHWP1,6PcsKpop支架,91,899.10,84,3.03,0,152,100,1,4,257,13×8×6,,飞机盒,,0.67,,"蓝象牛皮
https://item.taobao.com/item.htm?id=668517869529&mi_id=0000Vfc3reX3N6SotHz2am8NGEaC0En5KCG92mHxPStuE8w&skuId=5068032983297&spm=tbpc.boughtlist.suborder_itemtitle.1.5fad2e8dU8ZiSE",,120,https://m.media-amazon.com/images/I/31emn58XspL.jpg,,,2026-08-14,2026-08-16T06:00:01.483Z
TZH-主店二号,B0FRG9XKP8,S油门把手,1,12.99,1,0.03,0,1,0,0,0,1,17×9×7,,,,1.12,,蓝象黄https://item.taobao.com/item.htm?id=669212123535&mi_id=0000J-eDpa7AR42N25pZ6UJwu_vAmt1Pec7k-2dqG6mxh7M&spm=tbpc.boughtlist.suborder_itemtitle.1.60c82e8d23jXep&skuId=4983857782857,,240,https://m.media-amazon.com/images/I/41RCYgYyKgL.jpg,,,2026-08-14,2026-08-16T06:00:01.483Z
TZH-主店二号,B0GTPYQY5Z,,3,11.97,3,0.10,0,1,0,0,1,2,8×18×0.5,,,,0.06,,8*18cm（内空间7*15cm）,,10,https://m.media-amazon.com/images/I/512OUzE4OzL.jpg,,,2026-08-14,2026-08-16T06:00:01.483Z
TZH-主店二号,B0GVWD8KR9,,1,5.99,1,0.03,0,1,0,0,3,4,15×8×1.7,28×7×1.8,,,0,0,"3个装
3+3装","吸管自带
1个装：84g
2个装：120g",67,https://m.media-amazon.com/images/I/31saJr94ghL.jpg,,,2026-08-14,2026-08-16T06:00:01.483Z
TZH-主店二号,B0GVWF66T8,,0,0.00,0,0.00,0,0,0,0,0,0,15×8×1.7,28×7×1.8,,,0,0,"3个装
3+3装","吸管自带
1个装：84g
2个装：120g",67,https://m.media-amazon.com/images/I/31VTdtKL-VL.jpg,,,2026-08-14,2026-08-16T06:00:01.483Z
TZH-主店二号,B0GVWKW4Y1,,0,0.00,0,0.00,0,0,0,0,0,0,15×8×1.7,28×7×1.8,,,0,0,"3个装
3+3装","吸管自带
1个装：84g
2个装：120g",67,https://m.media-amazon.com/images/I/31XXnhgwLfL.jpg,,,2026-08-14,2026-08-16T06:00:01.483Z
TZH-主店二号,B0GVWPCJRW,,1,5.99,1,0.03,0,2,0,0,2,4,15×8×1.7,28×7×1.8,,,0,0,"3个装
3+3装","吸管自带
1个装：84g
2个装：120g",67,https://m.media-amazon.com/images/I/31w3IV3V8jL.jpg,,,2026-08-14,2026-08-16T06:00:01.483Z
TZH-主店二号,B0GVWQK5BT,,0,0.00,0,0.00,0,0,0,0,0,0,15×8×1.7,28×7×1.8,,,0,0,"3个装
3+3装","吸管自带
1个装：84g
2个装：120g",67,https://m.media-amazon.com/images/I/31xGVXFGllL.jpg,,,2026-08-14,2026-08-16T06:00:01.483Z
TZH-主店二号,B0GVXGBY1W,,2,11.98,2,0.07,0,1,0,0,4,5,15×8×1.7,28×7×1.8,,,0,0,"3个装
3+3装","吸管自带
1个装：84g
2个装：120g",67,https://m.media-amazon.com/images/I/31iQPOfKJHL.jpg,,,2026-08-14,2026-08-16T06:00:01.483Z
TZH-主店二号,B0GVY49NQG,,0,0.00,0,0.00,0,2,0,0,6,8,15×8×1.7,28×7×1.8,,,0,0,"3个装
3+3装","吸管自带
1个装：84g
2个装：120g",95,https://m.media-amazon.com/images/I/31TQze95JwL.jpg,,,2026-08-14,2026-08-16T06:00:01.483Z
TZH-主店二号,B0GVY4B31K,,0,0.00,0,0.00,0,0,0,0,0,0,15×8×1.7,28×7×1.8,,,0,0,"3个装
3+3装","吸管自带
1个装：84g
2个装：120g",95,https://m.media-amazon.com/images/I/4128kMNgbPL.jpg,,,2026-08-14,2026-08-16T06:00:01.483Z
TZH-主店二号,B0GVY4DFMJ,,0,0.00,0,0.00,0,0,0,0,0,0,15×8×1.7,28×7×1.8,,,0,0,"3个装
3+3装","吸管自带
1个装：84g
2个装：120g",95,https://m.media-amazon.com/images/I/31dFWTURmRL.jpg,,,2026-08-14,2026-08-16T06:00:01.483Z
TZH-主店二号,B0GVY78V83,,0,0.00,0,0.00,0,3,0,0,6,9,15×8×1.7,28×7×1.8,,,0,0,"3个装
3+3装","吸管自带
1个装：84g
2个装：120g",95,https://m.media-amazon.com/images/I/31Rhw8tVQiL.jpg,,,2026-08-14,2026-08-16T06:00:01.483Z
TZH-主店二号,B0GVYB51LC,,0,0.00,0,0.00,0,0,0,0,0,0,15×8×1.7,28×7×1.8,,,0,0,"3个装
3+3装","吸管自带
1个装：84g
2个装：120g",95,https://m.media-amazon.com/images/I/41B9H0drThL.jpg,,,2026-08-14,2026-08-16T06:00:01.483Z
TZH-主店二号,B0GVYT1NGB,,0,0.00,0,0.00,0,1,0,0,5,6,15×8×1.7,28×7×1.8,,,0,0,"3个装
3+3装","吸管自带
1个装：84g
2个装：120g",95,https://m.media-amazon.com/images/I/41Vg1ysYlEL.jpg,,,2026-08-14,2026-08-16T06:00:01.483Z
TZH-主店二号,B0GVYTYDKY,,6,29.94,5,0.20,0,1,0,0,19,20,,,,,,,,,120,https://m.media-amazon.com/images/I/41vPGERAwTL.jpg,,,2026-08-14,2026-08-16T06:00:01.483Z
TZH-主店二号,B0GWDQVFQ2,,93,1678.27,92,3.10,0,0,184,1,17,202,19×19×11,,,,0.96,,"ARC-914SBD
https://detail.1688.com/offer/814977958807.html?spm=a360q.8274423%2Fnew.goods.productname",,340,https://m.media-amazon.com/images/I/31F-WbY9X9L.jpg,,,2026-08-14,2026-08-16T06:00:01.483Z
TZH-主店二号,B0GWFHTRCX,,156,4105.57,154,5.20,0,0,500,2,16,518,24×15×24,,瓦楞盒,,1.26,,"ARC-150SB
https://detail.1688.com/offer/816334523911.html?spm=a360q.8274423%2Fnew.goods.productname",,550,https://m.media-amazon.com/images/I/31FDnrjImKL.jpg,https://amz-client-global-1359221291.cos.ap-guangzhou.myqcloud.com/users/f82eadde-4422-426b-b0ea-29b0ed0c3081/uploads/2026-08-07/e00e8a28-8f25-448b-adc5-056522e1e41d.jpg,,2026-08-14,2026-08-16T06:00:01.483Z
TZH-主店二号,B0GWHHR895,,15,299.85,15,0.50,1,153,22,0,26,201,23×9×4,,,,0.76,,"蓝象黄
https://item.taobao.com/item.htm?id=669176211019&mi_id=0000hhhd33eoX9TrRy2_hWvjOAjzpbJbv0U5FwTKhYnrQEc&spm=tbpc.boughtlist.suborder_itemtitle.1.716d2e8doDe5ZF&skuId=4810171912505
",,122,https://m.media-amazon.com/images/I/41TBBuQsjCL.jpg,,,2026-08-14,2026-08-16T06:00:01.483Z
TZH-主店二号,B0GWHY7DZR,,35,679.66,34,1.17,0,294,0,0,42,336,23×9×4,,,,0.76,,"蓝象黄
https://item.taobao.com/item.htm?id=669176211019&mi_id=0000hhhd33eoX9TrRy2_hWvjOAjzpbJbv0U5FwTKhYnrQEc&spm=tbpc.boughtlist.suborder_itemtitle.1.716d2e8doDe5ZF&skuId=4810171912505
",,122,https://m.media-amazon.com/images/I/41XMpvUbjfL.jpg,,,2026-08-14,2026-08-16T06:00:01.483Z
TZH-主店二号,B0GWMTGJ45,,2,39.98,2,0.07,0,41,0,0,1,42,23×9×4,23×9×4,,,0.76,0.76,"蓝象黄
https://item.taobao.com/item.htm?id=669176211019&mi_id=0000hhhd33eoX9TrRy2_hWvjOAjzpbJbv0U5FwTKhYnrQEc&spm=tbpc.boughtlist.suborder_itemtitle.1.716d2e8doDe5ZF&skuId=4810171912505
","蓝象黄
https://item.taobao.com/item.htm?id=669176211019&mi_id=0000hhhd33eoX9TrRy2_hWvjOGRZ09JLC7UuT2wqutPFd_Q&spm=tbpc.boughtlist.suborder_itemtitle.1.12ff2e8dWIfsnn&skuId=4810171912505",122,https://m.media-amazon.com/images/I/41I6YzkMpjL.jpg,,,2026-08-14,2026-08-16T06:00:01.483Z
TZH-主店二号,B0GWZ1JMYS,,33,659.67,33,1.10,0,111,20,0,23,154,23×9×4,,,,0.76,,"蓝象黄
https://item.taobao.com/item.htm?id=669176211019&mi_id=0000hhhd33eoX9TrRy2_hWvjOAjzpbJbv0U5FwTKhYnrQEc&spm=tbpc.boughtlist.suborder_itemtitle.1.716d2e8doDe5ZF&skuId=4810171912505
",,122,https://m.media-amazon.com/images/I/41q+ZTYGKzL.jpg,,,2026-08-14,2026-08-16T06:00:01.483Z
TZH-主店二号,B0GXKN1R6F,,0,0.00,0,0.00,0,1,0,0,20,21,15×8×1.7,28×7×1.8,,,0,0,"3个装
3+3装","吸管自带
1个装：84g
2个装：120g",87,https://m.media-amazon.com/images/I/21KVaIoWJxL.jpg,https://amz-client-global-1359221291.cos.ap-guangzhou.myqcloud.com/users/f82eadde-4422-426b-b0ea-29b0ed0c3081/uploads/2026-04-17/3c2eed62-0463-4e11-903e-25522ee6fc30.png,,2026-08-14,2026-08-16T06:00:01.483Z
TZH-主店二号,B0GXKNL93X,,0,0.00,0,0.00,0,4,0,0,7,11,15×8×1.7,28×7×1.8,,,0,0,"3个装
3+3装","吸管自带
1个装：84g
2个装：120g",112,https://m.media-amazon.com/images/I/31ABFzcgpKL.jpg,https://amz-client-global-1359221291.cos.ap-guangzhou.myqcloud.com/users/f82eadde-4422-426b-b0ea-29b0ed0c3081/uploads/2026-04-17/5a9b2ae7-260e-45bf-9364-3189d396711a.png,,2026-08-14,2026-08-16T06:00:01.483Z
TZH-主店二号,B0GY94BD4W,,76,1897.27,76,2.53,0,0,290,0,2,292,21×21×12,,瓦楞盒,,1.15,,"21*21;12cm 3层3mm
https://detail.1688.com/offer/814859779345.html?spm=a360q.8274423%2Fnew.goods.productname",,700,https://m.media-amazon.com/images/I/31JYhvIWCiL.jpg,https://amz-client-global-1359221291.cos.ap-guangzhou.myqcloud.com/users/f82eadde-4422-426b-b0ea-29b0ed0c3081/uploads/2026-08-07/523076f6-c01a-45df-94d6-269e0e6aea1b.jpg,,2026-08-14,2026-08-16T06:00:01.483Z
TZH-主店二号,B0GYDS1VWD,,58,231.42,53,1.93,0,0,0,0,5,5,9.5×6.5×1.6,,,,0.45,,https://detail.1688.com/offer/672142497121.html?_t=1778057855700&spm=a2615.7691456/2506.co_1_0_wangpu_score_0_0_0_0_0_0_0000_0.0,,120,https://m.media-amazon.com/images/I/51+85GJ-kPL.jpg,,,2026-08-14,2026-08-16T06:00:01.483Z
TZH-主店二号,B0GYF9RK5Y,,195,3798.10,179,6.50,0,7,528,0,88,623,25×19×10,,瓦楞盒,,1.06,,"规格型号: 长宽25*19;10cm 3层3mm
https://detail.1688.com/offer/818341603924.html?spm=a360q.8274423%2Fnew.goods.productname",,456,https://m.media-amazon.com/images/I/41ScUXPF+uL.jpg,https://amz-client-global-1359221291.cos.ap-guangzhou.myqcloud.com/users/f82eadde-4422-426b-b0ea-29b0ed0c3081/uploads/2026-08-07/95284ceb-8f31-4a58-b62f-1a0227f85e2a.jpg,https://amz-client-global-1359221291.cos.ap-guangzhou.myqcloud.com/users/f82eadde-4422-426b-b0ea-29b0ed0c3081/uploads/2026-08-07/195bc336-35c9-4002-aa27-46487ab5f607.jpg,2026-08-14,2026-08-16T06:00:01.483Z
TZH-主店二号,B0GZW586ZF,吸奶器收纳盒,37,719.64,37,1.23,20,36,160,0,50,246,17×10×250,,白卡扣底盒,,,,"优化为 25*10*19
170*100*250mm 350g单铜，300个-1.38元（含运输不含税）
https://detail.1688.com/offer/1068525614482.html?spm=a360q.8274423%2Fnew.goods.productname",,200,https://m.media-amazon.com/images/I/41B5ztFXA8L.jpg,https://amz-client-global-1359221291.cos.ap-guangzhou.myqcloud.com/users/f82eadde-4422-426b-b0ea-29b0ed0c3081/uploads/2026-08-07/8c38391e-ab1e-483d-b40a-d453de15201c.jpg,,2026-08-14,2026-08-16T06:00:01.483Z
TZH-主店二号,B0H25MK5M8,,20,189.81,18,0.67,0,104,0,0,3,107,15×11×6,28×11×4,,,,,蓝象黄 首选,蓝象黄,122,https://m.media-amazon.com/images/I/41dDjUKGLpL.jpg,,,2026-08-14,2026-08-16T06:00:01.483Z
TZH-主店二号,B0H35Z5GV8,,211,1988.01,174,7.03,0,62,470,0,18,550,16×13.75×1.3,,自封PP袋,,0,,两个四个装合成八个装,,185,https://m.media-amazon.com/images/I/31wnZiFFW9L.jpg,https://amz-client-global-1359221291.cos.ap-guangzhou.myqcloud.com/users/f82eadde-4422-426b-b0ea-29b0ed0c3081/uploads/2026-08-07/7f62d04a-6097-42e8-9ad4-02de329b6ef1.jpg,,2026-08-14,2026-08-16T06:00:01.483Z
TZH-主店二号,B0H366YPGD,,83,809.19,79,2.77,0,81,100,0,10,191,15.5×11.5×1.8,,,,0.95,,"
https://detail.1688.com/offer/746018663855.html?spm=a360q.7751291.0.0.3cb229a8Fy54uQ&sk=common",,40,https://m.media-amazon.com/images/I/41aYSxkrh2L.jpg,,,2026-08-14,2026-08-16T06:00:01.483Z
TZH-主店二号,B0H36KW9N8,,168,969.03,164,5.60,0,0,260,0,118,378,16×6×12,,白卡盒,,,,"120*60*160mm，350g单铜，300个-0.89元
https://detail.1688.com/offer/1068525614482.html?spm=a360q.8274423%2Fnew.goods.productname

",,100,https://m.media-amazon.com/images/I/31UCP+u4DSL.jpg,,,2026-08-14,2026-08-16T06:00:01.483Z
TZH-主店二号,B0H36NTQY2,,118,2240.82,116,3.93,29,0,594,0,3,597,18.5×12.5×4.2,,塑料盒,,1.35,,"https://detail.1688.com/offer/978444773492.html
规格型号: 小号1842长方盒 18.5*12.5*4.2CM",,195,https://m.media-amazon.com/images/I/41weYSmFiaL.jpg,,,2026-08-14,2026-08-16T06:00:01.483Z
TZH-主店二号,B0H36VYNDC,,59,884.41,53,1.97,0,57,383,0,88,528,5×5×44,,,,1.2,,"50*50*440mm-300个1.2元/pcs
https://detail.1688.com/offer/1068525614482.html?spm=a360q.8274423%2Fnew.goods.productname",,181,https://m.media-amazon.com/images/I/31PhzghMXQL.jpg,,,2026-08-14,2026-08-16T06:00:01.483Z
TZH-主店二号,B0H451QSK6,,1,19.99,1,0.03,0,41,0,0,0,41,23×9×4,,,,0.76,,"蓝象黄
https://item.taobao.com/item.htm?id=669176211019&mi_id=0000hhhd33eoX9TrRy2_hWvjOAjzpbJbv0U5FwTKhYnrQEc&spm=tbpc.boughtlist.suborder_itemtitle.1.716d2e8doDe5ZF&skuId=4810171912505
",,122,https://m.media-amazon.com/images/I/41RgX7VvLpL.jpg,,,2026-08-14,2026-08-16T06:00:01.483Z
TZH-主店二号,B0H451T7PF,,5,99.95,5,0.17,0,38,0,0,0,38,23×9×4,,,,0.76,,"蓝象黄
https://item.taobao.com/item.htm?id=669176211019&mi_id=0000hhhd33eoX9TrRy2_hWvjOAjzpbJbv0U5FwTKhYnrQEc&spm=tbpc.boughtlist.suborder_itemtitle.1.716d2e8doDe5ZF&skuId=4810171912505
",,122,https://m.media-amazon.com/images/I/41+0LEpGFyL.jpg,,,2026-08-14,2026-08-16T06:00:01.483Z
TZH-主店二号,B0H453GHTS,,21,399.80,21,0.70,0,0,0,0,1,1,23×9×4,,,,0.76,,"蓝象黄
https://item.taobao.com/item.htm?id=669176211019&mi_id=0000hhhd33eoX9TrRy2_hWvjOAjzpbJbv0U5FwTKhYnrQEc&spm=tbpc.boughtlist.suborder_itemtitle.1.716d2e8doDe5ZF&skuId=4810171912505
",,122,https://m.media-amazon.com/images/I/41XMpvUbjfL.jpg,,,2026-08-14,2026-08-16T06:00:01.483Z
TZH-主店二号,B0H454WDFF,,10,199.90,10,0.33,0,25,0,0,0,25,23×9×4,,,,0.76,,"蓝象黄
https://item.taobao.com/item.htm?id=669176211019&mi_id=0000hhhd33eoX9TrRy2_hWvjOAjzpbJbv0U5FwTKhYnrQEc&spm=tbpc.boughtlist.suborder_itemtitle.1.716d2e8doDe5ZF&skuId=4810171912505
",,122,https://m.media-amazon.com/images/I/41lP5fxCLgL.jpg,,,2026-08-14,2026-08-16T06:00:01.483Z
TZH-主店二号,B0H45JL95Q,,49,704.53,44,1.63,16,11,170,0,24,205,22×9×1.3,,,,0.36,,"220*90*13mm

https://detail.1688.com/offer/666965223145.html?spm=a360q.8274423%2Fnew.goods.productname",,50,https://m.media-amazon.com/images/I/41JCqalCxKL.jpg,,,2026-08-14,2026-08-16T06:00:01.483Z
TZH-主店二号,B0H4BBYVR9,,8,103.92,8,0.27,12,38,60,0,3,101,23.5×12×4,,飞机盒,,0.92,,"蓝象黄
https://item.taobao.com/item.htm?id=972000787976&mi_id=0000LfVC6SiowuIPlYMK6t0J5f1bJrs-eOdBtOBgH4iYmdc&spm=a21xtw.29978516.0.0&xxc=shop&skuId=5925122957796",,230,https://m.media-amazon.com/images/I/41lPkbBauML.jpg,,,2026-08-14,2026-08-16T06:00:01.483Z
TZH-主店二号,B0H4GMWHNQ,8条四色肩带,178,1718.28,177,5.93,14,0,540,0,3,543,1×1×1,,白卡盒,,,,"规格型号: 30*40（36+4）有孔花刀*OPP自粘袋5丝100个装*OPP*150*透明

https://detail.1688.com/offer/620195621018.html?spm=a360q.8274423%2Fnew.goods.productname",,240,https://m.media-amazon.com/images/I/41u4iOXIoKL.jpg,,,2026-08-14,2026-08-16T06:00:01.483Z
TZH-主店二号,B0H4GQMV11,,82,930.18,82,2.73,15,46,410,0,7,463,16.5×8×8,,,,1.22,,"蓝象黄
https://item.taobao.com/item.htm?id=972842721702&mi_id=0000ySW7tmpKubuCcq79cBJsIrK9RKFeA4gWNKOQH-R3TC4&spm=a21xtw.29978516.0.0&xxc=shop&skuId=6090099055450",,180,https://m.media-amazon.com/images/I/51Zr1e86WOL.jpg,,,2026-08-14,2026-08-16T06:00:01.483Z
TZH-主店二号,B0H4GRQNW5,,9,157.91,9,0.30,9,30,120,0,3,153,17×9.5×15,16.5×16×8,瓦楞盒,,,1.7,自带,"蓝象黄
https://item.taobao.com/item.htm?id=972842721702&mi_id=0000ySW7tmpKubuCcq79cBJsIrK9RKFeA4gWNKOQH-R3TC4&skuId=6090106507017&spm=a21xtw.29978516.0.0&xxc=shop",360,https://m.media-amazon.com/images/I/51tEkv4GklL.jpg,,,2026-08-14,2026-08-16T06:00:01.483Z
TZH-主店二号,B0H4GSWH3T,,7,103.93,7,0.23,6,37,120,0,0,157,18×9.3×12.2,16×13×8,瓦楞盒,,,1.52,自带18*9.3*12.2,"蓝象黄
https://item.taobao.com/item.htm?id=972842721702&mi_id=0000ySW7tmpKubuCcq79cBJsIrK9RKFeA4gWNKOQH-R3TC4&skuId=6090099055530&spm=a21xtw.29978516.0.0&xxc=shop",406,https://m.media-amazon.com/images/I/51ggJ0saAlL.jpg,,,2026-08-14,2026-08-16T06:00:01.483Z
TZH-主店二号,B0H4GTCBH2,,10,79.90,10,0.33,4,85,0,0,1,86,14.5×8×8,,,,1.18,,"蓝象黄
https://item.taobao.com/item.htm?id=971406543411&mi_id=0000u0LCG7GaZBbU4PLYFJH1HJigZZIgFEL7pi7u64ox7rg&spm=a21xtw.29978516.0.0&xxc=shop&skuId=5922635536294",,200,https://m.media-amazon.com/images/I/51u8ZH2fnOL.jpg,,,2026-08-14,2026-08-16T06:00:01.483Z
TZH-主店二号,B0H4GWDVHD,,69,761.31,68,2.30,16,2,320,0,1,323,14.5×14×8,,飞机盒,,1.52,,"蓝象黄
https://item.taobao.com/item.htm?id=971406543411&mi_id=0000u0LCG7GaZBbU4PLYFJH1HJigZZIgFEL7pi7u64ox7rg&skuId=5922635536390&spm=a21xtw.29978516.0.0&xxc=shop",,370,https://m.media-amazon.com/images/I/51u8ZH2fnOL.jpg,,,2026-08-14,2026-08-16T06:00:01.483Z
TZH-主店二号,B0H5Q7T54W,,3,50.97,3,0.10,10,66,0,0,0,66,,,,,,,,,460,https://m.media-amazon.com/images/I/41uhu0NW8-L.jpg,,,2026-08-14,2026-08-16T06:00:01.483Z
TZH-主店二号,B0H5QB58R6,,0,0.00,0,0.00,2,58,0,0,0,58,23.5×12×4,,,,0.92,,"蓝象黄
https://item.taobao.com/item.htm?id=972000787976&mi_id=0000LfVC6SiowuIPlYMK6t0J5f1bJrs-eOdBtOBgH4iYmdc&spm=a21xtw.29978516.0.0&xxc=shop&skuId=5925122957796",,230,https://m.media-amazon.com/images/I/41sdNuVoxRL.jpg,,,2026-08-14,2026-08-16T06:00:01.483Z
TZH-主店二号,B0H5QCYCV4,,56,714.45,56,1.87,4,0,280,0,2,282,23.5×12×4,,,,0.92,,"蓝象黄
https://item.taobao.com/item.htm?id=972000787976&mi_id=0000LfVC6SiowuIPlYMK6t0J5f1bJrs-eOdBtOBgH4iYmdc&spm=a21xtw.29978516.0.0&xxc=shop&skuId=5925122957796",,230,https://m.media-amazon.com/images/I/41WmpfPDmYL.jpg,https://amz-client-global-1359221291.cos.ap-guangzhou.myqcloud.com/users/f82eadde-4422-426b-b0ea-29b0ed0c3081/uploads/2026-08-07/f8d4abf4-dd78-4e6f-887b-c62809f3c02a.jpg,,2026-08-14,2026-08-16T06:00:01.483Z
TZH-主店二号,B0H5RKCN5B,,47,689.54,45,1.57,30,46,316,0,51,413,21.8×5.8×1.7,,白卡盒,,0.29,,"https://detail.1688.com/offer/666965223145.html
规格型号: 350g白卡纸;218*58*17mm
",,100,https://m.media-amazon.com/images/I/31XXzolbPNL.jpg,https://amz-client-global-1359221291.cos.ap-guangzhou.myqcloud.com/users/f82eadde-4422-426b-b0ea-29b0ed0c3081/uploads/2026-08-07/76edddd7-093f-4e99-b12e-6372901f621c.jpg,,2026-08-14,2026-08-16T06:00:01.483Z
TZH-主店二号,B0H5W4HJGM,,44,571.56,44,1.47,12,1,240,0,0,241,23.5×12×4,,飞机盒,,0.92,,"蓝象黄
https://item.taobao.com/item.htm?id=972000787976&mi_id=0000LfVC6SiowuIPlYMK6t0J5f1bJrs-eOdBtOBgH4iYmdc&spm=a21xtw.29978516.0.0&xxc=shop&skuId=5925122957796",,230,https://m.media-amazon.com/images/I/41lx+GbRIrL.jpg,https://amz-client-global-1359221291.cos.ap-guangzhou.myqcloud.com/users/f82eadde-4422-426b-b0ea-29b0ed0c3081/uploads/2026-08-07/54353c83-f8ca-4bd3-8731-f0ec952ff69b.jpg,,2026-08-14,2026-08-16T06:00:01.483Z
TZH-主店二号,B0H6TTFPPQ,,3,41.98,2,0.10,4,27,40,0,28,95,,,,,,,,,618,https://m.media-amazon.com/images/I/41+GncVd8HL.jpg,,,2026-08-14,2026-08-16T06:00:01.483Z
TZH-主店二号,B0H6V2TXYM,,34,479.68,34,1.13,11,62,30,0,8,100,15×9×7,,飞机盒,,1.07,,"蓝象黄
https://item.taobao.com/item.htm?id=668125464780&mi_id=00006GOPlPgu5zps6ZMiBWZW_-O6JNoVoJEwHtsW23Gn3h0&spm=tbpc.boughtlist.suborder_itemtitle.1.1bf22e8dr6Mi7F&skuId=4815284049623",,250,https://m.media-amazon.com/images/I/41bCuTFIJ+L.jpg,https://amz-client-global-1359221291.cos.ap-guangzhou.myqcloud.com/users/f82eadde-4422-426b-b0ea-29b0ed0c3081/uploads/2026-08-07/6415db66-8d42-4b1d-a208-427be1173f6e.jpg,,2026-08-14,2026-08-16T06:00:01.483Z
TZH-主店二号,B0H6XH6KNV,,10,169.90,8,0.33,3,35,12,0,0,47,,,,,,,,,,https://m.media-amazon.com/images/I/41sHtN+P3uL.jpg,,,2026-08-14,2026-08-16T06:00:01.483Z
TZH-主店二号,B0H6XH6RLN,,8,135.92,6,0.27,7,32,12,0,1,45,,,,,,,,,,https://m.media-amazon.com/images/I/41m39jHFTsL.jpg,,,2026-08-14,2026-08-16T06:00:01.483Z
TZH-主店二号,B0H714P11S,,0,0.00,0,0.00,0,0,0,0,0,0,,,,,,,,,,https://m.media-amazon.com/images/I/21-opJHw6bL.jpg,,,2026-08-14,2026-08-16T06:00:01.483Z
TZH-主店二号,B0H7JL7WTR,,3,54.98,3,0.10,2,41,48,0,25,114,,,,,,,,,900,https://m.media-amazon.com/images/I/31IFPVW9qGL.jpg,,,2026-08-14,2026-08-16T06:00:01.483Z
TZH-主店二号,B0H7JQCJ61,,1,0.00,1,0.03,10,9,24,0,16,49,,,,,,,,,500,https://m.media-amazon.com/images/I/31FH-eK-NFL.jpg,,,2026-08-14,2026-08-16T06:00:01.483Z
TZH-主店二号,B0H7SJHR4W,100个键盘轴,46,99.90,43,1.53,9,0,198,0,98,296,21.9×15.6×1.7,,塑料盒,,1.55,,"https://detail.1688.com/offer/849254140920.html
规格型号: B03空盒（21.9*15.6*1.7cm）
",,,https://m.media-amazon.com/images/I/51XFyP5SiXL.jpg,https://amz-client-global-1359221291.cos.ap-guangzhou.myqcloud.com/users/f82eadde-4422-426b-b0ea-29b0ed0c3081/uploads/2026-08-07/c67417ee-9dff-4f21-8051-ddb186f4da21.jpg,,2026-08-14,2026-08-16T06:00:01.483Z
TZH-主店二号,B0H8LNWM5P,,0,0.00,0,0.00,0,3,84,0,33,120,,,,,,,,,60,https://m.media-amazon.com/images/I/41CzvXvbkUL.jpg,,,2026-08-14,2026-08-16T06:00:01.483Z
TZH-主店二号,B0H8M2M3PP,,0,0.00,0,0.00,0,0,120,0,0,120,22.5×11×5,,,,1.01,,"蓝象黄
https://item.taobao.com/item.htm?from=cart&id=973859504097&mi_id=0000sRlCwK08Heu-fo5aOKE1voMEu6eGvmT8dctA2dG-h3Y&skuId=5923748512065&spm=a1z0d.6639537%2F202410.item.d973859504097.2f9d7484u78lAS&upStreamPrice=101",,1400,https://m.media-amazon.com/images/I/51bs4y0S+ZL.jpg,,,2026-08-14,2026-08-16T06:00:01.483Z
TZH-主店二号,B0H8RZQPVK,,0,0.00,0,0.00,0,0,102,0,18,120,43.5×28.7×2.7,,,,1.9,,"定制
https://detail.1688.com/offer/769082138444.html?spm=a21i7k.1688_web_im.chatboxOD.0",,500,https://m.media-amazon.com/images/I/51S44NmrEML.jpg,,,2026-08-14,2026-08-16T06:00:01.483Z
TZH-主店二号,B0HCZT8BMB,,0,0.00,0,0.00,0,0,120,0,0,120,18×18×11,,瓦楞盒,,1.1,,,,340,https://m.media-amazon.com/images/I/31nN2lij4kL.jpg,,,2026-08-14,2026-08-16T06:00:01.483Z
TZH-主店二号,B0HD6C9GT9,,0,0.00,0,0.00,0,0,120,0,0,120,,,,,,,,,498.951,https://m.media-amazon.com/images/I/417MXRLXs4L.jpg,,,2026-08-14,2026-08-16T06:00:01.483Z
LPH-主店三号-US,B0FSXJQ73Q,MANS马桶冲水开关,0,0.00,0,0.00,0,0,0,0,0,0,27×8×4,,,,0.78,,"蓝象黄
https://item.taobao.com/item.htm?id=975905906769&mi_id=0000Vy4Vm7lccPYJV7tZ8yJIqPGyd3NleMQfYGdP6SeviHI&spm=tbpc.boughtlist.suborder_itemtitle.1.57c52e8dmiQp7i&skuId=5931038593630",,112,https://m.media-amazon.com/images/I/31t2U-0J5IL.jpg,,,2026-08-14,2026-08-16T06:00:01.483Z
LPH-主店三号-US,B0FWC7WNCB,沙拉罐收纳袋,114,894.88,112,3.80,0,648,0,1,5,654,23×16×3,,,,0.94,,"蓝象黄
https://item.taobao.com/item.htm?id=669176211019&mi_id=0000hhhd33eoX9TrRy2_hWvjOHV-sbButByZ-9Z3YOiQnMU&spm=tbpc.boughtlist.suborder_itemtitle.1.4dff2e8dPcjFhy&skuId=4810171912448",,141,https://m.media-amazon.com/images/I/41lrLThQWvL.jpg,,,2026-08-14,2026-08-16T06:00:01.483Z
LPH-主店三号-US,B0FWJ6BW9K,戒指展示柜,18,359.82,18,0.60,0,19,0,0,2,21,1×1×1,,,,,,自带,,550,https://m.media-amazon.com/images/I/51Nbj8F8NVL.jpg,,,2026-08-14,2026-08-16T06:00:01.483Z
LPH-主店三号-US,B0FWKCXWY6,12Pcs洗手液套装,98,1631.04,86,3.27,0,193,120,0,3,316,19×10×8,,,,1.14,,"蓝象牛皮
https://item.taobao.com/item.htm?id=668512865488&mi_id=00004KKY2n7FxKwASn8CdkTWCziv_XAq3gr7uXzm0gnG7Z8&skuId=5068156275657&spm=tbpc.boughtlist.suborder_itemtitle.1.70d22e8doMAlBA",,331,https://m.media-amazon.com/images/I/515rTJpD3IL.jpg,,,2026-08-14,2026-08-16T06:00:01.483Z
LPH-主店三号-US,B0FWKD1L3W,4Pcs吊牌保护套,0,0.00,0,0.00,0,0,0,0,0,0,19×18×1.6,,,,0.48,,"190*180*16mm
https://detail.1688.com/offer/670045297830.html?spm=a360q.8274423%2Fnew.goods.productname",,110,https://m.media-amazon.com/images/I/41LZ3aN305L.jpg,,,2026-08-14,2026-08-16T06:00:01.483Z
LPH-主店三号-US,B0FWKFH1H8,货梯包,0,0.00,0,0.00,0,0,0,0,0,0,30×13×12,,,,2.19,,https://detail.1688.com/offer/825629376602.html?spm=a360q.8274423%2Fnew.goods.productname,,572,https://m.media-amazon.com/images/I/412H1eQnV1L.jpg,,,2026-08-14,2026-08-16T06:00:01.483Z
LPH-主店三号-US,B0FY2WZLGG,10PcsB硅胶嘴,253,2467.53,248,8.43,0,351,460,0,103,914,13×8×4,,飞机盒,,0.55,,"蓝象黄
https://item.taobao.com/item.htm?id=668517869529&pisk=g8ebMiq44EYXb0PKGASyNoHsDgM1hgWFBhiTxlp2XxHx1dE4RcJZ_sm6C4Zdmq5GiPN7WzcqkVlZCcaEroJNmoS1ClEKkAPqucUz5zA4uRuazOZ3RjJ4XR-0Zyrp3-5mQdMmIAQF89WU0oDiBS_402Ym2coFQd39MxDJ8qtV99WUmutqDMrRLRzp8Ge96dUtMbB-A4nvWc3OVbnEXApx6KdJy4mtBAhxDLh-YmLtWqhOVQnIDInvHddReDowDAHTW0n-rcHtDPHOVu3oXAdkAc1joospPTIPK9YT0499B8iRS2EfiKn3Emst7og5JUy5-jgLD49OkvY7yVgupa57qyVYu041daMgr5UtfzLR7jqTNzibuwTi7-q4CqrfMZqSEqZt1vtOHuMjlXeqGnp_JuZTTbwPv9DjHqFZnl-Cuuwbuo27bhd-hxPSO-MdKE3aakwsfRbGFyZ3Ezi8JO_A4E9ER5HD13GHC0gFVgOMsCR0G-yTa5QsM0mjagsWk5cxq0gFVgOMsjnocDS5VEFG.&skuId=4988312815220&spm=tbpc.boughtlist.suborder_itempic.d668517869529.441a2e8dXcA1g6",,145,https://m.media-amazon.com/images/I/311xovmvm3L.jpg,https://amz-client-global-1359221291.cos.ap-guangzhou.myqcloud.com/users/f82eadde-4422-426b-b0ea-29b0ed0c3081/uploads/2026-08-07/6546823e-d3db-467c-9000-fd4f295c5909.jpg,,2026-08-14,2026-08-16T06:00:01.483Z
LPH-主店三号-US,B0FY2XXG9F,3Pcs浅蓝色O饭盒密封垫,0,0.00,0,0.00,0,0,0,0,0,0,,,,,,,,,,https://m.media-amazon.com/images/I/41YtgJvSAmL.jpg,,,2026-08-14,2026-08-16T06:00:01.483Z
LPH-主店三号-US,B0FY31HN9D,3Pcs紫色O饭盒密封垫,0,0.00,0,0.00,0,0,0,0,0,0,,,,,,,,,,https://m.media-amazon.com/images/I/419oKiQ-W0L.jpg,,,2026-08-14,2026-08-16T06:00:01.483Z
LPH-主店三号-US,B0FY31WV9L,3Pcs蓝色O饭盒密封垫,0,0.00,0,0.00,0,0,0,0,0,0,,,,,,,,,,https://m.media-amazon.com/images/I/41tUGi5DcNL.jpg,,,2026-08-14,2026-08-16T06:00:01.483Z
LPH-主店三号-US,B0FY32B4PW,3Pcs白色O饭盒密封垫,0,0.00,0,0.00,0,0,0,0,0,0,,,,,,,,,,https://m.media-amazon.com/images/I/31eg6M4zGwL.jpg,,,2026-08-14,2026-08-16T06:00:01.483Z
LPH-主店三号-US,B0FY32P4CL,3Pcs橙色O饭盒密封垫,0,0.00,0,0.00,0,0,0,0,0,0,,,,,,,,,,https://m.media-amazon.com/images/I/41wFBIXkDrL.jpg,,,2026-08-14,2026-08-16T06:00:01.483Z
LPH-主店三号-US,B0FY34NY1V,3Pcs萝卜色O饭盒密封垫,0,0.00,0,0.00,0,0,0,0,0,0,,,,,,,,,,https://m.media-amazon.com/images/I/41nHXFfzAxL.jpg,,,2026-08-14,2026-08-16T06:00:01.483Z
LPH-主店三号-US,B0FYF131Z1,2Pcs高尔夫清洁套,134,2110.68,104,4.47,0,538,138,0,81,757,20×20×4.5,,,,0.17,,"磨砂自封袋，警示语，14丝
https://detail.1688.com/offer/602048545352.html",,290,https://m.media-amazon.com/images/I/41h-SQc5eiL.jpg,,,2026-08-14,2026-08-16T06:00:01.483Z
LPH-主店三号-US,B0FZSM95JC,Nu婴儿车罩,0,0.00,0,0.00,0,0,0,0,0,0,30×26×1.65,,,,0.95,,"300*260*16.5mm
https://detail.1688.com/offer/670494068600.html?spm=a360q.8274423%2Fnew.goods.productname",,200,https://m.media-amazon.com/images/I/41xW9y8w8XL.jpg,,,2026-08-14,2026-08-16T06:00:01.483Z
LPH-主店三号-US,B0FZSY68B2,400Pcs黄油收纳套装,38,759.62,38,1.27,0,164,12,0,15,191,26.5×26×3,,,,1.5,,"蓝象黄
https://item.taobao.com/item.htm?id=972520810278&mi_id=0000hvtdryB9Rmj45pv5vwHFtft2okN34i09jIto6cJpxiM&spm=tbpc.boughtlist.suborder_itemtitle.1.60c82e8d23jXep&skuId=5923804576840",,1050,https://m.media-amazon.com/images/I/31Dm+iWZIhL.jpg,,,2026-08-14,2026-08-16T06:00:01.483Z
LPH-主店三号-US,B0FZT4JBTF,180Pcs猫砂袋,37,739.63,36,1.23,0,52,0,0,1,53,29×16×9,,,,1.9,,,,1999,https://m.media-amazon.com/images/I/413W8koN0oL.jpg,,,2026-08-14,2026-08-16T06:00:01.483Z
LPH-主店三号-US,B0G2BL89SH,6PcsKee垫,244,4837.58,241,8.13,0,286,240,0,20,546,34×20×4,,,,1.62,,"蓝象黄
https://item.taobao.com/item.htm?id=668073024491&mi_id=0000aEDfh96lNn__CjOSmNzH8_kNd3pP3VTgOHkWgecAjl0&skuId=4815035973333&spm=tbpc.boughtlist.suborder_itemtitle.1.7e222e8dwXgfG0",,530,https://m.media-amazon.com/images/I/318OXMyr+uL.jpg,https://amz-client-global-1359221291.cos.ap-guangzhou.myqcloud.com/users/f82eadde-4422-426b-b0ea-29b0ed0c3081/uploads/2026-01-17/b1d51c2a-e339-4961-81fb-28d5b244aa6c.jpg,,2026-08-14,2026-08-16T06:00:01.483Z
LPH-主店三号-US,B0G2BR58FK,Gra收纳包,549,8538.66,533,18.30,0,637,1100,6,120,1863,24×20×4,,飞机盒,,1.08,,"蓝象牛皮
https://item.taobao.com/item.htm?id=668821258070&mi_id=0000NcM87Ieqgj20YXf7zEL6w0NhH4cHQL-tWcuKgorzw-c&spm=tbpc.boughtlist.suborder_itemtitle.1.60c82e8d23jXep&skuId=4894361088498",,500,https://m.media-amazon.com/images/I/31OmEvHSEcL.jpg,https://amz-client-global-1359221291.cos.ap-guangzhou.myqcloud.com/users/f82eadde-4422-426b-b0ea-29b0ed0c3081/uploads/2026-08-07/7526664e-7839-49da-92dc-6308380f3741.jpg,,2026-08-14,2026-08-16T06:00:01.483Z
LPH-主店三号-US,B0G2BVWMMP,Gra婴儿车罩,0,0.00,0,0.00,0,0,0,0,0,0,37×29×1.5,,,,1.32,,"370*290*15mm
https://detail.1688.com/offer/633297259923.html?spm=a360q.8274423%2Fnew.goods.productname",,240,,https://amz-client-global-1359221291.cos.ap-guangzhou.myqcloud.com/users/a4e037ee-6fe5-4428-bb2d-4a981f8b78f2/uploads/2025-11-15/1eb276f8-dd00-4382-82b9-7bb44cb56216.jpg,,2026-08-14,2026-08-16T06:00:01.483Z
LPH-主店三号-US,B0G2BYPP3C,2Pcs充气泵,0,0.00,0,0.00,0,0,0,0,0,0,25.5×11×6,,,,1.01,,蓝象牛皮https://item.taobao.com/item.htm?id=973216781732&mi_id=0000M1VSFUazrqavJoTFJdH2uQ7eewINgoqRHfkmH-2kXB4&spm=tbpc.boughtlist.suborder_itemtitle.1.7e222e8dwXgfG0&skuId=6089871822945,,190,https://m.media-amazon.com/images/I/41mnFh6orJL.jpg,,,2026-08-14,2026-08-16T06:00:01.483Z
LPH-主店三号-US,B0G2C7D1SM,R20把手,0,0.00,0,0.00,0,0,0,0,0,0,15×10×6,,,,0.96,,"蓝象黄
https://item.taobao.com/item.htm?id=668125464780&mi_id=00006GOPlPgu5zps6ZMiBWZW_5tXGvBL8Odc0sfsaq80FhQ&skuId=4815284049614&spm=tbpc.boughtlist.suborder_itemtitle.1.60c82e8d23jXep",,220,https://m.media-amazon.com/images/I/41ZJWfw9qYL.jpg,https://amz-client-global-1359221291.cos.ap-guangzhou.myqcloud.com/users/a4e037ee-6fe5-4428-bb2d-4a981f8b78f2/uploads/2025-11-15/ecf66af9-38d6-430a-9950-520a44b10394.png,,2026-08-14,2026-08-16T06:00:01.483Z
LPH-主店三号-US,B0G4X9DYRD,Ama表带灰色,0,0.00,0,0.00,0,0,0,0,1,1,,,,,,,,,55,https://m.media-amazon.com/images/I/51zVvE+bLxL.jpg,,,2026-08-14,2026-08-16T06:00:01.483Z
LPH-主店三号-US,B0G4ZW7HLD,Ama表带蓝色,0,0.00,0,0.00,0,0,0,0,0,0,,,,,,,,,55,https://m.media-amazon.com/images/I/51y0SdHQdcL.jpg,,,2026-08-14,2026-08-16T06:00:01.483Z
LPH-主店三号-US,B0G5131JKM,Ama表带黑色,8,31.92,8,0.27,0,1,0,0,0,1,,,,,,,,,55,https://m.media-amazon.com/images/I/515bLf7A03L.jpg,,,2026-08-14,2026-08-16T06:00:01.483Z
LPH-主店三号-US,B0G5132KBX,Ama表带深蓝色,3,11.97,3,0.10,0,0,0,0,0,0,,,,,,,,,55,https://m.media-amazon.com/images/I/51HjT65ARpL.jpg,,,2026-08-14,2026-08-16T06:00:01.483Z
LPH-主店三号-US,B0G517WLDZ,Ama表带橙色,0,0.00,0,0.00,0,0,0,0,0,0,,,,,,,,,55,https://m.media-amazon.com/images/I/519zRqd-ZnL.jpg,,,2026-08-14,2026-08-16T06:00:01.483Z
LPH-主店三号-US,B0G51DK4YX,Ama表带卡其色,3,7.98,3,0.10,0,0,0,0,1,1,,,,,,,,,55,https://m.media-amazon.com/images/I/415n-aPQgCL.jpg,,,2026-08-14,2026-08-16T06:00:01.483Z
LPH-主店三号-US,B0G52D3YWJ,klee纸巾套长方形,0,0.00,0,0.00,0,1,0,0,0,1,25.5×18×1.3,,,,0.61,,"255*180*13mm
https://detail.1688.com/offer/976262290149.html?spm=a360q.8274423%2Fnew.goods.productname",,120,https://m.media-amazon.com/images/I/41+ODTCsygL.jpg,https://amz-client-global-1359221291.cos.ap-guangzhou.myqcloud.com/users/f82eadde-4422-426b-b0ea-29b0ed0c3081/uploads/2026-01-17/2b88ffb7-9c53-4e32-aa45-376898c56a2a.jpg,,2026-08-14,2026-08-16T06:00:01.483Z
LPH-主店三号-US,B0G52GF51W,klee纸巾套正方形,2,11.98,2,0.07,0,0,0,0,0,0,20×14×1.6,,,,0.42,,"200*140*16mm
https://detail.1688.com/offer/665742676896.html?spm=a360q.8274423%2Fnew.goods.productname",,152.5,https://m.media-amazon.com/images/I/31vNhwbG3XL.jpg,https://amz-client-global-1359221291.cos.ap-guangzhou.myqcloud.com/users/f82eadde-4422-426b-b0ea-29b0ed0c3081/uploads/2026-01-17/6d96dc45-074a-486b-8241-f8ef4f1fca1b.jpg,,2026-08-14,2026-08-16T06:00:01.483Z
LPH-主店三号-US,B0G52H2CL5,klee纸巾套套装,0,0.00,0,0.00,0,0,0,0,0,0,,,,,,,,,,https://m.media-amazon.com/images/I/4120j9rS1-L.jpg,,,2026-08-14,2026-08-16T06:00:01.483Z
LPH-主店三号-US,B0G57JYVXN,3PCS盖子Takeya,301,2927.07,293,10.03,0,98,275,0,25,398,27×8×5,,飞机盒,,0.93,,"蓝象黄
https://item.taobao.com/item.htm?id=975905906769&mi_id=0000L50dA0--2p93oUrWLl8Fu4ES5BLslXbQb1rt12c4Xx0&skuId=5931038593631&spm=a21xtw.29178619.0.0&xxc=shop",,210,https://m.media-amazon.com/images/I/41HHLl4w2nL.jpg,https://amz-client-global-1359221291.cos.ap-guangzhou.myqcloud.com/users/f82eadde-4422-426b-b0ea-29b0ed0c3081/uploads/2026-08-07/ec6934b2-87c5-474f-9bbf-7f9f7cc3c71a.png,https://amz-client-global-1359221291.cos.ap-guangzhou.myqcloud.com/users/f82eadde-4422-426b-b0ea-29b0ed0c3081/uploads/2026-08-07/f94205a0-9d22-42a3-b897-2401e01767aa.jpg,2026-08-14,2026-08-16T06:00:01.483Z
LPH-主店三号-US,B0G58J9G7P,12PCS胶圈套装Thermos,4,26.97,4,0.13,0,11,0,0,7,18,6.5×5×5,,,,0.46,,"蓝象黄
https://item.taobao.com/item.htm?id=972501629857&mi_id=0000Ie36BbaBfQdTHkYXOLh0XrsTzhnoh7dmqXgYOc5aFks&spm=tbpc.boughtlist.suborder_itemtitle.1.60c82e8d23jXep&skuId=6089446203613",,60,https://m.media-amazon.com/images/I/41YMj1B6E+L.jpg,,,2026-08-14,2026-08-16T06:00:01.483Z
LPH-主店三号-US,B0G8HN1Y93,4PCS拉链RTIC,0,0.00,0,0.00,0,1,0,0,0,1,9×7.2×1.5,,,,0.31,,"9.0小长方盒9*7.2*1.5CM
https://detail.1688.com/offer/588512234295.html?spm=a360q.8274423%2Fnew.goods.productname",,80,https://m.media-amazon.com/images/I/41S4pkyNAEL.jpg,,,2026-08-14,2026-08-16T06:00:01.483Z
LPH-主店三号-US,B0G8XXCJ2X,2pcs沙拉罐收纳袋,86,1104.15,82,2.87,0,213,180,0,5,398,23×16×5,,,,1.28,,"蓝象黄
https://item.taobao.com/item.htm?from=cart&id=669176211019&mi_id=00001d80HGYO41Dpr07-LpYjJVLYdsI3mqBm0bWyNqzdEpw&skuId=4810171912450&spm=a1z0d.6639537%2F202410.item.d669176211019.476a7484KcWExg&upStreamPrice=128",,345,https://m.media-amazon.com/images/I/418EaP+np8L.jpg,,,2026-08-14,2026-08-16T06:00:01.483Z
LPH-主店三号-US,B0G91V37GH,12pcs过滤器momcozy,181,4678.20,180,6.03,0,84,359,0,50,493,12.5×8×12.5,,瓦楞扣底盒,,,,自带包装     190g,,190,https://m.media-amazon.com/images/I/41RKX5WlHQL.jpg,https://amz-client-global-1359221291.cos.ap-guangzhou.myqcloud.com/users/f82eadde-4422-426b-b0ea-29b0ed0c3081/uploads/2026-08-07/b5fa8bfa-1547-4f8d-a174-c2ab07d42083.jpg,,2026-08-14,2026-08-16T06:00:01.483Z
LPH-主店三号-US,B0GCCRNMHK,,185,1798.20,176,6.17,0,83,657,0,101,841,20.5×12.5×0.5,,透明珠光袋,,,,两套两件装合一套四件装 自带 10g,,10,https://m.media-amazon.com/images/I/41cKVtT4bRL.jpg,https://amz-client-global-1359221291.cos.ap-guangzhou.myqcloud.com/users/f82eadde-4422-426b-b0ea-29b0ed0c3081/uploads/2026-08-07/89af37b5-4ffe-48b7-9994-64ff6e5b850d.jpg,,2026-08-14,2026-08-16T06:00:01.483Z
LPH-主店三号-US,B0GD6G5L61,新HB手环灰色,2,5.98,2,0.07,0,7,0,0,9,16,6×19×1,,,,0.05,,"透明 加厚款 6*19cm 空白珠光袋 6*19cm
https://detail.1688.com/offer/727906837720.html?spm=a360q.8274423%2Fnew.goods.productname",,20,https://m.media-amazon.com/images/I/41GGuEGRK9L.jpg,,,2026-08-14,2026-08-16T06:00:01.483Z
LPH-主店三号-US,B0GD6WFV99,新HB手环蓝色,3,8.97,3,0.10,0,2,0,0,0,2,6×19×1,,,,0.05,,"透明 加厚款 6*19cm 空白珠光袋 6*19cm
https://detail.1688.com/offer/727906837720.html?spm=a360q.8274423%2Fnew.goods.productname",,20,https://m.media-amazon.com/images/I/416G9PTugGL.jpg,,,2026-08-14,2026-08-16T06:00:01.483Z
LPH-主店三号-US,B0GGH41FDJ,新2pcs黑板磁铁,0,0.00,0,0.00,0,0,0,0,0,0,41.5×8×7,,,,1.58,,"蓝象黄
https://item.taobao.com/item.htm?id=973913488474&mi_id=000067oPkefdnEJM5ERYK3TteZfcAQEGILQHdvZEBB0F9QE&skuId=6089969590748&spm=tbpc.boughtlist.suborder_itemtitle.1.60c82e8d23jXep",,480,https://m.media-amazon.com/images/I/41YCQ6HdxoL.jpg,https://amz-client-global-1359221291.cos.ap-guangzhou.myqcloud.com/users/f82eadde-4422-426b-b0ea-29b0ed0c3081/uploads/2026-01-17/c9839638-5ebe-4d9d-b811-241a74f66ab5.jpg,,2026-08-14,2026-08-16T06:00:01.483Z
LPH-主店三号-US,B0GGHCPDV3,一对尖头搅拌器Sunbeam,50,783.51,50,1.67,0,31,60,0,25,116,14×22×1,20×7×6,,,0.08,0.9,"透明双面共10丝;14*22cm;PE
https://detail.1688.com/offer/557310416914.html?spm=a360q.8274423%2Fnew.goods.productname","蓝象黄
https://item.taobao.com/item.htm?id=668512389538&mi_id=0000hDRILWuG4ug9pVxjrO45C3Kfzxr2Jb2M5fU7Gdv9Sbs&spm=tbpc.boughtlist.suborder_itemtitle.1.13032e8dwd4YKN&skuId=4810329024535",250,https://m.media-amazon.com/images/I/41f0pCGwzaL.jpg,,,2026-08-14,2026-08-16T06:00:01.483Z
LPH-主店三号-US,B0GGHJCFHB,一对平头搅拌器Sunbeam,43,671.58,42,1.43,0,24,61,0,27,112,20×7×6,,,,0.9,,"蓝象黄
https://item.taobao.com/item.htm?id=668512389538&mi_id=0000Pv3P-T8cqXWwKhRxedLU0kfcPc90HZ0vDYp8RVx3Yhc&spm=a21xtw.29178619.0.0&xxc=shop&skuId=4810329024535",,250,https://m.media-amazon.com/images/I/41IeLlUiwVL.jpg,,,2026-08-14,2026-08-16T06:00:01.483Z
LPH-主店三号-US,B0GGQRSCM1,轮子替换套装Samsonite,68,1121.34,67,2.27,0,81,24,0,37,142,10×10×4,,飞机盒,,0.56,,"10*10*4 蓝象内径
https://item.taobao.com/item.htm?id=668132584548&mi_id=0000tUaGFLNAiCIazVwQM9Ja3QJQbBgrgjtP5pdoqUZzBkg&spm=tbpc.boughtlist.suborder_itemtitle.1.70d22e8doMAlBA&skuId=4894858652288",,393,https://m.media-amazon.com/images/I/51JXIRP+XoL.jpg,,,2026-08-14,2026-08-16T06:00:01.483Z
LPH-主店三号-US,B0GGRLM9Z9,govee电源保护壳,12,119.88,9,0.40,0,4,0,0,0,4,17.5×8.5×5,,,,,,自带  144g,,145,https://m.media-amazon.com/images/I/4101My1PkML.jpg,,,2026-08-14,2026-08-16T06:00:01.483Z
LPH-主店三号-US,B0GGYSVPSX,GOVEE线1母2公,1,7.99,1,0.03,0,1,0,0,1,2,11.5×9.5×1.8,,,,,,自带   28g,,56,https://m.media-amazon.com/images/I/411Nanz47ML.jpg,,,2026-08-14,2026-08-16T06:00:01.483Z
LPH-主店三号-US,B0GGZ1ZN5M,底部保护器ninja,17,135.83,16,0.57,0,28,0,0,0,28,8×8×6.5,,,,,,自带  76.5g,,76,https://m.media-amazon.com/images/I/41io7TEVo7L.jpg,,,2026-08-14,2026-08-16T06:00:01.483Z
LPH-主店三号-US,B0GH74B4RK,新戒指展示架白色,1,21.99,1,0.03,0,10,0,0,1,11,37×36.5×5,,,,,,自带,,550,https://m.media-amazon.com/images/I/512f-rE460L.jpg,,,2026-08-14,2026-08-16T06:00:01.483Z
LPH-主店三号-US,B0GHQRM96K,,0,0.00,0,0.00,0,0,0,0,0,0,,,,,,,,,,https://m.media-amazon.com/images/I/71snQqB7Z1L._SL75_.jpg,,,2026-08-14,2026-08-16T06:00:01.483Z
LPH-主店三号-US,B0GHW55JGW,芝士切割器,1,9.99,1,0.03,0,0,0,0,1,1,,,,,,,,,134,https://m.media-amazon.com/images/I/31HsiONnhwL.jpg,,,2026-08-14,2026-08-16T06:00:01.483Z
LPH-主店三号-US,B0GHXZ3LWF,4PCS湿巾保护套,0,0.00,0,0.00,0,0,0,0,0,0,26×26×1.6,,,,0.9,,"260*260*16mm   170g
https://detail.1688.com/offer/976262290149.html?_t=1769508867042&spm=a2615.7691456.co_1_0_wangpu_score_0_0_0_0_0_0_0000_0.0",,144,,,,2026-08-14,2026-08-16T06:00:01.483Z
LPH-主店三号-US,B0GHYCGQ4C,墨水补充剂,0,0.00,0,0.00,0,0,0,0,0,0,28×14×6,,,,1.49,,"蓝象黄
https://item.taobao.com/item.htm?from=cart&id=669170011863&mi_id=0000AHaxQSFmAgJbkePXBzAxJa4BfBpiRTslh4jLSU87eMI&skuId=4815075169766&spm=a1z0d.6639537%2F202410.item.d669170011863.476a7484KcWExg&upStreamPrice=149",,1010,https://m.media-amazon.com/images/I/41NelL40q+L.jpg,,,2026-08-14,2026-08-16T06:00:01.483Z
LPH-主店三号-US,B0GJ3M3G9D,透明款耳机保护套,0,0.00,0,0.00,0,1,0,0,0,1,,,,,,,,,36.7,https://m.media-amazon.com/images/I/317kFFQPj0L.jpg,https://amz-client-global-1359221291.cos.ap-guangzhou.myqcloud.com/users/aa507b44-2556-4e09-bf76-88d4e716b41d/uploads/2026-01-30/68b5db24-75f7-4d93-a0d3-7d2c7cd600a9.png,,2026-08-14,2026-08-16T06:00:01.483Z
LPH-主店三号-US,B0GJDG4Q7C,灰色款耳机保护套,0,0.00,0,0.00,0,0,0,0,1,1,,,,,,,,,36.7,https://m.media-amazon.com/images/I/41VFvFwqFQL.jpg,https://amz-client-global-1359221291.cos.ap-guangzhou.myqcloud.com/users/aa507b44-2556-4e09-bf76-88d4e716b41d/uploads/2026-01-30/84e79a08-8270-4798-a5bf-67514dd6e9de.png,,2026-08-14,2026-08-16T06:00:01.483Z
LPH-主店三号-US,B0GJDHSSVY,橙色款耳机保护套,0,0.00,0,0.00,0,0,0,0,0,0,,,,,,,,,36.7,https://m.media-amazon.com/images/I/41wPJt4+hLL.jpg,https://amz-client-global-1359221291.cos.ap-guangzhou.myqcloud.com/users/aa507b44-2556-4e09-bf76-88d4e716b41d/uploads/2026-01-30/9e189dd0-97a3-4224-9cb3-4ccf204ce00f.png,,2026-08-14,2026-08-16T06:00:01.483Z
LPH-主店三号-US,B0GKM2W6NK,,0,0.00,0,0.00,0,0,0,0,0,0,,,,,,,,,10,https://m.media-amazon.com/images/I/41rjHLgAZuL.jpg,https://amz-client-global-1359221291.cos.ap-guangzhou.myqcloud.com/users/aa507b44-2556-4e09-bf76-88d4e716b41d/uploads/2026-01-30/47cc1a97-0851-4398-918e-bbb99a04b400.jpg,,2026-08-14,2026-08-16T06:00:01.483Z
LPH-主店三号-US,B0GKM9ZFHW,,1,7.99,1,0.03,0,1,0,0,7,8,10×18×1,,,,0.08,,10×18cm*18丝【白】*100个 https://detail.1688.com/offer/573862845179.html?spm=a360q.8274423%2Fnew.goods.productname,,31,https://m.media-amazon.com/images/I/41oE4sZeu8L.jpg,https://amz-client-global-1359221291.cos.ap-guangzhou.myqcloud.com/users/aa507b44-2556-4e09-bf76-88d4e716b41d/uploads/2026-01-30/605b7fef-be15-4647-a3da-b6f3de669e73.jpg,,2026-08-14,2026-08-16T06:00:01.483Z
LPH-主店三号-US,B0GKMFXBLN,,3,23.97,3,0.10,0,1,0,0,4,5,18×10×1,,,,0.08,,"10×18cm*18丝【白】*100个
https://detail.1688.com/offer/573862845179.html?spm=a360q.8274423%2Fnew.goods.productname",,31,https://m.media-amazon.com/images/I/41EPOk6wngL.jpg,https://amz-client-global-1359221291.cos.ap-guangzhou.myqcloud.com/users/aa507b44-2556-4e09-bf76-88d4e716b41d/uploads/2026-01-30/5e4e0a54-3bc3-4f44-8718-35f770a9f41f.jpg,,2026-08-14,2026-08-16T06:00:01.483Z
LPH-主店三号-US,B0GQ9CDWCP,,0,0.00,0,0.00,0,0,0,0,0,0,,,,,,,,,,https://m.media-amazon.com/images/I/51iQO6UF+uL.jpg,,,2026-08-14,2026-08-16T06:00:01.483Z
LPH-主店三号-US,B0GQB6R4FL,,0,0.00,0,0.00,0,0,0,0,0,0,,,,,,,,,,,,,2026-08-14,2026-08-16T06:00:01.483Z
LPH-主店三号-US,B0GQGQ8Z8F,,0,0.00,0,0.00,0,0,0,0,0,0,,,,,,,,,,https://m.media-amazon.com/images/I/61p1KVs8ScL._SL75_.jpg,,,2026-08-14,2026-08-16T06:00:01.483Z
LPH-主店三号-US,B0GQSP988T,,0,0.00,0,0.00,0,0,0,0,0,0,,,,,,,,,,https://m.media-amazon.com/images/I/71eHnIgDLwL._SL75_.jpg,,,2026-08-14,2026-08-16T06:00:01.483Z
LPH-主店三号-US,B0GTLMH86Z,新HB手环黑色,1,2.99,1,0.03,0,4,0,0,6,10,6×19×1,,,,0.05,,"透明 加厚款 6*19cm 空白珠光袋 6*19cm
https://detail.1688.com/offer/727906837720.html?spm=a360q.8274423%2Fnew.goods.productname",,20,https://m.media-amazon.com/images/I/41MKi2DOSXL.jpg,,,2026-08-14,2026-08-16T06:00:01.483Z
LPH-主店三号-US,B0GYF5796P,,9,74.95,9,0.30,0,4,20,0,24,48,,,,,,,,,168.6,https://m.media-amazon.com/images/I/41gr+aBoXbL.jpg,,,2026-08-14,2026-08-16T06:00:01.483Z
LPH-主店三号-US,B0GYF5YXXG,,28,0.00,28,0.93,0,0,120,0,0,120,20×20×5,,,,1.4,,https://item.taobao.com/item.htm?id=742748269776&mi_id=00008tyfAQjPjVGGQA96GLKI8p08We-OqM0sC7VuUnjGs4s&skuId=5124978777336&spm=a21xtw.29178619.0.0&xxc=shop,,333,https://m.media-amazon.com/images/I/41GtfMpEFML.jpg,,,2026-08-14,2026-08-16T06:00:01.483Z
LPH-主店三号-US,B0GYF7WK58,,59,479.52,59,1.97,0,58,156,0,136,350,,,,,,,,,150,https://m.media-amazon.com/images/I/41CO9a9mKrL.jpg,,,2026-08-14,2026-08-16T06:00:01.483Z
LPH-主店三号-US,B0GYFDQ2CG,,64,735.54,64,2.13,8,0,128,0,139,267,,,,,,,,,90,https://m.media-amazon.com/images/I/41ZiFokeTRL.jpg,,,2026-08-14,2026-08-16T06:00:01.483Z
LPH-主店三号-US,B0H4Z1VCGS,,7,181.93,7,0.23,0,42,0,0,0,42,,,,,,,,,1000,https://m.media-amazon.com/images/I/31OjMDodaIL.jpg,,,2026-08-14,2026-08-16T06:00:01.483Z
DZH-已结束,B0F53TXZT2,堡垒之夜派对装饰套装,0,0.00,0,0.00,0,0,0,0,2,2,,,,,,,,,,https://m.media-amazon.com/images/I/81Ek7DP7UqL._SL75_.jpg,,,2026-08-14,2026-08-16T06:00:01.483Z
DZH-已结束,B0FFGX6SVP,LBB吸管盖,0,0.00,0,0.00,0,0,240,0,0,240,,,,,,,,,,https://m.media-amazon.com/images/I/714QeRg-+zL._SL75_.jpg,,,2026-08-14,2026-08-16T06:00:01.483Z
SJJ-LBB,B0FG31WQ3N,LBB玩偶支架,0,0.00,0,0.00,0,2482,0,1,306,2789,,,,,,,,,144,https://m.media-amazon.com/images/I/61Vv1UXVkaL._SL75_.jpg,https://amz-client-global-1359221291.cos.ap-guangzhou.myqcloud.com/users/f82eadde-4422-426b-b0ea-29b0ed0c3081/uploads/2025-09-02/1aafef0e-fc2f-40f7-a79f-9e960afd7caa.png,,2026-08-14,2026-08-16T06:00:01.483Z
SJJ-LBB,B0FG3384N7,LBB玩偶包（粉）,0,0.00,0,0.00,0,0,0,0,0,0,,,,,,,,,,https://m.media-amazon.com/images/I/618kP2hc0fL._SL75_.jpg,,,2026-08-14,2026-08-16T06:00:01.483Z
SJJ-LBB,B0FGJHLXKG,LBB挂钩防丢绳,0,0.00,0,0.00,0,29,0,0,4,33,,,,,,,,,,https://m.media-amazon.com/images/I/61+UFqV-EPL._SL75_.jpg,https://amz-client-global-1359221291.cos.ap-guangzhou.myqcloud.com/users/f82eadde-4422-426b-b0ea-29b0ed0c3081/uploads/2025-09-30/da04c23b-9dfa-4c1f-9829-685d1043780d.png,,2026-08-14,2026-08-16T06:00:01.483Z
SJJ-LBB,B0FGX8TC6F,LBB黄铜挂钩套装,0,0.00,0,0.00,0,0,0,0,0,0,,,,,,,,,,https://m.media-amazon.com/images/I/617prq8qTEL._SL75_.jpg,,,2026-08-14,2026-08-16T06:00:01.483Z
SJJ-LBB,B0FH2PJPB3,LBB18色挂绳,0,0.00,0,0.00,0,4,0,0,0,4,,,,,,,,,,https://m.media-amazon.com/images/I/710vYT9NvkL._SL75_.jpg,https://amz-client-global-1359221291.cos.ap-guangzhou.myqcloud.com/users/f82eadde-4422-426b-b0ea-29b0ed0c3081/uploads/2025-09-30/73cd161d-f9f5-4f2a-a7e2-83144778e61d.png,,2026-08-14,2026-08-16T06:00:01.483Z
SJJ-LBB,B0FKSSXD1B,SJJ-12PCS玩偶支架,0,0.00,0,0.00,0,0,0,0,0,0,,,,,,,,,,https://m.media-amazon.com/images/I/61fyESfjmqL._SL75_.jpg,,,2026-08-14,2026-08-16T06:00:01.483Z
SJJ-LBB,B0FMK5NV94,8色-LBB挂钩防丢绳,0,0.00,0,0.00,0,0,0,0,0,0,,,,,,,,,,https://m.media-amazon.com/images/I/71t9qnM2w7L._SL75_.jpg,,,2026-08-14,2026-08-16T06:00:01.483Z
SJJ-LBB,B0FZTPN1MR,2Pcs花瓶,0,0.00,0,0.00,0,0,0,0,0,0,,,,,,,,,200,https://m.media-amazon.com/images/I/612QVOZAFGL._SL75_.jpg,,,2026-08-14,2026-08-16T06:00:01.483Z
SBB-副店一号,B0F99J5546,VIVOHOME池塘过滤器海绵,0,0.00,0,0.00,0,225,0,0,0,225,,,,,,,,,,https://m.media-amazon.com/images/I/81LRu4BZ5RL._SL75_.jpg,,,2026-08-14,2026-08-16T06:00:01.483Z
SBB-副店一号,B0FDB5PW57,Babyjorn摇椅替换套,0,0.00,0,0.00,0,59,0,0,5,64,,,,,,,,,,https://m.media-amazon.com/images/I/61hNCjEuDEL._SL75_.jpg,,,2026-08-14,2026-08-16T06:00:01.483Z
SBB-副店一号,B0FPR4N196,,0,0.00,0,0.00,0,0,216,0,11,227,,,,,,,,,,https://m.media-amazon.com/images/I/613PjaXKJnL._SL75_.jpg,,,2026-08-14,2026-08-16T06:00:01.483Z
SBB-副店一号,B0FPX7FKGN,,0,0.00,0,0.00,0,0,0,0,0,0,,,,,,,,,,,,,2026-08-14,2026-08-16T06:00:01.483Z
SBB-副店一号,B0FPX7PP7T,,0,0.00,0,0.00,0,0,0,0,0,0,,,,,,,,,,,,,2026-08-14,2026-08-16T06:00:01.483Z
SBB-副店一号,B0FPX7RP9S,,0,0.00,0,0.00,0,0,0,0,0,0,,,,,,,,,,,,,2026-08-14,2026-08-16T06:00:01.483Z
SBB-副店一号,B0FPX7VQR3,,0,0.00,0,0.00,0,0,0,0,0,0,,,,,,,,,,,,,2026-08-14,2026-08-16T06:00:01.483Z
SBB-副店一号,B0FPX7XRND,,0,0.00,0,0.00,0,0,0,0,0,0,,,,,,,,,,,,,2026-08-14,2026-08-16T06:00:01.483Z
SBB-副店一号,B0FPX8WK3Z,,0,0.00,0,0.00,0,0,0,0,0,0,,,,,,,,,,,,,2026-08-14,2026-08-16T06:00:01.483Z
SBB-副店一号,B0FPX99V3B,,0,0.00,0,0.00,0,0,0,0,0,0,,,,,,,,,,,,,2026-08-14,2026-08-16T06:00:01.483Z
SBB-副店一号,B0FPXD1FXX,,0,0.00,0,0.00,0,0,200,0,1,201,,,,,,,,,,https://m.media-amazon.com/images/I/61SaV3nookL._SL75_.jpg,,,2026-08-14,2026-08-16T06:00:01.483Z
CZH-主店一号,B0CYCGY6NM,战术笔记本A5,71,1419.29,50,2.37,0,0,100,0,29,129,30×25×1,,磨砂袋,,0.2,,"25*30（特价）*磨砂警示语*14丝
https://detail.1688.com/offer/602048545352.html?spm=a360q.8274423%2Fnew.goods.productname",,600,https://m.media-amazon.com/images/I/41NoQiIjdyL.jpg,https://amz-client-global-1359221291.cos.ap-guangzhou.myqcloud.com/users/f82eadde-4422-426b-b0ea-29b0ed0c3081/uploads/2025-11-22/bc0fc64e-0cbe-4b84-9aff-a6bbf2baa7ce.jpg,,2026-08-14,2026-08-16T06:00:01.483Z
CZH-主店一号,B0CYCH1Y2T,战术笔记本A6,10,161.91,10,0.33,0,69,0,0,22,91,25×20×1,,,,0.16,,20*25（特价）*磨砂警示语*14丝https://detail.1688.com/offer/602048545352.html?spm=a360q.8274423%2Fnew.goods.productname,,400,https://m.media-amazon.com/images/I/41NoQiIjdyL.jpg,,,2026-08-14,2026-08-16T06:00:01.483Z
CZH-主店一号,B0D3HJPD2P,梅森罐盖无日期24Wide+24Regular,1598,10696.60,1477,53.27,0,3770,0,0,188,3958,31.5×16×1.65,,,,1.1,,刘师傅31.5*16*1.65,,430,https://m.media-amazon.com/images/I/51b1VVHUe3L.jpg,,,2026-08-14,2026-08-16T06:00:01.483Z
CZH-主店一号,B0D7PL4B1L,梅森罐盖带日期24Wide+24Regular,0,0.00,0,0.00,0,0,0,0,0,0,31.5×16×1.65,,,,1.1,,刘师傅31.5*16*1.65,,430,https://m.media-amazon.com/images/I/516+baqgvZL.jpg,,,2026-08-14,2026-08-16T06:00:01.483Z
CZH-主店一号,B0D8W68JV7,梅森罐盖带日期60Regular,0,0.00,0,0.00,0,0,0,0,0,0,37×15×1.65,,,,1.4,,刘师傅37*15*1.65,,430,https://m.media-amazon.com/images/I/516+baqgvZL.jpg,,,2026-08-14,2026-08-16T06:00:01.483Z
CZH-主店一号,B0DP4868XV,梅森罐盖无日期60Regular,185,1225.37,179,6.17,0,113,0,0,11,124,37×15×16.5,,,,1.4,,刘师傅37*15*1.65,,430,https://m.media-amazon.com/images/I/516+baqgvZL.jpg,,,2026-08-14,2026-08-16T06:00:01.483Z
CZH-主店一号,B0FJ8GRR41,24Pcs四色蝴蝶手链套装,0,0.00,0,0.00,0,0,0,0,0,0,,,,,,,,,,https://m.media-amazon.com/images/I/517QbuCcXDL.jpg,,,2026-08-14,2026-08-16T06:00:01.483Z
CZH-主店一号,B0FJ8N1Q66,24Pcs六色蝴蝶手链套装,0,0.00,0,0.00,0,0,0,0,0,0,,,,,,,,,,https://m.media-amazon.com/images/I/51Ayu8sI5zL.jpg,,,2026-08-14,2026-08-16T06:00:01.483Z
CZH-主店一号,B0FMY425XS,BabyShower派对装饰套装,1,12.99,1,0.03,0,0,0,0,1,1,32×22×3,,,,1.47,,"蓝象黄
https://item.taobao.com/item.htm?id=668074884747&mi_id=00006pdz3vlNctpGe3S9p6hbcnLIby9oYQBKw-HKgbZ-b8E&spm=tbpc.boughtlist.suborder_itemtitle.1.194d2e8dGCqYdP&skuId=4810113384224",,500,https://m.media-amazon.com/images/I/51KLtcfKmeL.jpg,,,2026-08-14,2026-08-16T06:00:01.483Z
CZH-主店一号,B0FMY8F3ST,蓝色鲨鱼吸管装饰,929,18510.74,611,30.97,0,0,504,0,8,512,29×15×10,,飞机盒,,2.52,,"蓝象黄
https://item.taobao.com/item.htm?id=668079136739&mi_id=0000n4Qwn-sIDFE-Nm5BDSwU1znZM81Hr62ju1GxFsT_wtY&skuId=4983661170113&spm=a21xtw.29178619.0.0&xxc=shop",,100,https://m.media-amazon.com/images/I/51UsZKgbH5L.jpg,,,2026-08-14,2026-08-16T06:00:01.483Z
CZH-主店一号,B0FPLZCXZX,写给新娘的Letter套装,0,0.00,0,0.00,0,0,0,0,0,0,24.5×23×5,,,,1.7,,"蓝象黄
https://item.taobao.com/item.htm?id=973860160957&mi_id=0000hSJVF-sdduNEPhK6NY_1J4P2VriKrsMAS8mSXxlgbGw&spm=tbpc.boughtlist.suborder_itemtitle.1.194d2e8dGCqYdP&skuId=6090767731285",,800,https://m.media-amazon.com/images/I/5150XzhcWBL.jpg,https://amz-client-global-1359221291.cos.ap-guangzhou.myqcloud.com/users/f82eadde-4422-426b-b0ea-29b0ed0c3081/uploads/2025-09-30/b6786bf6-87c8-4607-8b89-805284b66c77.png,,2026-08-14,2026-08-16T06:00:01.483Z
CZH-主店一号,B0FT2WPFNG,梅森罐盖无日期36Wide,0,0.00,0,0.00,0,0,0,0,0,0,26.5×18×1.65,,,,2.55,,刘师傅26.5*18*1.65,,430,https://m.media-amazon.com/images/I/516+baqgvZL.jpg,,,2026-08-14,2026-08-16T06:00:01.483Z
CZH-主店一号,B0FT3347D9,梅森罐盖带日期36Wide,10,67.70,9,0.33,0,0,0,0,0,0,26.5×18×1.65,,,,2.55,,刘师傅26.5*18*1.65,,430,https://m.media-amazon.com/images/I/516+baqgvZL.jpg,,,2026-08-14,2026-08-16T06:00:01.483Z
CZH-主店一号,B0FWC2T3BW,S摩托尾翼,0,0.00,0,0.00,0,0,0,0,0,0,25×14×4,,,,0.85,,"蓝象牛皮
https://item.taobao.com/item.htm?id=668475097184&mi_id=0000Khtz1y0g0M7fy2PAcHABPN2Jpvt2gnPDUg9ZfcXV9A0&spm=tbpc.boughtlist.suborder_itemtitle.1.194d2e8dGCqYdP&skuId=4894369332101",,100,https://m.media-amazon.com/images/I/71bzrt0Vx0L.jpg,,,2026-08-14,2026-08-16T06:00:01.483Z
CZH-主店一号,B0FWKNQKHZ,新-304PCS-圆-蛋糕制作套装,0,0.00,0,0.00,0,0,0,0,0,0,21×10×5,,,,0.92,,"蓝象黄
https://item.taobao.com/item.htm?id=669178903982&mi_id=0000X_4wNrUM9Kb4nr9WWAPwylZnuLOoaf_-Kf1Y9r0I3aM&spm=tbpc.boughtlist.suborder_itemtitle.1.441a2e8dJ5JYiV&skuId=4810182040980",,350,https://m.media-amazon.com/images/I/41265LjIEyL.jpg,https://amz-client-global-1359221291.cos.ap-guangzhou.myqcloud.com/users/39a4e8e2-4d63-432c-a953-0ad6dda5e5f4/uploads/2025-10-18/179b98ae-209e-44ba-afbb-1ee74580750d.jpg,,2026-08-14,2026-08-16T06:00:01.483Z
CZH-主店一号,B0FWKQPPCG,新-304PCS-扁-蛋糕制作套装,5,31.96,5,0.17,0,0,0,0,2,2,18×11×5,,,,0,,18x11x5cm，架子的自带包装,,320,https://m.media-amazon.com/images/I/41kIugsTDJL.jpg,https://amz-client-global-1359221291.cos.ap-guangzhou.myqcloud.com/users/f82eadde-4422-426b-b0ea-29b0ed0c3081/uploads/2025-10-17/2dca53fc-cd5b-4515-af19-e3b5008f1960.jpg,,2026-08-14,2026-08-16T06:00:01.483Z
CZH-主店一号,B0G1MQMB8M,FB杯手提,5,39.95,5,0.17,0,0,0,0,0,0,12×8×8,,,,0.91,,"蓝象牛皮
https://item.taobao.com/item.htm?id=669217135652&mi_id=0000RYJlRM9M-F69hSUtzdul40t0-TGvouQK26S2xIWM7hY&skuId=4895549229768&spm=tbpc.boughtlist.suborder_itemtitle.1.75ad2e8dyGN8VM",,170,https://m.media-amazon.com/images/I/41totp8fmPL.jpg,,,2026-08-14,2026-08-16T06:00:01.483Z
CZH-主店一号,B0G2BBF1HD,10PcsOOBlender密封圈,8,47.92,8,0.27,0,0,0,0,32,32,20.5×7×1,,,,0.28,,"205*70*10mm
https://detail.1688.com/offer/632322424307.html?spm=a360q.8274423%2Fnew.goods.productname",,30,https://m.media-amazon.com/images/I/41UdQ2LOoVL.jpg,https://amz-client-global-1359221291.cos.ap-guangzhou.myqcloud.com/users/f82eadde-4422-426b-b0ea-29b0ed0c3081/uploads/2025-11-22/fab6dcbc-0b94-4f31-99e0-ede7e381aa5a.jpg,,2026-08-14,2026-08-16T06:00:01.483Z
CZH-主店一号,B0G2BQS2SS,10PcsR轮胎,0,0.00,0,0.00,0,0,0,0,0,0,35×15×1.6,,,,,,"350*150*16mm
https://detail.1688.com/offer/676264326808.html?spm=a360q.8274423%2Fnew.goods.productname",,180,https://m.media-amazon.com/images/I/411w22yr0-L.jpg,https://amz-client-global-1359221291.cos.ap-guangzhou.myqcloud.com/users/f82eadde-4422-426b-b0ea-29b0ed0c3081/uploads/2025-11-22/4030f1fe-17fc-445d-bb57-ae530edfed08.jpg,,2026-08-14,2026-08-16T06:00:01.483Z
CZH-主店一号,B0G2LZ4S3Q,10PcsR轮子,0,0.00,0,0.00,0,0,0,0,0,0,12×11×5,,,,0.78,,"蓝象黄
https://item.taobao.com/item.htm?id=669217135652&mi_id=0000RYJlRM9M-F69hSUtzdul4_nNyKvGjXTeVQuCiQrUNug&spm=tbpc.boughtlist.suborder_itemtitle.1.67002e8d4sXYI8&skuId=4988321131200",,110,https://m.media-amazon.com/images/I/41A-+Zc7LrL.jpg,https://amz-client-global-1359221291.cos.ap-guangzhou.myqcloud.com/users/f82eadde-4422-426b-b0ea-29b0ed0c3081/uploads/2025-11-22/2f0ac53b-362f-4054-a9dd-391d9b1d1948.jpg,,2026-08-14,2026-08-16T06:00:01.483Z
CZH-主店一号,B0GF1N5T6Z,FB杯手提蓝色,0,0.00,0,0.00,0,0,0,0,0,0,12×8×8,,,,0.91,,"蓝象牛皮
https://item.taobao.com/item.htm?id=669217135652&mi_id=0000RYJlRM9M-F69hSUtzdul40t0-TGvouQK26S2xIWM7hY&skuId=4895549229768&spm=tbpc.boughtlist.suborder_itemtitle.1.75ad2e8dyGN8VM",,170,https://m.media-amazon.com/images/I/41pwlAM7BLL.jpg,,,2026-08-14,2026-08-16T06:00:01.483Z
CZH-主店一号,B0GF226LY2,FB杯手提粉色,0,0.00,0,0.00,0,0,0,0,8,8,12×8×8,,,,0.91,,"蓝象牛皮
https://item.taobao.com/item.htm?id=669217135652&mi_id=0000RYJlRM9M-F69hSUtzdul40t0-TGvouQK26S2xIWM7hY&skuId=4895549229768&spm=tbpc.boughtlist.suborder_itemtitle.1.75ad2e8dyGN8VM",,170,https://m.media-amazon.com/images/I/315TD7w8YQL.jpg,,,2026-08-14,2026-08-16T06:00:01.483Z
CZH-主店一号,B0GF5ZF4G4,14PcsOwala胶圈套装,0,0.00,0,0.00,0,0,0,0,0,0,19×13×1.7,,,,1.14,,"19长方盒（1.7）19*13*1.7CM
https://detail.1688.com/offer/588512234295.html?spm=a360q.8274423%2Fnew.goods.productname",,108,https://m.media-amazon.com/images/I/41QbIJMtnlL.jpg,https://amz-client-global-1359221291.cos.ap-guangzhou.myqcloud.com/users/f82eadde-4422-426b-b0ea-29b0ed0c3081/uploads/2026-01-17/a063db5e-313d-4514-8dd5-5052211b198a.jpg,,2026-08-14,2026-08-16T06:00:01.483Z
CZH-主店一号,B0GJSRJX7M,,0,0.00,0,0.00,0,0,0,0,0,0,,,,,,,,,,https://m.media-amazon.com/images/I/31pBUsR9ZVL.jpg,,,2026-08-14,2026-08-16T06:00:01.483Z
CZH-主店一号,B0GK8JF17L,,0,0.00,0,0.00,0,0,0,0,0,0,,,,,,,,,,https://m.media-amazon.com/images/I/519GgP9eQTL.jpg,,,2026-08-14,2026-08-16T06:00:01.483Z
CZH-主店一号,B0GMGCV2PQ,,6,29.94,6,0.20,0,1,0,0,0,1,10×5×5,,,,0.15,,"长5*宽5CM;高10CM;白卡纸350克
https://detail.1688.com/offer/848283441196.html?spm=a360q.8274423%2Fnew.goods.productname",,50,https://m.media-amazon.com/images/I/41EG3XyBf8L.jpg,,,2026-08-14,2026-08-16T06:00:01.483Z
CZH-主店一号,B0H269MNGL,,0,0.00,0,0.00,0,0,0,0,0,0,,,,,,,,,,https://m.media-amazon.com/images/I/41CiGaZQYfL.jpg,,,2026-08-14,2026-08-16T06:00:01.483Z
CZH-主店一号,B0H2M3VB32,,0,0.00,0,0.00,0,0,0,0,0,0,,,,,,,,,,https://m.media-amazon.com/images/I/31fHiX9fHjL.jpg,,,2026-08-14,2026-08-16T06:00:01.483Z
CZH-主店一号,B0H71CDG4D,,0,0.00,0,0.00,0,0,0,0,0,0,,,,,,,,,,https://m.media-amazon.com/images/I/41AfPjkJb8L.jpg,,,2026-08-14,2026-08-16T06:00:01.483Z
CZH-主店一号,B0H9SGFPL7,,0,0.00,0,0.00,0,0,0,0,0,0,,,,,,,,,,,,,2026-08-14,2026-08-16T06:00:01.483Z
CZH-主店一号,B0H9SHRY9Z,,0,0.00,0,0.00,0,0,0,0,0,0,,,,,,,,,,,,,2026-08-14,2026-08-16T06:00:01.483Z
CZH-主店一号,B0H9SHRYB2,,0,0.00,0,0.00,0,0,0,0,0,0,,,,,,,,,,,,,2026-08-14,2026-08-16T06:00:01.483Z
CZH-主店一号,B0H9SJLBBG,,0,0.00,0,0.00,0,0,0,0,0,0,,,,,,,,,,,,,2026-08-14,2026-08-16T06:00:01.483Z
CZH-主店一号,B0H9SJPZWF,,0,0.00,0,0.00,0,0,0,0,0,0,,,,,,,,,,,,,2026-08-14,2026-08-16T06:00:01.483Z
CZH-主店一号,B0H9SJX7W3,,0,0.00,0,0.00,0,0,100,0,0,100,,,,,,,,,,,,,2026-08-14,2026-08-16T06:00:01.483Z
CZH-主店一号,B0H9SMDMH6,,0,0.00,0,0.00,0,0,0,0,0,0,,,,,,,,,,,,,2026-08-14,2026-08-16T06:00:01.483Z
CZH-主店一号,B0H9SPY74Q,,0,0.00,0,0.00,0,0,0,0,0,0,,,,,,,,,,,,,2026-08-14,2026-08-16T06:00:01.483Z
CZH-主店一号,B0H9SQ8B2R,,0,0.00,0,0.00,0,0,0,0,0,0,,,,,,,,,,,,,2026-08-14,2026-08-16T06:00:01.483Z
CZH-主店一号,B0H9SQMP8P,,0,0.00,0,0.00,0,0,0,0,0,0,,,,,,,,,,,,,2026-08-14,2026-08-16T06:00:01.483Z
CZH-主店一号,B0H9SQYDRB,,0,0.00,0,0.00,0,0,0,0,0,0,,,,,,,,,,,,,2026-08-14,2026-08-16T06:00:01.483Z
CZH-主店一号,B0H9SWF9Z4,,0,0.00,0,0.00,0,0,0,0,0,0,,,,,,,,,,,,,2026-08-14,2026-08-16T06:00:01.483Z
CZH-主店一号,B0HB6N81NF,,0,0.00,0,0.00,0,0,0,0,0,0,19×16×1.4,,,,0.48,,"规格型号: 400g白卡;190*165*14mm

https://detail.1688.com/offer/706749307891.html?spm=a360q.8274423%2Fnew.goods.productname",,137,https://m.media-amazon.com/images/I/519FIkrOXFL.jpg,,,2026-08-14,2026-08-16T06:00:01.483Z
CZH-主店一号,B0HB77CY81,,0,0.00,0,0.00,0,0,120,0,0,120,20.5×17.5×1.5,,,,0.49,,"规格型号: 350g白卡纸;205*175*15mm

https://detail.1688.com/offer/632322424307.html?spm=a360q.8274423%2Fnew.goods.productname",,160,https://m.media-amazon.com/images/I/414spFAWgoL.jpg,,,2026-08-14,2026-08-16T06:00:01.483Z
CZH-主店一号,B0HB7JRCD6,,0,0.00,0,0.00,0,0,120,0,0,120,20.5×17.5×1.5,,,,0.49,,"规格型号: 350g白卡纸;205*175*15mm

https://detail.1688.com/offer/632322424307.html?spm=a360q.8274423%2Fnew.goods.productname",,160,https://m.media-amazon.com/images/I/414spFAWgoL.jpg,,,2026-08-14,2026-08-16T06:00:01.483Z
CZH-主店一号,B0HBKJFMMR,,0,0.00,0,0.00,0,0,200,0,0,200,,,,,,,,,,https://m.media-amazon.com/images/I/41Cw77MsklL.jpg,,,2026-08-14,2026-08-16T06:00:01.483Z
CZH-主店一号,B0HBKMD3NW,,0,0.00,0,0.00,0,0,210,0,0,210,,,,,,,,,,,,,2026-08-14,2026-08-16T06:00:01.483Z
CZH-主店一号,B0HBN5LHZL,,0,0.00,0,0.00,0,0,120,0,0,120,17×13×1,,,,0.37,,https://detail.1688.com/offer/645046090193.html?spm=a360q.8274423%2Fnew.goods.productname,,150,https://m.media-amazon.com/images/I/41n3-glkeDL.jpg,,,2026-08-14,2026-08-16T06:00:01.483Z
CZH-主店一号,B0HBN71MVS,,0,0.00,0,0.00,0,0,120,0,0,120,23×16.5×1.5,,,,0.52,,"规格型号: 350g白卡纸;230*165*15mm

https://detail.1688.com/offer/670097877629.html?spm=a360q.8274423%2Fnew.goods.productname",,160,https://m.media-amazon.com/images/I/31-IFXJJlJL.jpg,,,2026-08-14,2026-08-16T06:00:01.483Z
CZH-主店一号,B0HBN7S6ZX,,0,0.00,0,0.00,0,0,0,0,0,0,,,,,,,,,,https://m.media-amazon.com/images/I/21zHyUAghgL.jpg,,,2026-08-14,2026-08-16T06:00:01.483Z
CZH-主店一号,B0HBND3T3G,,0,0.00,0,0.00,0,0,120,0,0,120,23×16.5×1.5,,,,0.52,,"规格型号: 350g白卡纸;230*165*15mm

https://detail.1688.com/offer/670097877629.html?spm=a360q.8274423%2Fnew.goods.productname",,160,https://m.media-amazon.com/images/I/31snPqS8EJL.jpg,,,2026-08-14,2026-08-16T06:00:01.483Z