店铺,ASIN,FNSKU,商品标题,产品中文名,销量,销售额,订单数,日均销量,Vine赠品销量(已扣除),可售,入库中,不可售,预留,FBA总量,包装尺寸1(长×宽×高cm),包装尺寸2(长×宽×高cm),包装类型1,包装类型2,单品重量(g),图片URL,产品图片1,产品图片2,销售数据截止,库存数据截止
TZH-主店二号,B0FG2XQ7G3,X004QS94MD,Hard Protective Case for Ray-Ban Meta Smart Glasses – Compatible with Wayfarer/Skyler/Headliner & Charging Box – Durable Travel Eyewear Case with Soft Interior & Wrist Strap (Black),雷朋眼镜盒保护盒,0,0.00,0,0.00,0,0,0,0,3,3,,,,,150,https://m.media-amazon.com/images/I/41fJzzX5QOL.jpg,,,2026-08-09,2026-08-10T06:00:03.234Z
TZH-主店二号,B0FL2BPTB5,X004SD22LB,"6 Pack Doll Stand Holder Compatible with 6.8 Inch Dolls, Not Include Dolls",TZH-6PCS玩偶支架,100,775.03,99,3.33,0,220,0,0,5,225,10×7.5×7,,,,140,https://m.media-amazon.com/images/I/319FFwQ9yTL.jpg,,,2026-08-09,2026-08-10T06:00:03.234Z
TZH-主店二号,B0FL2CZBH4,X004SDDFTJ,"12 Pack Doll Stand Holder Compatible with 6.8 Inch Dolls, Not Include Dolls",TZH-12PCS玩偶支架,436,5546.73,360,14.53,0,557,115,0,116,788,14×7.5×7,,,,188.6,https://m.media-amazon.com/images/I/319FFwQ9yTL.jpg,,,2026-08-09,2026-08-10T06:00:03.234Z
TZH-主店二号,B0FPR3XSX2,X004TR4Z1V,"6 Pack Universal Two-Way Radio Holster with Adjustable Shoulder Holster Strap, Heavy Duty Walkie Talkie Pouch for Security, Outdoor Hiking, Firefighter & Construction, Hands-Free Radio Holder Case",6Pcs无线电收纳,0,0.00,0,0.00,0,0,0,0,0,0,23×15×9,,,,400,https://m.media-amazon.com/images/I/41HUbKSVZkL.jpg,,,2026-08-09,2026-08-10T06:00:03.234Z
TZH-主店二号,B0FQNYHWP1,X004U1XJ1X,JUMRIM 6 Pack Kpop Lightstick Stand Holder,6PcsKpop支架,94,929.07,86,3.13,0,168,100,0,5,273,13×8×6,,飞机盒,,120,https://m.media-amazon.com/images/I/31emn58XspL.jpg,,,2026-08-09,2026-08-10T06:00:03.234Z
TZH-主店二号,B0FRG9XKP8,X004UBMFGX,"JUMRIM Racing Throttle Handle with Rolling Bearing, Black PA Material, Electric Bike Throttle Grips with Cable for Sur Ron Light Bee X, S, X160, X260",S油门把手,2,25.98,2,0.07,0,0,0,0,1,1,17×9×7,,,,240,https://m.media-amazon.com/images/I/41RCYgYyKgL.jpg,,,2026-08-09,2026-08-10T06:00:03.234Z
TZH-主店二号,B0GTPYQY5Z,X0051PSIEF,"Trnjctayr 2 Pack Nylon Strap Bands Compatible with Hume Band, Adjustable Braided Replacement Strap for Hume Health Tracker, Breathable Sport Loop Wristbands for Men Women",,3,11.97,3,0.10,2,3,0,0,0,3,8×18×0.5,,,,10,https://m.media-amazon.com/images/I/512OUzE4OzL.jpg,,,2026-08-09,2026-08-10T06:00:03.234Z
TZH-主店二号,B0GVWD8KR9,X00528GGEZ,Silicone Replacement Leak-Proof Set Compatible with Ninja BlendBOSS Smoothie Blender Tumbler | 3-in-1 Protective Boot & Straw Stopper & Spill-Proof Lid Seal Ring for 26oz Travel Tumbler (Purple),,1,0.00,1,0.03,0,1,0,0,11,12,28×7×1.8,15×8×1.7,,,67,https://m.media-amazon.com/images/I/31saJr94ghL.jpg,,,2026-08-09,2026-08-10T06:00:03.234Z
TZH-主店二号,B0GVWF66T8,X00528QE65,Silicone Replacement Leak-Proof Set Compatible with Ninja BlendBOSS Smoothie Blender Tumbler | 3-in-1 Protective Boot & Straw Stopper & Spill-Proof Lid Seal Ring for 26oz Travel Tumbler (Pink),,0,0.00,0,0.00,0,0,0,0,0,0,28×7×1.8,15×8×1.7,,,67,https://m.media-amazon.com/images/I/31iQPOfKJHL.jpg,,,2026-08-09,2026-08-10T06:00:03.234Z
TZH-主店二号,B0GVWKW4Y1,X00528NAWV,Silicone Replacement Leak-Proof Set Compatible with Ninja BlendBOSS Smoothie Blender Tumbler | 3-in-1 Protective Boot & Straw Stopper & Spill-Proof Lid Seal Ring for 26oz Travel Tumbler (Green),,0,0.00,0,0.00,0,0,0,0,0,0,28×7×1.8,15×8×1.7,,,67,https://m.media-amazon.com/images/I/31iQPOfKJHL.jpg,,,2026-08-09,2026-08-10T06:00:03.234Z
TZH-主店二号,B0GVWPCJRW,X00528NGCP,Silicone Replacement Leak-Proof Set Compatible with Ninja BlendBOSS Smoothie Blender Tumbler | 3-in-1 Protective Boot & Straw Stopper & Spill-Proof Lid Seal Ring for 26oz Travel Tumbler (Stone Grey),,1,5.99,1,0.03,0,2,0,0,8,10,28×7×1.8,15×8×1.7,,,67,https://m.media-amazon.com/images/I/31w3IV3V8jL.jpg,,,2026-08-09,2026-08-10T06:00:03.234Z
TZH-主店二号,B0GVWQK5BT,X00528HXQZ,Silicone Replacement Leak-Proof Set Compatible with Ninja BlendBOSS Smoothie Blender Tumbler | 3-in-1 Protective Boot & Straw Stopper & Spill-Proof Lid Seal Ring for 26oz Travel Tumbler (Sky Blue),,0,0.00,0,0.00,0,0,0,0,0,0,28×7×1.8,15×8×1.7,,,67,https://m.media-amazon.com/images/I/31iQPOfKJHL.jpg,,,2026-08-09,2026-08-10T06:00:03.234Z
TZH-主店二号,B0GVXGBY1W,X00528GTSX,Silicone Replacement Leak-Proof Set Compatible with Ninja BlendBOSS Smoothie Blender Tumbler | 3-in-1 Protective Boot & Straw Stopper & Spill-Proof Lid Seal Ring for 26oz Travel Tumbler (Dark Blue),,2,11.98,2,0.07,0,1,0,0,10,11,28×7×1.8,15×8×1.7,,,67,https://m.media-amazon.com/images/I/31iQPOfKJHL.jpg,,,2026-08-09,2026-08-10T06:00:03.234Z
TZH-主店二号,B0GVY49NQG,X005290VEP,"6 Pack Replacement Silicone Seal & Stopper Set Compatible with Ninja BlendBOSS Blender Tumbler 26OZ, 3 Leak-Proof Gaskets & 3 Spill-Proof Lid Stoppers, Food-Grade BPA-Free O-Ring Parts (Light Gray)",,0,0.00,0,0.00,1,2,0,0,9,11,28×7×1.8,15×8×1.7,,,95,https://m.media-amazon.com/images/I/31TQze95JwL.jpg,,,2026-08-09,2026-08-10T06:00:03.234Z
TZH-主店二号,B0GVY4B31K,X00529923B,"6 Pack Replacement Silicone Seal & Stopper Set Compatible with Ninja BlendBOSS Blender Tumbler 26OZ, 3 Leak-Proof Gaskets & 3 Spill-Proof Lid Stoppers, Food-Grade BPA-Free O-Ring Parts (Green)",,0,0.00,0,0.00,0,0,0,0,0,0,28×7×1.8,15×8×1.7,,,95,https://m.media-amazon.com/images/I/41Vg1ysYlEL.jpg,,,2026-08-09,2026-08-10T06:00:03.234Z
TZH-主店二号,B0GVY4DFMJ,X00529922R,"6 Pack Replacement Silicone Seal & Stopper Set Compatible with Ninja BlendBOSS Blender Tumbler 26OZ, 3 Leak-Proof Gaskets & 3 Spill-Proof Lid Stoppers, Food-Grade BPA-Free O-Ring Parts (Pink)",,0,0.00,0,0.00,0,0,0,0,0,0,28×7×1.8,15×8×1.7,,,95,https://m.media-amazon.com/images/I/41Vg1ysYlEL.jpg,,,2026-08-09,2026-08-10T06:00:03.234Z
TZH-主店二号,B0GVY78V83,X005293F6B,"6 Pack Replacement Silicone Seal & Stopper Set Compatible with Ninja BlendBOSS Blender Tumbler 26OZ, 3 Leak-Proof Gaskets & 3 Spill-Proof Lid Stoppers, Food-Grade BPA-Free O-Ring Parts (Purple)",,0,0.00,0,0.00,0,3,0,0,10,13,28×7×1.8,15×8×1.7,,,95,https://m.media-amazon.com/images/I/31Rhw8tVQiL.jpg,,,2026-08-09,2026-08-10T06:00:03.234Z
TZH-主店二号,B0GVYB51LC,X005298ZV1,"6 Pack Replacement Silicone Seal & Stopper Set Compatible with Ninja BlendBOSS Blender Tumbler 26OZ, 3 Leak-Proof Gaskets & 3 Spill-Proof Lid Stoppers, Food-Grade BPA-Free O-Ring Parts (Sky Blue)",,0,0.00,0,0.00,0,0,0,0,0,0,28×7×1.8,15×8×1.7,,,95,https://m.media-amazon.com/images/I/41Vg1ysYlEL.jpg,,,2026-08-09,2026-08-10T06:00:03.234Z
TZH-主店二号,B0GVYT1NGB,X005293CFZ,"6 Pack Replacement Silicone Seal & Stopper Set Compatible with Ninja BlendBOSS Blender Tumbler 26OZ, 3 Leak-Proof Gaskets & 3 Spill-Proof Lid Stoppers, Food-Grade BPA-Free O-Ring Parts (Dark Blue)",,0,0.00,0,0.00,0,1,0,0,9,10,28×7×1.8,15×8×1.7,,,95,https://m.media-amazon.com/images/I/41Vg1ysYlEL.jpg,,,2026-08-09,2026-08-10T06:00:03.234Z
TZH-主店二号,B0GVYTYDKY,X0052C7LNB,"8 Pack Keychain Cap Compatible with Summer Fridays 0.5 Oz Lip Balm, Snug Fit Silicone Cap Cover with Key Ring, Lip Gloss Keychain for Women Purse, Backpack and Travel Accessories (No Lip Balm)",,6,24.95,5,0.20,0,1,0,0,22,23,,,,,120,https://m.media-amazon.com/images/I/41vPGERAwTL.jpg,,,2026-08-09,2026-08-10T06:00:03.234Z
TZH-主店二号,B0GWDQVFQ2,X0052FWHR3,"Stainless Steel Inner Pot Compatible with Aroma Rice Cooker, 2Qt",,85,1678.27,84,2.83,0,0,184,4,17,205,19×19×11,,,,340,https://m.media-amazon.com/images/I/31F-WbY9X9L.jpg,,,2026-08-09,2026-08-10T06:00:03.234Z
TZH-主店二号,B0GWFHTRCX,X0052FXRQN,"Stainless Steel Inner Pot Compatible with AROMA Rice Cooker, 5Qt",,145,3754.68,144,4.83,0,1,328,1,23,353,24×15×24,,瓦楞盒,,550,https://m.media-amazon.com/images/I/31FDnrjImKL.jpg,https://amz-client-global-1359221291.cos.ap-guangzhou.myqcloud.com/users/f82eadde-4422-426b-b0ea-29b0ed0c3081/uploads/2026-08-07/e00e8a28-8f25-448b-adc5-056522e1e41d.jpg,,2026-08-09,2026-08-10T06:00:03.234Z
TZH-主店二号,B0GWHHR895,X0052GBZ1L,Gripper Seat Cover Compatible with Yozma IN10 Electric Dirt Bike(Red),,14,279.86,14,0.47,1,135,20,0,44,199,23×9×4,,,,122,https://m.media-amazon.com/images/I/41TBBuQsjCL.jpg,,,2026-08-09,2026-08-10T06:00:03.234Z
TZH-主店二号,B0GWHY7DZR,X0052G8FHN,Gripper Seat Cover Compatible with Yozma IN10 Electric Dirt Bike(Black),,39,739.63,38,1.30,0,295,45,0,3,343,23×9×4,,,,122,https://m.media-amazon.com/images/I/41XMpvUbjfL.jpg,,,2026-08-09,2026-08-10T06:00:03.234Z
TZH-主店二号,B0GWMTGJ45,X0052JAGOF,Gripper Seat Cover Compatible with Yozma IN10 Electric Dirt Bike(Orange),,1,19.99,1,0.03,0,42,0,0,1,43,23×9×4,23×9×4,,,122,https://m.media-amazon.com/images/I/41I6YzkMpjL.jpg,,,2026-08-09,2026-08-10T06:00:03.234Z
TZH-主店二号,B0GWZ1JMYS,X0052NZQ8R,Gripper Seat Cover Compatible with Yozma IN10 Electric Dirt Bike(White),,34,659.67,34,1.13,0,93,20,0,43,156,23×9×4,,,,122,https://m.media-amazon.com/images/I/41q+ZTYGKzL.jpg,,,2026-08-09,2026-08-10T06:00:03.234Z
TZH-主店二号,B0GXKN1R6F,X0052YNV7T,"Replacement Glass Straw Compatible with Ninja BlendBOSS Smoothie Blender Travel Tumbler, Reusable & Durable Clear Straw with Cleaning Brush Fit for Ninja BlendBOSS 26oz Cup (1 Pack)",,0,0.00,0,0.00,0,0,0,0,22,22,28×7×1.8,15×8×1.7,,,87,https://m.media-amazon.com/images/I/31ABFzcgpKL.jpg,https://amz-client-global-1359221291.cos.ap-guangzhou.myqcloud.com/users/f82eadde-4422-426b-b0ea-29b0ed0c3081/uploads/2026-04-17/3c2eed62-0463-4e11-903e-25522ee6fc30.png,,2026-08-09,2026-08-10T06:00:03.234Z
TZH-主店二号,B0GXKNL93X,X0052YAT2J,"Replacement Glass Straw Compatible with Ninja BlendBOSS Smoothie Blender Travel Tumbler, Reusable & Durable Clear Straw with Cleaning Brush Fit for Ninja BlendBOSS 26oz Cup (2 Pack)",,0,0.00,0,0.00,0,4,0,0,15,19,28×7×1.8,15×8×1.7,,,112,https://m.media-amazon.com/images/I/31ABFzcgpKL.jpg,https://amz-client-global-1359221291.cos.ap-guangzhou.myqcloud.com/users/f82eadde-4422-426b-b0ea-29b0ed0c3081/uploads/2026-04-17/5a9b2ae7-260e-45bf-9364-3189d396711a.png,,2026-08-09,2026-08-10T06:00:03.234Z
TZH-主店二号,B0GY94BD4W,X00539UWW5,Stainless Steel Inner Pot Compatible with Zojirushi NS-TSC10 Rice Cooker,,62,1507.42,62,2.07,0,4,130,0,13,147,21×21×12,,瓦楞盒,,700,https://m.media-amazon.com/images/I/31JYhvIWCiL.jpg,https://amz-client-global-1359221291.cos.ap-guangzhou.myqcloud.com/users/f82eadde-4422-426b-b0ea-29b0ed0c3081/uploads/2026-08-07/523076f6-c01a-45df-94d6-269e0e6aea1b.jpg,,2026-08-09,2026-08-10T06:00:03.234Z
TZH-主店二号,B0GYDS1VWD,X0053C1S9X,"24 Pack Charm Chain for Purse, Gold Swivel Snap Hook Keychain, Alloy Bag Charm Chain for DIY Jewelry Making",,59,231.42,54,1.97,0,0,0,0,26,26,9.5×6.5×1.6,,,,120,https://m.media-amazon.com/images/I/51+85GJ-kPL.jpg,,,2026-08-09,2026-08-10T06:00:03.234Z
TZH-主店二号,B0GYF9RK5Y,X0053EDTOD,"Card Grading Submission Kit for PSA, BGS, SGC, CGC with Foam Shipping Box",,155,2818.59,143,5.17,0,6,272,0,81,359,25×19×10,,瓦楞盒,,456,https://m.media-amazon.com/images/I/41ScUXPF+uL.jpg,https://amz-client-global-1359221291.cos.ap-guangzhou.myqcloud.com/users/f82eadde-4422-426b-b0ea-29b0ed0c3081/uploads/2026-08-07/95284ceb-8f31-4a58-b62f-1a0227f85e2a.jpg,https://amz-client-global-1359221291.cos.ap-guangzhou.myqcloud.com/users/f82eadde-4422-426b-b0ea-29b0ed0c3081/uploads/2026-08-07/195bc336-35c9-4002-aa27-46487ab5f607.jpg,2026-08-09,2026-08-10T06:00:03.234Z
TZH-主店二号,B0GZW586ZF,X0053ZHYD9,"Wearable Breast Pump Case Compatible with Eufy E20 S1, Holds 2 Pumps",,46,899.55,46,1.53,20,0,232,0,19,251,1×1×1,,白卡扣底盒,,200,https://m.media-amazon.com/images/I/41B5ztFXA8L.jpg,https://amz-client-global-1359221291.cos.ap-guangzhou.myqcloud.com/users/f82eadde-4422-426b-b0ea-29b0ed0c3081/uploads/2026-08-07/8c38391e-ab1e-483d-b40a-d453de15201c.jpg,,2026-08-09,2026-08-10T06:00:03.234Z
TZH-主店二号,B0H25MK5M8,X0054DI2EP,"4 Pack Rear Shock Absorber Cover for eBike & Dirt Bike, 10.62 Inch",,17,139.86,15,0.57,1,108,1,0,4,113,28×11×4,15×11×6,,,122,https://m.media-amazon.com/images/I/41dDjUKGLpL.jpg,,,2026-08-09,2026-08-10T06:00:03.234Z
TZH-主店二号,B0H35Z5GV8,X0054XFGDZ,8 Pack Clear Mahjong Card Sleeves Compatible with NMJL Scorecard,,199,1908.09,181,6.63,0,91,290,0,16,397,16×13.75×1.3,,自封PP袋,,185,https://m.media-amazon.com/images/I/31wnZiFFW9L.jpg,https://amz-client-global-1359221291.cos.ap-guangzhou.myqcloud.com/users/f82eadde-4422-426b-b0ea-29b0ed0c3081/uploads/2026-08-07/7f62d04a-6097-42e8-9ad4-02de329b6ef1.jpg,,2026-08-09,2026-08-10T06:00:03.234Z
TZH-主店二号,B0H366YPGD,X0054XIHZT,12 Pack All-Around Protective Kit Compatible with Garmin Forerunner 165,,84,819.18,80,2.80,0,91,101,0,5,197,15.5×11.5×1.8,,,,40,https://m.media-amazon.com/images/I/41aYSxkrh2L.jpg,,,2026-08-09,2026-08-10T06:00:03.234Z
TZH-主店二号,B0H36KW9N8,X0054XU4AF,"2 Pack Squeeze Dish Soap Dispenser, 12 oz Refillable Leak-Proof Bottle",,135,499.50,131,4.50,0,0,395,0,50,445,16×6×12,,白卡盒,,100,https://m.media-amazon.com/images/I/31UCP+u4DSL.jpg,,,2026-08-09,2026-08-10T06:00:03.234Z
TZH-主店二号,B0H36NTQY2,X00552QZH1,22PCS Breast Pump Replacement Parts Compatible with Eufy E10/E20/S1/S1 Pro,,84,1481.22,82,2.80,29,39,0,0,6,45,18.5×12.5×4.2,,塑料盒,,195,https://m.media-amazon.com/images/I/41weYSmFiaL.jpg,,,2026-08-09,2026-08-10T06:00:03.234Z
TZH-主店二号,B0H36VYNDC,X0054XY56T,"2 Pack Blank Needlepoint Canvas 13 Mesh 19"" x 17"", Cotton Embroidery Fabric",,67,944.37,61,2.23,0,65,472,0,4,541,5×5×44,,,,181,https://m.media-amazon.com/images/I/31PhzghMXQL.jpg,,,2026-08-09,2026-08-10T06:00:03.234Z
TZH-主店二号,B0H451QSK6,X0055BKJUB,Gripper Seat Cover Compatible with Yozma IN10 Electric Dirt Bike(Yellow),,1,19.99,1,0.03,0,42,0,0,0,42,23×9×4,,,,122,https://m.media-amazon.com/images/I/41RgX7VvLpL.jpg,,,2026-08-09,2026-08-10T06:00:03.234Z
TZH-主店二号,B0H451T7PF,X0055BN6MJ,Gripper Seat Cover Compatible with Yozma IN10 Electric Dirt Bike(Green),,2,39.98,2,0.07,0,41,0,0,0,41,23×9×4,,,,122,https://m.media-amazon.com/images/I/41+0LEpGFyL.jpg,,,2026-08-09,2026-08-10T06:00:03.234Z
TZH-主店二号,B0H453GHTS,X0055BLPSV,Gripper Seat Cover Compatible with Yozma IN10 Electric Dirt Bike(Purple),,23,459.77,23,0.77,0,0,0,0,0,0,23×9×4,,,,122,https://m.media-amazon.com/images/I/41XMpvUbjfL.jpg,,,2026-08-09,2026-08-10T06:00:03.234Z
TZH-主店二号,B0H454WDFF,X0055BK6HR,Gripper Seat Cover Compatible with Yozma IN10 Electric Dirt Bike (Blue),,10,179.91,10,0.33,0,27,0,0,1,28,23×9×4,,,,122,https://m.media-amazon.com/images/I/41lP5fxCLgL.jpg,,,2026-08-09,2026-08-10T06:00:03.234Z
TZH-主店二号,B0H45JL95Q,X0055CF7O3,"4-Pack Heavy-Duty Replacement Fans for Snap Circuits, 3D Printed Propeller",,36,494.67,34,1.20,16,15,201,0,5,221,22×9×1.3,,,,50,https://m.media-amazon.com/images/I/41JCqalCxKL.jpg,,,2026-08-09,2026-08-10T06:00:03.234Z
TZH-主店二号,B0H4BBYVR9,X0055CFEOB,2 Pack Replacement Flip Straw Lid Only for HydroJug 40 oz Tumbler (Black),,9,103.92,9,0.30,11,39,60,0,1,100,23.5×12×4,,飞机盒,,230,https://m.media-amazon.com/images/I/41lPkbBauML.jpg,,,2026-08-09,2026-08-10T06:00:03.234Z
TZH-主店二号,B0H4GMWHNQ,X0055EJNKZ,"8 Pack Kpop Lightstick Strap Lanyard, Adjustable Crossbody Shoulder Strap",8条四色肩带,177,1718.28,176,5.90,23,0,370,0,6,376,1×1×1,,白卡盒,,240,https://m.media-amazon.com/images/I/41u4iOXIoKL.jpg,,,2026-08-09,2026-08-10T06:00:03.234Z
TZH-主店二号,B0H4GQMV11,X0055EOWK1,Trnjctayr 4 Pack Stackable Incline Riser Blocks for Walking Pad & Treadmill,,64,631.41,64,2.13,15,71,410,0,5,486,16.5×8×8,,,,180,https://m.media-amazon.com/images/I/51Zr1e86WOL.jpg,,,2026-08-09,2026-08-10T06:00:03.234Z
TZH-主店二号,B0H4GRQNW5,X0055ER61N,Trnjctayr 4 Pack Stackable Incline Riser Blocks for Walking Pad & Treadmill,,4,67.96,4,0.13,9,37,120,0,0,157,16.5×16×8,17×9.5×15,,瓦楞盒,360,https://m.media-amazon.com/images/I/51tEkv4GklL.jpg,,,2026-08-09,2026-08-10T06:00:03.234Z
TZH-主店二号,B0H4GSWH3T,X0055EK1VZ,Trnjctayr 4 Pack Stackable Incline Riser Blocks for Walking Pad & Treadmill,,2,28.98,2,0.07,6,42,120,0,0,162,16×13×8,18×9.3×12.2,,瓦楞盒,406,https://m.media-amazon.com/images/I/51ggJ0saAlL.jpg,,,2026-08-09,2026-08-10T06:00:03.234Z
TZH-主店二号,B0H4GTCBH2,X0055NBKFR,"4 Pack Treadmill Incline Riser Blocks, Stackable Height Adjusters (4)",,8,55.93,8,0.27,5,86,0,0,4,90,14.5×8×8,,,,200,https://m.media-amazon.com/images/I/51u8ZH2fnOL.jpg,,,2026-08-09,2026-08-10T06:00:03.234Z
TZH-主店二号,B0H4GWDVHD,X0055ET2KB,"8 Pack Treadmill Incline Riser Blocks, Stackable Height Adjusters (8)",,54,527.49,53,1.80,25,22,180,0,2,204,14.5×14×8,,飞机盒,,370,https://m.media-amazon.com/images/I/51u8ZH2fnOL.jpg,,,2026-08-09,2026-08-10T06:00:03.234Z
TZH-主店二号,B0H5Q7T54W,X0055VG1XZ,"4 Pack Replacement Lid Compatible with Hydrojug 40 oz only, Replacement Flip Straw Lid for HydroJug 40 oz Tumbler (Beige + Pink + Navy Blue + Black)",,3,33.98,3,0.10,10,64,0,0,2,66,,,,,460,https://m.media-amazon.com/images/I/41uhu0NW8-L.jpg,,,2026-08-09,2026-08-10T06:00:03.234Z
TZH-主店二号,B0H5QB58R6,X0055VK5QJ,2 Pack Replacement Flip Straw Lid Only for HydroJug 40 oz Tumbler(NavyBlue),,0,0.00,0,0.00,2,57,0,0,0,57,23.5×12×4,,,,230,https://m.media-amazon.com/images/I/41sdNuVoxRL.jpg,,,2026-08-09,2026-08-10T06:00:03.234Z
TZH-主店二号,B0H5QCYCV4,X0055VGZ4Z,2 Pack Replacement Flip Straw Lid Only for HydroJug 40 oz Tumbler (Pink),,55,701.46,55,1.83,4,0,280,0,1,281,23.5×12×4,,,,230,https://m.media-amazon.com/images/I/41WmpfPDmYL.jpg,https://amz-client-global-1359221291.cos.ap-guangzhou.myqcloud.com/users/f82eadde-4422-426b-b0ea-29b0ed0c3081/uploads/2026-08-07/f8d4abf4-dd78-4e6f-887b-c62809f3c02a.jpg,,2026-08-09,2026-08-10T06:00:03.234Z
TZH-主店二号,B0H5RKCN5B,X0055WC4Z3,2-Pack Lid Opening Tool Compatible with Hydrojug Tumbler 32 oz & 40 oz Only,,26,284.81,25,0.87,30,22,128,0,50,200,21.8×5.8×1.7,,白卡盒,,100,https://m.media-amazon.com/images/I/31XXzolbPNL.jpg,https://amz-client-global-1359221291.cos.ap-guangzhou.myqcloud.com/users/f82eadde-4422-426b-b0ea-29b0ed0c3081/uploads/2026-08-07/76edddd7-093f-4e99-b12e-6372901f621c.jpg,,2026-08-09,2026-08-10T06:00:03.234Z
TZH-主店二号,B0H5W4HJGM,X0055Y7GO5,2 Pack Replacement Flip Straw Lid Only for HydroJug 40 oz Tumbler (Cream),,44,558.57,44,1.47,11,2,240,0,2,244,23.5×12×4,,飞机盒,,230,https://m.media-amazon.com/images/I/41lx+GbRIrL.jpg,https://amz-client-global-1359221291.cos.ap-guangzhou.myqcloud.com/users/f82eadde-4422-426b-b0ea-29b0ed0c3081/uploads/2026-08-07/54353c83-f8ca-4bd3-8731-f0ec952ff69b.jpg,,2026-08-09,2026-08-10T06:00:03.234Z
TZH-主店二号,B0H6TTFPPQ,X0056ET3IL,Stroller Snack Tray Attachment Compatible with Baby Jogger City Mini GT2,,0,0.00,0,0.00,0,0,85,0,15,100,,,,,618,https://m.media-amazon.com/images/I/41+GncVd8HL.jpg,,,2026-08-09,2026-08-10T06:00:03.234Z
TZH-主店二号,B0H6V2TXYM,X0056F07RB,Heavy-Duty Air Cushion Strap Compatible with Veto Pro Pac Bags,,14,179.88,14,0.47,10,73,32,0,19,124,15×9×7,,飞机盒,,250,https://m.media-amazon.com/images/I/41bCuTFIJ+L.jpg,https://amz-client-global-1359221291.cos.ap-guangzhou.myqcloud.com/users/f82eadde-4422-426b-b0ea-29b0ed0c3081/uploads/2026-08-07/6415db66-8d42-4b1d-a208-427be1173f6e.jpg,,2026-08-09,2026-08-10T06:00:03.234Z
TZH-主店二号,B0H6XH6KNV,X0056GE8HP,7-Piece Felt Drawer Organizer Compatible with IKEA Alex Drawers Unit,,6,67.96,4,0.20,3,27,12,0,13,52,,,,,,https://m.media-amazon.com/images/I/41sHtN+P3uL.jpg,,,2026-08-09,2026-08-10T06:00:03.234Z
TZH-主店二号,B0H6XH6RLN,X0056GDUU1,7-Piece Felt Drawer Organizer Compatible with IKEA Alex Drawers Unit,,3,50.97,2,0.10,7,27,12,0,11,50,,,,,,https://m.media-amazon.com/images/I/41m39jHFTsL.jpg,,,2026-08-09,2026-08-10T06:00:03.234Z
TZH-主店二号,B0H714P11S,X0056IC0OB,"2 Pack Universal Ebike Plate Compatible with Q20, S1/S2/Y1/RX, X1S/X/X2 etc",,0,0.00,0,0.00,0,0,0,0,0,0,,,,,,https://m.media-amazon.com/images/I/21-opJHw6bL.jpg,,,2026-08-09,2026-08-10T06:00:03.234Z
TZH-主店二号,B0H7JL7WTR,X0056P5XZ7,Stainless Steel Inner Pot Compatible with CUCKOO CR-0675FW Rice Cooker,,2,0.00,2,0.07,0,0,84,0,36,120,,,,,900,https://m.media-amazon.com/images/I/31IFPVW9qGL.jpg,,,2026-08-09,2026-08-10T06:00:03.234Z
TZH-主店二号,B0H7JQCJ61,X0056ZP6X1,Stainless Steel Inner Pot Compatible with Tiger JBV-A10U Rice Cooker,,1,0.00,1,0.03,0,0,44,0,16,60,,,,,500,https://m.media-amazon.com/images/I/31FH-eK-NFL.jpg,,,2026-08-09,2026-08-10T06:00:03.234Z
TZH-主店二号,B0H7SJHR4W,X0056S5JYJ,"100PCS 3D Printer Clicker Insert, Note No Metal Pins, Blue Clicky Tactile",100个键盘轴,9,0.00,7,0.30,0,0,156,0,39,195,21.9×15.6×1.7,,塑料盒,,,https://m.media-amazon.com/images/I/51XFyP5SiXL.jpg,https://amz-client-global-1359221291.cos.ap-guangzhou.myqcloud.com/users/f82eadde-4422-426b-b0ea-29b0ed0c3081/uploads/2026-08-07/c67417ee-9dff-4f21-8051-ddb186f4da21.jpg,,2026-08-09,2026-08-10T06:00:03.234Z
TZH-主店二号,B0H8LNWM5P,X00572WYLZ,Trnjctayr Kitten Bottle Feeding Kit for Newborn Puppy and Small Pets,,0,0.00,0,0.00,0,0,120,0,0,120,,,,,60,https://m.media-amazon.com/images/I/11p4A86BxOL.jpg,,,2026-08-09,2026-08-10T06:00:03.234Z
TZH-主店二号,B0H8M2M3PP,X00572WBR7,Heavy Duty 420H Gold Chain 132 Link Compatible with Yozma IN10,,0,0.00,0,0.00,0,0,120,0,0,120,22.5×11×5,,,,1400,https://m.media-amazon.com/images/I/318kH6vj5CL.jpg,,,2026-08-09,2026-08-10T06:00:03.234Z
TZH-主店二号,B0H8RZQPVK,X00575XM6D,Heavy-Duty Sourdough Cooling Rack with Dough & Bench Scrapers,,0,0.00,0,0.00,0,0,120,0,0,120,43.5×28.7×2.7,,,,500,https://m.media-amazon.com/images/I/51YWtYT4RPL.jpg,,,2026-08-09,2026-08-10T06:00:03.234Z
TZH-主店二号,B0HCZT8BMB,X00588XCZF,Stainless Steel Inner Pot Compatible with Aroma 2Qt Rice Cooker,,0,0.00,0,0.00,0,0,120,0,0,120,18×18×11,,瓦楞盒,,340,https://m.media-amazon.com/images/I/31nN2lij4kL.jpg,,,2026-08-09,2026-08-10T06:00:03.234Z
TZH-主店二号,B0HD6C9GT9,X0058B42CT,Stainless Steel Inner Pot Compatible with AROMA 5Qt Rice Cooker,,0,0.00,0,0.00,0,0,0,0,0,0,,,,,,https://m.media-amazon.com/images/I/417MXRLXs4L.jpg,,,2026-08-09,2026-08-10T06:00:03.234Z
LPH-主店三号-US,B0FSXJQ73Q,X004USZCH5,"Dollform 2 PCS Toilet Handle Compatible with Mansfield Flush Valve Systems, Replacement Toilet Tank Flush Lever for Mansfield Front Mount, Chrome Finish Handle",MANS马桶冲水开关,0,0.00,0,0.00,0,0,0,0,0,0,27×8×4,,,,112,https://m.media-amazon.com/images/I/31t2U-0J5IL.jpg,,,2026-08-09,2026-08-10T06:00:03.234Z
LPH-主店三号-US,B0FWC7WNCB,X004VJU6M9,"On-The-Go Storage Bag Compatible with Salad Pod 4.5 Cups, Durable Bag Only",沙拉罐收纳袋,136,1038.70,133,4.53,0,667,0,1,7,675,23×16×3,,,,141,https://m.media-amazon.com/images/I/41lrLThQWvL.jpg,,,2026-08-09,2026-08-10T06:00:03.234Z
LPH-主店三号-US,B0FWJ6BW9K,X004VM3K47,"24-Slot Wooden Championship Ring Display Case - Personalized Name Wall Mount Sports Ring Holder for Baseball, Softball, Basketball Medals, Sports Memorabilia Shelf Decor for Men, Boys & Coaches Gifts",戒指展示柜,20,379.81,19,0.67,0,21,0,0,2,23,1×1×1,,,,550,https://m.media-amazon.com/images/I/51Nbj8F8NVL.jpg,,,2026-08-09,2026-08-10T06:00:03.234Z
LPH-主店三号-US,B0FWKCXWY6,X004VMSVQT,"Dollform 12 PCS Hand Sanitizer Holder Keychain Set, Leak-Proof Travel Size Empty Hand Sanitizer Bottles (1oz/30ml), Portable Refillable Liquid Dispenser for Backpack, Purse & Diaper Bag (12 Colors)",12Pcs洗手液套装,110,1817.93,92,3.67,0,200,120,0,16,336,19×10×8,,,,331,https://m.media-amazon.com/images/I/515rTJpD3IL.jpg,,,2026-08-09,2026-08-10T06:00:03.234Z
LPH-主店三号-US,B0FWKD1L3W,X004VMSKU1,"4 Pack Retractable Lanyard with Badge Holders for ID Card Badges & Cruise Ships Cards - Hands-Free & Waterproof Badge Holder with Lanyard and Badge Reel Clip for Commuters, Office ID, Work Badge Reel",4Pcs吊牌保护套,0,0.00,0,0.00,0,0,0,0,0,0,19×18×1.6,,,,110,https://m.media-amazon.com/images/I/41LZ3aN305L.jpg,,,2026-08-09,2026-08-10T06:00:03.234Z
LPH-主店三号-US,B0FWKFH1H8,X004VMRLZL,"Tool Pouch for Ladder - Oxford Fabric Ladder Tool Bag, Universal for A-Frame Extension Ladder, Ladder Tool Holder Compatible with Little Giant Ladders, Electrician & Contractor Work Belt Accessories",货梯包,0,0.00,0,0.00,0,0,0,0,0,0,30×13×12,,,,572,https://m.media-amazon.com/images/I/412H1eQnV1L.jpg,,,2026-08-09,2026-08-10T06:00:03.234Z
LPH-主店三号-US,B0FY2WZLGG,X004W6JOQZ,10 Pack Silicone Mouthpiece Replacement Compatible with Brita Water Bottle,10PcsB硅胶嘴,267,2597.40,262,8.90,0,261,240,0,149,650,13×8×4,,飞机盒,,145,https://m.media-amazon.com/images/I/311xovmvm3L.jpg,https://amz-client-global-1359221291.cos.ap-guangzhou.myqcloud.com/users/f82eadde-4422-426b-b0ea-29b0ed0c3081/uploads/2026-08-07/6546823e-d3db-467c-9000-fd4f295c5909.jpg,,2026-08-09,2026-08-10T06:00:03.234Z
LPH-主店三号-US,B0FY2XXG9F,X004W8JFIF,"6 Pack Replacement Seal Gaskets Compatible with OmieBox Bento Box Lid, Silicone Lid Seal Gasket for OmieBox, Leak-Proof Seal Ring Accessory, Keep Freshness, BPA-Free Kids Lunch Box Replacement Parts",3Pcs浅蓝色O饭盒密封垫,0,0.00,0,0.00,0,0,0,0,0,0,,,,,,https://m.media-amazon.com/images/I/41YtgJvSAmL.jpg,,,2026-08-09,2026-08-10T06:00:03.234Z
LPH-主店三号-US,B0FY31HN9D,X004W8K4XF,"6 Pack Replacement Seal Gaskets Compatible with OmieBox Bento Box Lid, Silicone Lid Seal Gasket for OmieBox, Leak-Proof Seal Ring Accessory, Keep Freshness, BPA-Free Kids Lunch Box Replacement Parts",3Pcs紫色O饭盒密封垫,0,0.00,0,0.00,0,0,0,0,0,0,,,,,,https://m.media-amazon.com/images/I/419oKiQ-W0L.jpg,,,2026-08-09,2026-08-10T06:00:03.234Z
LPH-主店三号-US,B0FY31WV9L,X004W8K4XP,"6 Pack Replacement Seal Gaskets Compatible with OmieBox Bento Box Lid, Silicone Lid Seal Gasket for OmieBox, Leak-Proof Seal Ring Accessory, Keep Freshness, BPA-Free Kids Lunch Box Replacement Parts",3Pcs蓝色O饭盒密封垫,0,0.00,0,0.00,0,0,0,0,0,0,,,,,,https://m.media-amazon.com/images/I/41tUGi5DcNL.jpg,,,2026-08-09,2026-08-10T06:00:03.234Z
LPH-主店三号-US,B0FY32B4PW,X004W8NBU3,"6 Pack Replacement Seal Gaskets Compatible with OmieBox Bento Box Lid, Silicone Lid Seal Gasket for OmieBox, Leak-Proof Seal Ring Accessory, Keep Freshness, BPA-Free Kids Lunch Box Replacement Parts",3Pcs白色O饭盒密封垫,0,0.00,0,0.00,0,0,0,0,0,0,,,,,,https://m.media-amazon.com/images/I/31eg6M4zGwL.jpg,,,2026-08-09,2026-08-10T06:00:03.234Z
LPH-主店三号-US,B0FY32P4CL,X004W8N6ZD,"6 Pack Replacement Seal Gaskets Compatible with OmieBox Bento Box Lid, Silicone Lid Seal Gasket for OmieBox, Leak-Proof Seal Ring Accessory, Keep Freshness, BPA-Free Kids Lunch Box Replacement Parts",3Pcs橙色O饭盒密封垫,0,0.00,0,0.00,0,0,0,0,0,0,,,,,,https://m.media-amazon.com/images/I/41wFBIXkDrL.jpg,,,2026-08-09,2026-08-10T06:00:03.234Z
LPH-主店三号-US,B0FY34NY1V,X004W8MG5J,"6 Pack Replacement Seal Gaskets Compatible with OmieBox Bento Box Lid, Silicone Lid Seal Gasket for OmieBox, Leak-Proof Seal Ring Accessory, Keep Freshness, BPA-Free Kids Lunch Box Replacement Parts",3Pcs萝卜色O饭盒密封垫,0,0.00,0,0.00,0,0,0,0,0,0,,,,,,https://m.media-amazon.com/images/I/41nHXFfzAxL.jpg,,,2026-08-09,2026-08-10T06:00:03.234Z
LPH-主店三号-US,B0FYF131Z1,X004WAE2R7,"2 Pack Golf Ball Cleaner Pouch, Waterproof Golf Club Washer with Carabiner",2Pcs高尔夫清洁套,138,2158.65,112,4.60,0,435,217,0,135,787,20×20×4.5,,,,290,https://m.media-amazon.com/images/I/41h-SQc5eiL.jpg,,,2026-08-09,2026-08-10T06:00:03.234Z
LPH-主店三号-US,B0FZSM95JC,X004WJO4F3,"Universal Rain Cover Compatible with Nuna Stroller, Waterproof Weather Shield, Clear Protective Cover with Ventilation, Travel-Ready Stroller Accessory",Nu婴儿车罩,0,0.00,0,0.00,0,0,0,0,0,0,30×26×1.65,,,,200,https://m.media-amazon.com/images/I/41xW9y8w8XL.jpg,,,2026-08-09,2026-08-10T06:00:03.234Z
LPH-主店三号-US,B0FZSY68B2,X004WJDIRN,"400 Pack Butter Wrapping Paper Set, 200 Pcs Aluminum Packaging Wrapping Sheets and 200 Pcs Silicone Oil Sheets, 9.84 x 9.84 and 8.66 x 8.66 Inches, for Homemade Butter Storage and Chocolate Packaging",400Pcs黄油收纳套装,41,819.59,41,1.37,0,161,22,0,13,196,26.5×26×3,,,,1050,https://m.media-amazon.com/images/I/31Dm+iWZIhL.jpg,,,2026-08-09,2026-08-10T06:00:03.234Z
LPH-主店三号-US,B0FZT4JBTF,X004WJSC9R,180 Count Cat Litter Box Liners Compatible with Petcove & Ducksky Automatic Self-Cleaning Cat Litter Box Bags - Drawstring Cat Litter Bags - Heavy Duty Tear-Resistant & Leak-Proof Refills,180Pcs猫砂袋,37,699.65,36,1.23,0,58,0,0,4,62,29×16×9,,,,1999,https://m.media-amazon.com/images/I/413W8koN0oL.jpg,,,2026-08-09,2026-08-10T06:00:03.234Z
LPH-主店三号-US,B0G2BL89SH,X004WY8HPV,"6 Pcs Changing Pad Liners Compatible with Keekaroo Peanut Changer, White",6PcsKee垫,235,4537.73,232,7.83,0,317,240,0,44,601,34×20×4,,,,530,https://m.media-amazon.com/images/I/318OXMyr+uL.jpg,https://amz-client-global-1359221291.cos.ap-guangzhou.myqcloud.com/users/f82eadde-4422-426b-b0ea-29b0ed0c3081/uploads/2026-01-17/b1d51c2a-e339-4961-81fb-28d5b244aa6c.jpg,,2026-08-09,2026-08-10T06:00:03.234Z
LPH-主店三号-US,B0G2BR58FK,X004WY2SVP,"Carrying Bag Compatible with Graco Pack n Play, Lightweight & Waterproof",Gra收纳包,587,9162.27,578,19.57,0,600,580,3,161,1344,24×20×4,,飞机盒,,500,https://m.media-amazon.com/images/I/31OmEvHSEcL.jpg,https://amz-client-global-1359221291.cos.ap-guangzhou.myqcloud.com/users/f82eadde-4422-426b-b0ea-29b0ed0c3081/uploads/2026-08-07/7526664e-7839-49da-92dc-6308380f3741.jpg,,2026-08-09,2026-08-10T06:00:03.234Z
LPH-主店三号-US,B0G2BVWMMP,,"Universal Stroller Rain Cover Compatible with Graco, Waterproof Stroller Cover - Clear Weather Shield, Breathable Windproof Protection for Travel Strollers",Gra婴儿车罩,0,0.00,0,0.00,0,0,0,0,0,0,37×29×1.5,,,,240,,https://amz-client-global-1359221291.cos.ap-guangzhou.myqcloud.com/users/a4e037ee-6fe5-4428-bb2d-4a981f8b78f2/uploads/2025-11-15/1eb276f8-dd00-4382-82b9-7bb44cb56216.jpg,,2026-08-09,2026-08-10T06:00:03.234Z
LPH-主店三号-US,B0G2BYPP3C,X004WYA1NH,"2 Pack Exercise Ball Pump Compatible with Bosu Balance Trainer, Portable Hand Air Pump for Exercise Ball - Fast Inflation Hand Ball Pump Replacements for Bosu Balls, Yoga Balls, Fitness Equipment",2Pcs充气泵,0,0.00,0,0.00,0,0,0,0,0,0,25.5×11×6,,,,190,https://m.media-amazon.com/images/I/41mnFh6orJL.jpg,,,2026-08-09,2026-08-10T06:00:03.234Z
LPH-主店三号-US,B0G2C7D1SM,X004WYAELL,"1 Pair eBike Handlebar Grips Compatible with Ridstar Q20-7/8"" 22mm & 24mm Motorcycle Grips Replacement with Non-Slip Design, Soft Rubber Hand Grips for Dirt Bike, Bicycle Accessories",R20把手,0,0.00,0,0.00,0,0,0,0,0,0,15×10×6,,,,220,https://m.media-amazon.com/images/I/41ZJWfw9qYL.jpg,https://amz-client-global-1359221291.cos.ap-guangzhou.myqcloud.com/users/a4e037ee-6fe5-4428-bb2d-4a981f8b78f2/uploads/2025-11-15/ecf66af9-38d6-430a-9950-520a44b10394.png,,2026-08-09,2026-08-10T06:00:03.234Z
LPH-主店三号-US,B0G4X9DYRD,X004XNN021,"Dollform Nylon Sport Replacement Strap Compatible with Amazfit Helio Band, Adjustable Loop Arm Strap - Breathable & Sweatproof Wristband for Fitness Tracker (Grey)",Ama表带灰色,0,0.00,0,0.00,0,0,0,0,1,1,,,,,55,https://m.media-amazon.com/images/I/415n-aPQgCL.jpg,,,2026-08-09,2026-08-10T06:00:03.234Z
LPH-主店三号-US,B0G4ZW7HLD,X004XOJO2F,"Dollform Nylon Sport Replacement Strap Compatible with Amazfit Helio Band, Adjustable Loop Arm Strap - Breathable & Sweatproof Wristband for Fitness Tracker (Midnight-Blue)",Ama表带蓝色,1,3.99,1,0.03,0,0,0,0,0,0,,,,,55,https://m.media-amazon.com/images/I/415n-aPQgCL.jpg,,,2026-08-09,2026-08-10T06:00:03.234Z
LPH-主店三号-US,B0G5131JKM,X004XOC85P,"Dollform Nylon Sport Replacement Strap Compatible with Amazfit Helio Band, Adjustable Loop Arm Strap - Breathable & Sweatproof Wristband for Fitness Tracker (Black)",Ama表带黑色,12,43.89,12,0.40,0,0,0,0,5,5,,,,,55,https://m.media-amazon.com/images/I/515bLf7A03L.jpg,,,2026-08-09,2026-08-10T06:00:03.234Z
LPH-主店三号-US,B0G5132KBX,X004XOI593,"Dollform Nylon Sport Replacement Strap Compatible with Amazfit Helio Band, Adjustable Loop Arm Strap - Breathable & Sweatproof Wristband for Fitness Tracker (Navy Blue)",Ama表带深蓝色,5,19.95,5,0.17,0,1,0,0,0,1,,,,,55,https://m.media-amazon.com/images/I/51HjT65ARpL.jpg,,,2026-08-09,2026-08-10T06:00:03.234Z
LPH-主店三号-US,B0G517WLDZ,X004XOKS39,"Dollform Nylon Sport Replacement Strap Compatible with Amazfit Helio Band, Adjustable Loop Arm Strap - Breathable & Sweatproof Wristband for Fitness Tracker (Orange)",Ama表带橙色,0,0.00,0,0.00,0,0,0,0,0,0,,,,,55,https://m.media-amazon.com/images/I/415n-aPQgCL.jpg,,,2026-08-09,2026-08-10T06:00:03.234Z
LPH-主店三号-US,B0G51DK4YX,X004XOC84L,"Dollform Nylon Sport Replacement Strap Compatible with Amazfit Helio Band, Adjustable Loop Arm Strap - Breathable & Sweatproof Wristband for Fitness Tracker (Beige)",Ama表带卡其色,7,23.94,7,0.23,0,0,0,0,1,1,,,,,55,https://m.media-amazon.com/images/I/415n-aPQgCL.jpg,,,2026-08-09,2026-08-10T06:00:03.234Z
LPH-主店三号-US,B0G52D3YWJ,X004XPAS9H,"Tissue Box Cover Compatible with Kleenex Tissue - Soft PU Leather Tissue Box Holder Fits Most Tissues for Living Room, Bathroom, Bedroom, Office & Home Decor (8.8''×4.8''×4.8'' Flat Box)",klee纸巾套长方形,0,0.00,0,0.00,0,1,0,0,0,1,25.5×18×1.3,,,,120,https://m.media-amazon.com/images/I/41+ODTCsygL.jpg,https://amz-client-global-1359221291.cos.ap-guangzhou.myqcloud.com/users/f82eadde-4422-426b-b0ea-29b0ed0c3081/uploads/2026-01-17/2b88ffb7-9c53-4e32-aa45-376898c56a2a.jpg,,2026-08-09,2026-08-10T06:00:03.234Z
LPH-主店三号-US,B0G52GF51W,X004XP9O97,"Tissue Box Cover Compatible with Kleenex Tissue - Soft PU Leather Tissue Box Holder Fits Most Tissues for Living Room, Bathroom, Bedroom, Office & Home Decor (4.5''×4.5''×5.2'' Upright Box)",klee纸巾套正方形,2,11.98,2,0.07,0,0,0,0,0,0,20×14×1.6,,,,152.5,https://m.media-amazon.com/images/I/31vNhwbG3XL.jpg,https://amz-client-global-1359221291.cos.ap-guangzhou.myqcloud.com/users/f82eadde-4422-426b-b0ea-29b0ed0c3081/uploads/2026-01-17/6d96dc45-074a-486b-8241-f8ef4f1fca1b.jpg,,2026-08-09,2026-08-10T06:00:03.234Z
LPH-主店三号-US,B0G52H2CL5,X004XPBHKV,"Tissue Box Cover Compatible with Kleenex Tissue - Soft PU Leather Tissue Box Holder Fits Most Tissues for Living Room, Bathroom, Bedroom, Office & Home Decor (8.8''×4.8''×4.8'' (for 260 Tissues))",klee纸巾套套装,0,0.00,0,0.00,0,0,0,0,0,0,,,,,,https://m.media-amazon.com/images/I/4120j9rS1-L.jpg,,,2026-08-09,2026-08-10T06:00:03.234Z
LPH-主店三号-US,B0G57JYVXN,X004XQTOEV,3 Pcs Replacement Straw Lid Set Compatible with Hydro Flask Bottle Only,3PCS盖子Takeya,281,2617.38,272,9.37,0,139,200,0,54,393,27×8×5,,飞机盒,,210,https://m.media-amazon.com/images/I/41HHLl4w2nL.jpg,https://amz-client-global-1359221291.cos.ap-guangzhou.myqcloud.com/users/f82eadde-4422-426b-b0ea-29b0ed0c3081/uploads/2026-08-07/ec6934b2-87c5-474f-9bbf-7f9f7cc3c71a.png,https://amz-client-global-1359221291.cos.ap-guangzhou.myqcloud.com/users/f82eadde-4422-426b-b0ea-29b0ed0c3081/uploads/2026-08-07/f94205a0-9d22-42a3-b897-2401e01767aa.jpg,2026-08-09,2026-08-10T06:00:03.234Z
LPH-主店三号-US,B0G58J9G7P,X004XQZAYT,"Dollform 12 Pcs Replacement Leak Stopper Compatible with Thermos Funtainer 16oz Stainless Steel Bottle, Silicone Lid Gaskets and Straw Seals for Water Bottle Replacement Parts (6+6)",12PCS胶圈套装Thermos,5,35.96,5,0.17,0,8,0,0,32,40,6.5×5×5,,,,60,https://m.media-amazon.com/images/I/41YMj1B6E+L.jpg,,,2026-08-09,2026-08-10T06:00:03.234Z
LPH-主店三号-US,B0G8HN1Y93,X004Y8FV6D,"Dollform Replacement Zipper Pulls Compatible with RTIC and Other Soft Coolers - Heavy Duty T-Latch & Clippable Zipper Pull Fit for Day Cooler, Tumbler, Backpack, Lunch Bag & Universal - 4 Pack",4PCS拉链RTIC,0,0.00,0,0.00,0,1,0,0,0,1,9×7.2×1.5,,,,80,https://m.media-amazon.com/images/I/41S4pkyNAEL.jpg,,,2026-08-09,2026-08-10T06:00:03.234Z
LPH-主店三号-US,B0G8XXCJ2X,X004YA8YZ1,"2 PCS Storage Bag Compatible with Salad Pod 4.5 Cups, Bag Only Protective",2pcs沙拉罐收纳袋,90,1091.16,86,3.00,0,213,180,0,14,407,23×16×5,,,,345,https://m.media-amazon.com/images/I/418EaP+np8L.jpg,,,2026-08-09,2026-08-10T06:00:03.234Z
LPH-主店三号-US,B0G91V37GH,X004YJ4MMV,12 Pack Replacement Filters Compatible with Momcozy KleanPal Pro Washer,12pcs过滤器momcozy,152,3742.56,151,5.07,0,89,298,0,67,454,12.5×8×12.5,,瓦楞扣底盒,,190,https://m.media-amazon.com/images/I/41RKX5WlHQL.jpg,https://amz-client-global-1359221291.cos.ap-guangzhou.myqcloud.com/users/f82eadde-4422-426b-b0ea-29b0ed0c3081/uploads/2026-08-07/b5fa8bfa-1547-4f8d-a174-c2ab07d42083.jpg,,2026-08-09,2026-08-10T06:00:03.234Z
LPH-主店三号-US,B0GCCRNMHK,X004YG59XF,"Replacement Wrist Straps for Meta Quest 3 & 3S Controller, 4PCS",,226,2107.89,217,7.53,0,0,234,0,153,387,20.5×12.5×0.5,,透明珠光袋,,10,https://m.media-amazon.com/images/I/41cKVtT4bRL.jpg,https://amz-client-global-1359221291.cos.ap-guangzhou.myqcloud.com/users/f82eadde-4422-426b-b0ea-29b0ed0c3081/uploads/2026-08-07/89af37b5-4ffe-48b7-9994-64ff6e5b850d.jpg,,2026-08-09,2026-08-10T06:00:03.234Z
LPH-主店三号-US,B0GD6G5L61,X004YLRNI9,Nylon Replacement Strap Compatible with Hume Band - Breathable & Sweatproof Sport Loop for Hume Health Band - Metal Buckle & Loop Closure for Secure - Adjustable Wristband Strap for Fitness Tracker (Light Gray),新HB手环灰色,2,5.98,2,0.07,0,5,0,0,15,20,6×19×1,,,,20,https://m.media-amazon.com/images/I/41GGuEGRK9L.jpg,,,2026-08-09,2026-08-10T06:00:03.234Z
LPH-主店三号-US,B0GD6WFV99,X004YLRN57,Nylon Replacement Strap Compatible with Hume Band - Breathable & Sweatproof Sport Loop for Hume Health Band - Metal Buckle & Loop Closure for Secure - Adjustable Wristband Strap for Fitness Tracker (Deep Blue),新HB手环蓝色,3,8.97,3,0.10,0,1,0,0,3,4,6×19×1,,,,20,https://m.media-amazon.com/images/I/416G9PTugGL.jpg,,,2026-08-09,2026-08-10T06:00:03.234Z
LPH-主店三号-US,B0GGH41FDJ,X004Z43WAX,"Dollform 2-Pack Magnetic Rod for Classroom Whiteboard - Adjustable 17-30 Inch Anchor Chart Holder for Teachers - Heavy Duty Magnetic Calendar Holder for Metal Doors, Office, Hanging Posters & Maps",新2pcs黑板磁铁,0,0.00,0,0.00,0,0,0,0,0,0,41.5×8×7,,,,480,https://m.media-amazon.com/images/I/41YCQ6HdxoL.jpg,https://amz-client-global-1359221291.cos.ap-guangzhou.myqcloud.com/users/f82eadde-4422-426b-b0ea-29b0ed0c3081/uploads/2026-01-17/c9839638-5ebe-4d9d-b811-241a74f66ab5.jpg,,2026-08-09,2026-08-10T06:00:03.234Z
LPH-主店三号-US,B0GGHCPDV3,X004Z4EZN1,"Replacement Beaters Compatible with Sunbeam Mixmaster, 304 Stainless Steel",一对尖头搅拌器Sunbeam,48,719.55,48,1.60,0,35,75,0,13,123,20×7×6,14×22×1,,,250,https://m.media-amazon.com/images/I/41f0pCGwzaL.jpg,,,2026-08-09,2026-08-10T06:00:03.234Z
LPH-主店三号-US,B0GGHJCFHB,X004Z4GWBJ,Replacement Mixer Beaters Compatible with Sunbeam Mixmaster 100-86659 & 11C,一对平头搅拌器Sunbeam,41,607.62,40,1.37,0,28,76,1,11,116,20×7×6,,,,250,https://m.media-amazon.com/images/I/41IeLlUiwVL.jpg,,,2026-08-09,2026-08-10T06:00:03.234Z
LPH-主店三号-US,B0GGQRSCM1,X004Z618J3,4 Sets 50mm Silent Luggage Wheels Replacement Kit Compatible with Samsonite,轮子替换套装Samsonite,67,1104.35,66,2.23,0,67,64,0,23,154,10×10×4,,飞机盒,,393,https://m.media-amazon.com/images/I/51JXIRP+XoL.jpg,,,2026-08-09,2026-08-10T06:00:03.234Z
LPH-主店三号-US,B0GGRLM9Z9,X004Z5Z07Z,"Controller & Power Adapter Mounting Bracket Kit Compatible with Govee H706/H705 Permanent Outdoor Lights, Heavy-Duty Screw-Fix Holder, Box Mount for Secure Cable Management & Weather Protection",govee电源保护壳,15,149.85,11,0.50,0,4,0,0,0,4,17.5×8.5×5,,,,145,https://m.media-amazon.com/images/I/4101My1PkML.jpg,,,2026-08-09,2026-08-10T06:00:03.234Z
LPH-主店三号-US,B0GGYSVPSX,X004Z7W3TL,"Y-Splitter Cable Compatible with Govee Permanent Outdoor Lights H705A H705B H705C & Pro, 3-Pin IP68 Waterproof Extension Connector for Roof Peaks & Middle Starts, DIY Layout Accessory",GOVEE线1母2公,0,0.00,0,0.00,0,3,0,0,0,3,11.5×9.5×1.8,,,,56,https://m.media-amazon.com/images/I/411Nanz47ML.jpg,,,2026-08-09,2026-08-10T06:00:03.234Z
LPH-主店三号-US,B0GGZ1ZN5M,X004Z7MWXX,"Vessel Cap & Blade Cover Set Compatible with Ninja Blast Portable Blender BC100 & BC151 Series – Leakproof Sip Spout Cap & Bottom Base Protector for Travel, Gym, and Storage – BPA-Free Accessories",底部保护器ninja,17,135.83,16,0.57,0,33,0,0,2,35,8×8×6.5,,,,76,https://m.media-amazon.com/images/I/41io7TEVo7L.jpg,,,2026-08-09,2026-08-10T06:00:03.234Z
LPH-主店三号-US,B0GH74B4RK,X004ZAZVFB,"Champion Ring Display Case - Wooden Personalized Name Ring Holder for Baseball, Softball Medals and Rings Competition Awards - Wall Mounted Sports Memorabilia Shelf Decor - Gifts for Boys, Girls, Men",新戒指展示架白色,4,87.96,4,0.13,0,11,0,0,0,11,37×36.5×5,,,,550,https://m.media-amazon.com/images/I/512f-rE460L.jpg,,,2026-08-09,2026-08-10T06:00:03.234Z
LPH-主店三号-US,B0GHQRM96K,X004ZEFGPR,"Bow Hanger for Truck & SUV Headrest – Heavy Duty Compound/Recurve Bow Alloy Holder for Vehicle Seat – Anti-Scratch Rubber Coating, Quick Access Archery Hunting Gear Organizer & Safe Transport Storage",,0,0.00,0,0.00,0,0,0,0,0,0,,,,,,https://m.media-amazon.com/images/I/71snQqB7Z1L._SL75_.jpg,,,2026-08-09,2026-08-10T06:00:03.234Z
LPH-主店三号-US,B0GHW55JGW,X004ZFU8UJ,Cheese Curler Intended for Girolle – Stainless Steel Cheese Shaver & Slicer for Tête de Moine for Making Cheese Flowers – Curler Wheel Cutter for Charcuterie Boards & Chocolate (Base NOT Include),芝士切割器,1,9.99,1,0.03,0,0,0,0,0,0,,,,,134,https://m.media-amazon.com/images/I/31HsiONnhwL.jpg,,,2026-08-09,2026-08-10T06:00:03.234Z
LPH-主店三号-US,B0GHXZ3LWF,,"Wipes Container Compatible with Huggies - Portable Reusable Wipes Bag Pouches - Travel Wet Wipes Dispenser - Refillable Wipe Holder Case - Wipe Bags Pouch for Diaper Bag for Outdoor, Bathroom and More",4PCS湿巾保护套,0,0.00,0,0.00,0,0,0,0,0,0,26×26×1.6,,,,144,,,,2026-08-09,2026-08-10T06:00:03.234Z
LPH-主店三号-US,B0GHYCGQ4C,X004ZI0OUP,Ink Refill Kit Compatible with HP Smart Tank 6001 7001 7006 7301 7602 5101 5000 Printers – Replacement for HP 31 & 32XL Ink Bottle Set - High Yield for Smart Tank 551 450 651 and More Models Printers,墨水补充剂,1,25.99,1,0.03,0,0,0,0,0,0,28×14×6,,,,1010,https://m.media-amazon.com/images/I/41NelL40q+L.jpg,,,2026-08-09,2026-08-10T06:00:03.234Z
LPH-主店三号-US,B0GJ3M3G9D,X004ZHNDPT,"Crystal Clear Case for Nothing Ear (3), Ultra-Clear Anti-Yellowing Transparent Cover, Shockproof Hard TPU Protective Skin for Nothing Earbuds (3) (2025) with Carabiner (Crystal Clear)",透明款耳机保护套,0,0.00,0,0.00,0,0,0,0,0,0,,,,,36.7,https://m.media-amazon.com/images/I/317kFFQPj0L.jpg,https://amz-client-global-1359221291.cos.ap-guangzhou.myqcloud.com/users/aa507b44-2556-4e09-bf76-88d4e716b41d/uploads/2026-01-30/68b5db24-75f7-4d93-a0d3-7d2c7cd600a9.png,,2026-08-09,2026-08-10T06:00:03.234Z
LPH-主店三号-US,B0GJDG4Q7C,X004ZJWEEN,"Crystal Clear Case for Nothing Ear (3), Ultra-Clear Anti-Yellowing Transparent Cover, Shockproof Hard TPU Protective Skin for Nothing Earbuds (3) (2025) with Carabiner, Support Wireless Charging",灰色款耳机保护套,0,0.00,0,0.00,0,0,0,0,1,1,,,,,36.7,https://m.media-amazon.com/images/I/41VFvFwqFQL.jpg,https://amz-client-global-1359221291.cos.ap-guangzhou.myqcloud.com/users/aa507b44-2556-4e09-bf76-88d4e716b41d/uploads/2026-01-30/84e79a08-8270-4798-a5bf-67514dd6e9de.png,,2026-08-09,2026-08-10T06:00:03.234Z
LPH-主店三号-US,B0GJDHSSVY,X004ZJQZNJ,"Crystal Clear Case for Nothing Ear (3), Ultra-Clear Anti-Yellowing Transparent Cover, Shockproof Hard TPU Protective Skin for Nothing Earbuds (3) (2025) with Carabiner, Support Wireless Charging",橙色款耳机保护套,0,0.00,0,0.00,0,0,0,0,0,0,,,,,36.7,https://m.media-amazon.com/images/I/41wPJt4+hLL.jpg,https://amz-client-global-1359221291.cos.ap-guangzhou.myqcloud.com/users/aa507b44-2556-4e09-bf76-88d4e716b41d/uploads/2026-01-30/9e189dd0-97a3-4224-9cb3-4ccf204ce00f.png,,2026-08-09,2026-08-10T06:00:03.234Z
LPH-主店三号-US,B0GKM2W6NK,X004ZTLFAH,Nylon Replacement Strap Compatible with Hume Band - Breathable & Sweatproof Sport Loop for Hume Health Band - Metal Buckle & Loop Closure for Secure - Adjustable Wristband Strap for Fitness Tracker (Orange),,0,0.00,0,0.00,0,0,0,0,0,0,,,,,10,https://m.media-amazon.com/images/I/41MKi2DOSXL.jpg,https://amz-client-global-1359221291.cos.ap-guangzhou.myqcloud.com/users/aa507b44-2556-4e09-bf76-88d4e716b41d/uploads/2026-01-30/47cc1a97-0851-4398-918e-bbb99a04b400.jpg,,2026-08-09,2026-08-10T06:00:03.234Z
LPH-主店三号-US,B0GKM9ZFHW,X004ZTY1JJ,3 Pack Nylon Replacement Strap Compatible with Hume Band - Breathable & Sweatproof Sport Loop for Hume Health Band - Metal Buckle & Loop Closure - Adjustable Wristband Strap for Fitness Tracker (Black-Navy Green-Orange),,2,15.98,2,0.07,0,2,0,0,6,8,10×18×1,,,,31,https://m.media-amazon.com/images/I/41oE4sZeu8L.jpg,https://amz-client-global-1359221291.cos.ap-guangzhou.myqcloud.com/users/aa507b44-2556-4e09-bf76-88d4e716b41d/uploads/2026-01-30/605b7fef-be15-4647-a3da-b6f3de669e73.jpg,,2026-08-09,2026-08-10T06:00:03.234Z
LPH-主店三号-US,B0GKMFXBLN,X004ZTW8RL,3 Pack Nylon Replacement Strap Compatible with Hume Band - Breathable & Sweatproof Sport Loop for Hume Health Band - Metal Buckle & Loop Closure - Adjustable Wristband Strap for Fitness Tracker (Light Gray-Pink-Orange),,4,31.96,4,0.13,0,0,0,0,5,5,18×10×1,,,,31,https://m.media-amazon.com/images/I/41EPOk6wngL.jpg,https://amz-client-global-1359221291.cos.ap-guangzhou.myqcloud.com/users/aa507b44-2556-4e09-bf76-88d4e716b41d/uploads/2026-01-30/5e4e0a54-3bc3-4f44-8718-35f770a9f41f.jpg,,2026-08-09,2026-08-10T06:00:03.234Z
LPH-主店三号-US,B0GQ9CDWCP,X0050UHWAH,"100 Pcs Tire Repair Rubber Nail Kit with Screwdriver, Quick Flat Tire Puncture Repair Screws Fit for Tirefix Style, Self-Service Tubeless Tire Plug Patch Kit for Car, Motorcycle, ATV, Truck, Scooter",,0,0.00,0,0.00,0,0,0,0,0,0,,,,,,https://m.media-amazon.com/images/I/51iQO6UF+uL.jpg,,,2026-08-09,2026-08-10T06:00:03.234Z
LPH-主店三号-US,B0GQB6R4FL,,"Case for T-Mobile REVVL Tab 2 (10.1 Inch, 2025), 3-in-1 EVA Shockproof Tablet Cover with Glass Screen Protector & Adjustable Shoulder Strap & Built-in Stand, Kids Friendly Case Cover for Revvl Tab 2",,0,0.00,0,0.00,0,0,0,0,0,0,,,,,,,,,2026-08-09,2026-08-10T06:00:03.234Z
LPH-主店三号-US,B0GQGQ8Z8F,X0050OQRNB,"2 Pack Crystal Glass Replacement Compatible with P4ffc0 only, Peak and Pro Replacement Glass, Decorative Mini Vase, Transparent, Borosilicate Material, 4.7'' x 2.7'', Heat Resistant",,0,0.00,0,0.00,0,0,0,0,0,0,,,,,,https://m.media-amazon.com/images/I/61p1KVs8ScL._SL75_.jpg,,,2026-08-09,2026-08-10T06:00:03.234Z
LPH-主店三号-US,B0GQSP988T,X0050S93H9,"24-Pack Style 7 Vacuum Bags Compatible with Bissell Upright Vacuums - Replaces Part 32120 - Fits for PowerForce 1739 3522, PowerGlide, Lift-Off, PowerTrak, Micro-Filtration Dust Bags",,0,0.00,0,0.00,0,0,0,0,0,0,,,,,,https://m.media-amazon.com/images/I/71eHnIgDLwL._SL75_.jpg,,,2026-08-09,2026-08-10T06:00:03.234Z
LPH-主店三号-US,B0GTLMH86Z,X004YLTUZX,Nylon Replacement Strap Compatible with Hume Band - Breathable & Sweatproof Sport Loop for Hume Health Band - Metal Buckle & Loop Closure for Secure - Adjustable Wristband Strap for Fitness Tracker (Black),新HB手环黑色,1,2.99,1,0.03,0,3,0,0,65,68,6×19×1,,,,20,https://m.media-amazon.com/images/I/41MKi2DOSXL.jpg,,,2026-08-09,2026-08-10T06:00:03.234Z
LPH-主店三号-US,B0GYF5796P,X0053C90TX,18 Pack Fountain Charcoal Filter Compatible with Premier Pet Fountain,,8,14.99,8,0.27,0,0,40,0,10,50,,,,,168.6,https://m.media-amazon.com/images/I/41gr+aBoXbL.jpg,,,2026-08-09,2026-08-10T06:00:03.234Z
LPH-主店三号-US,B0GYF5YXXG,X0053CDMYH,18 Pack Fountain Foam Filter Compatible with Premier Pet Fountain,,24,9.99,24,0.80,0,0,120,0,0,120,20×20×5,,,,333,https://m.media-amazon.com/images/I/41GtfMpEFML.jpg,,,2026-08-09,2026-08-10T06:00:03.234Z
LPH-主店三号-US,B0GYF7WK58,X0053C7RJX,12 Pack Fountain Charcoal Filter Compatible with Premier Pet Fountain,,52,9.99,50,1.73,0,0,312,0,80,392,,,,,150,https://m.media-amazon.com/images/I/41CO9a9mKrL.jpg,,,2026-08-09,2026-08-10T06:00:03.234Z
LPH-主店三号-US,B0GYFDQ2CG,X0053CEOFD,18 Pack Water Fountain Filter Combo Compatible with Premier Pet Fountain,,20,0.00,20,0.67,0,0,256,0,64,320,,,,,90,https://m.media-amazon.com/images/I/41ZiFokeTRL.jpg,,,2026-08-09,2026-08-10T06:00:03.234Z
LPH-主店三号-US,B0H4Z1VCGS,X0055NIQLN,"Carrying Bag Compatible with Graco Pack n Play, Lightweight & Waterproof",,5,129.95,5,0.17,0,41,0,0,3,44,,,,,1000,https://m.media-amazon.com/images/I/31OjMDodaIL.jpg,,,2026-08-09,2026-08-10T06:00:03.234Z
DZH-已结束,B0F53TXZT2,X004NGJD29,"40Pack Video Game Birthday Decorations, Gamer Birthday Party Decorations for Boys, Includes Banner, Balloons, Backdrop, and Cake Topper",堡垒之夜派对装饰套装,0,0.00,0,0.00,0,0,0,0,2,2,,,,,,https://m.media-amazon.com/images/I/81Ek7DP7UqL._SL75_.jpg,,,2026-08-09,2026-08-10T06:00:03.234Z
DZH-已结束,B0FFGX6SVP,X004QK4FKR,"18 Pack Cartoon Straw Covers for Stanley Cup, Silicone Tumbler Accessories, Cute Animal Design, 9-10mm Straw Toppers, Compatible with 40oz 30oz Tumblers",LBB吸管盖,0,0.00,0,0.00,0,0,240,0,0,240,,,,,,https://m.media-amazon.com/images/I/714QeRg-+zL._SL75_.jpg,,,2026-08-09,2026-08-10T06:00:03.234Z
SJJ-LBB,B0FG31WQ3N,B0FG31WQ3N,"6 Pack Adjustable Doll Stand Compatible with Labubu 6.8 Inch Dolls and Other 4 - 6.8 Inches Dolls, Stand Holder Compatible with Labubu Accessories, White Plastic Support Holder (Not Include Dolls)",LBB玩偶支架,0,0.00,0,0.00,0,2482,0,1,306,2789,,,,,144,https://m.media-amazon.com/images/I/61Vv1UXVkaL._SL75_.jpg,https://amz-client-global-1359221291.cos.ap-guangzhou.myqcloud.com/users/f82eadde-4422-426b-b0ea-29b0ed0c3081/uploads/2025-09-02/1aafef0e-fc2f-40f7-a79f-9e960afd7caa.png,,2026-08-09,2026-08-10T06:00:03.234Z
SJJ-LBB,B0FG3384N7,X004QUBW6H,"Pink Transparent Hanging Doll Protective Case - Dustproof, Anti-Collision Display Storage Bag Compatible with Labubu 6.8 Inch Dolls (Not Include Dolls)",LBB玩偶包（粉）,0,0.00,0,0.00,0,0,0,0,0,0,,,,,,https://m.media-amazon.com/images/I/618kP2hc0fL._SL75_.jpg,,,2026-08-09,2026-08-10T06:00:03.234Z
SJJ-LBB,B0FGJHLXKG,B0FGJHLXKG,"Lock Keychain Compatible with Labubu, Secure Clip Compatible with Labubu (6)",LBB挂钩防丢绳,0,0.00,0,0.00,0,29,0,0,4,33,,,,,,https://m.media-amazon.com/images/I/61+UFqV-EPL._SL75_.jpg,https://amz-client-global-1359221291.cos.ap-guangzhou.myqcloud.com/users/f82eadde-4422-426b-b0ea-29b0ed0c3081/uploads/2025-09-30/da04c23b-9dfa-4c1f-9829-685d1043780d.png,,2026-08-09,2026-08-10T06:00:03.234Z
SJJ-LBB,B0FGX8TC6F,B0FGX8TC6F,"6 Pcs Brass Screw-Lock Keychain Set, Compatible with Labubu, Gold Carabiner Clips and Key Rings, Multi-Purpose Organizer",LBB黄铜挂钩套装,0,0.00,0,0.00,0,0,0,0,0,0,,,,,,https://m.media-amazon.com/images/I/617prq8qTEL._SL75_.jpg,,,2026-08-09,2026-08-10T06:00:03.234Z
SJJ-LBB,B0FH2PJPB3,X004R5E371,"18 Pcs Stainless Steel Rubber-Coated Key Rings – 2mm Thick, 6-Inch Loops Compatible With Labubu Keys, Luggage Tags, Kitchen Utensils, ID Cards – Assorted Colors, 9 Colors & 2 Each",LBB18色挂绳,0,0.00,0,0.00,0,4,0,0,0,4,,,,,,https://m.media-amazon.com/images/I/710vYT9NvkL._SL75_.jpg,https://amz-client-global-1359221291.cos.ap-guangzhou.myqcloud.com/users/f82eadde-4422-426b-b0ea-29b0ed0c3081/uploads/2025-09-30/73cd161d-f9f5-4f2a-a7e2-83144778e61d.png,,2026-08-09,2026-08-10T06:00:03.234Z
SJJ-LBB,B0FKSSXD1B,B0FKSSXD1B,"12 Pack Adjustable Doll Stand Compatible with Labubu 6.8 Inch Dolls, Stand Holder Compatible with Labubu Accessories, White Plastic Support Holder ( Not Include Dolls)",SJJ-12PCS玩偶支架,0,0.00,0,0.00,0,0,0,0,0,0,,,,,,https://m.media-amazon.com/images/I/61fyESfjmqL._SL75_.jpg,,,2026-08-09,2026-08-10T06:00:03.234Z
SJJ-LBB,B0FMK5NV94,B0FMK5NV94,"Lock Keychain Compatible with Labubu, Secure Clip Compatible with Labubu (24)",8色-LBB挂钩防丢绳,0,0.00,0,0.00,0,0,0,0,0,0,,,,,,https://m.media-amazon.com/images/I/71t9qnM2w7L._SL75_.jpg,,,2026-08-09,2026-08-10T06:00:03.234Z
SJJ-LBB,B0FZTPN1MR,B0FZTPN1MR,"2 Pack Crystal Glass Replacement Compatible with P4ffc0 only, Peak and Pro Replacement Glass, Decorative Mini Vase, Transparent, Borosilicate Material, 4.7x2.7 Inch, Heat Resistant",2Pcs花瓶,0,0.00,0,0.00,0,0,0,0,0,0,,,,,200,https://m.media-amazon.com/images/I/612QVOZAFGL._SL75_.jpg,,,2026-08-09,2026-08-10T06:00:03.234Z
SBB-副店一号,B0F99J5546,X004OY3OED,"eirnube 4-Pack Replacement Sponges Pond Filter Media Compatible with VIVOHOME 1580/1840 GPH, Dual Density Bio Filter Pads, Yellow and Blue, for 1580/1840 GPH Pressure Filters",VIVOHOME池塘过滤器海绵,0,0.00,0,0.00,0,225,0,0,0,225,,,,,,https://m.media-amazon.com/images/I/81LRu4BZ5RL._SL75_.jpg,,,2026-08-09,2026-08-10T06:00:03.234Z
SBB-副店一号,B0FDB5PW57,X004Q7IBF5,"Replacement Fabric Seat Cover Compatible with BabyBjorn Bouncer Bliss, Machine Washable, Adjustable Elastic Design with Buckle, Deep Grey",Babyjorn摇椅替换套,0,0.00,0,0.00,0,59,0,0,5,64,,,,,,https://m.media-amazon.com/images/I/61hNCjEuDEL._SL75_.jpg,,,2026-08-09,2026-08-10T06:00:03.234Z
SBB-副店一号,B0FPR4N196,X004TQPY3Z,"16 Pack Replacement Blades, Compatible with DERMAFLASH Dermaplaning Tool only, Dermaplane Razor Replaceable Blades for Women Face",,0,0.00,0,0.00,0,0,216,0,11,227,,,,,,https://m.media-amazon.com/images/I/613PjaXKJnL._SL75_.jpg,,,2026-08-09,2026-08-10T06:00:03.234Z
SBB-副店一号,B0FPX7FKGN,,"eirnube 6 Pack Lid Seal Gasket Compatible with OmieBox, Food-Safe Silicone Rubber Replacement for Kids Bento Box, Leak-Proof Lunch Box Accessory",,0,0.00,0,0.00,0,0,0,0,0,0,,,,,,,,,2026-08-09,2026-08-10T06:00:03.234Z
SBB-副店一号,B0FPX7PP7T,X004TZWE4X,"eirnube 6 Pack Lid Seal Gasket Compatible with OmieBox, Food-Safe Silicone Rubber Replacement for Kids Bento Box, Leak-Proof Lunch Box Accessory (Purple)",,0,0.00,0,0.00,0,0,0,0,0,0,,,,,,,,,2026-08-09,2026-08-10T06:00:03.234Z
SBB-副店一号,B0FPX7RP9S,X004TZWGOB,"eirnube 6 Pack Lid Seal Gasket Compatible with OmieBox, Food-Safe Silicone Rubber Replacement for Kids Bento Box, Leak-Proof Lunch Box Accessory (White)",,0,0.00,0,0.00,0,0,0,0,0,0,,,,,,,,,2026-08-09,2026-08-10T06:00:03.234Z
SBB-副店一号,B0FPX7VQR3,X004TZWGOL,"eirnube 6 Pack Lid Seal Gasket Compatible with OmieBox, Food-Safe Silicone Rubber Replacement for Kids Bento Box, Leak-Proof Lunch Box Accessory (Carrot)",,0,0.00,0,0.00,0,0,0,0,0,0,,,,,,,,,2026-08-09,2026-08-10T06:00:03.234Z
SBB-副店一号,B0FPX7XRND,X004U05NDB,"eirnube 6 Pack Lid Seal Gasket Compatible with OmieBox, Food-Safe Silicone Rubber Replacement for Kids Bento Box, Leak-Proof Lunch Box Accessory (Navy Blue)",,0,0.00,0,0.00,0,0,0,0,0,0,,,,,,,,,2026-08-09,2026-08-10T06:00:03.234Z
SBB-副店一号,B0FPX8WK3Z,X004U088BZ,"eirnube 6 Pack Lid Seal Gasket Compatible with OmieBox, Food-Safe Silicone Rubber Replacement for Kids Bento Box, Leak-Proof Lunch Box Accessory (Blue)",,0,0.00,0,0.00,0,0,0,0,0,0,,,,,,,,,2026-08-09,2026-08-10T06:00:03.234Z
SBB-副店一号,B0FPX99V3B,X004U05M5F,"eirnube 6 Pack Lid Seal Gasket Compatible with OmieBox, Food-Safe Silicone Rubber Replacement for Kids Bento Box, Leak-Proof Lunch Box Accessory (Orange)",,0,0.00,0,0.00,0,0,0,0,0,0,,,,,,,,,2026-08-09,2026-08-10T06:00:03.234Z
SBB-副店一号,B0FPXD1FXX,X004TU142L,"2 Pack Crystal Glass Replacement Compatible with P4ffc0, Peak and Pro Replacement Glass, Decorative Mini Vase, Transparent, Borosilicate Material, 4.7x2.7 Inch, Heat Resistant",,0,0.00,0,0.00,0,0,200,0,1,201,,,,,,https://m.media-amazon.com/images/I/61SaV3nookL._SL75_.jpg,,,2026-08-09,2026-08-10T06:00:03.234Z
CZH-主店一号,B0CYCGY6NM,X00465P8BH,"GLHFSONG Military Padfolio Ring Binder with 80 Sheets 160 Pages of Leaf Paper, Military Notebook with Zippered Padfolio Organizer, Refillable Tactical Notebook 6-Ring A5 Notebook Paper (10"" x 7.3"")",战术笔记本A5,58,1159.42,42,1.93,0,22,20,0,0,42,30×25×1,,磨砂袋,,600,https://m.media-amazon.com/images/I/41NoQiIjdyL.jpg,https://amz-client-global-1359221291.cos.ap-guangzhou.myqcloud.com/users/f82eadde-4422-426b-b0ea-29b0ed0c3081/uploads/2025-11-22/bc0fc64e-0cbe-4b84-9aff-a6bbf2baa7ce.jpg,,2026-08-09,2026-08-10T06:00:03.234Z
CZH-主店一号,B0CYCH1Y2T,X00465P6G9,"GLHFSONG Military Padfolio Ring Binder with 80 Sheets 160 Pages of Leaf Paper, Military Notebook with Zippered Padfolio Organizer, Refillable Tactical Notebook 6-Ring A6 Notebook Paper (6.7"" x 4.1"")",战术笔记本A6,9,161.91,9,0.30,0,71,20,0,0,91,25×20×1,,,,400,https://m.media-amazon.com/images/I/41NoQiIjdyL.jpg,,,2026-08-09,2026-08-10T06:00:03.234Z
CZH-主店一号,B0D3HJPD2P,X0048BS6AT,"48PCS Mason Jar Lids for Wide and Regular Mouth Jars, No Date Reminder, Compatible with Electric Vacuum Sealers, Vacuum Seal Mason Jar Lids Only",梅森罐盖无日期24Wide+24Regular,1660,10811.69,1530,55.33,0,4140,0,0,143,4283,31.5×16×1.65,,,,430,https://m.media-amazon.com/images/I/51b1VVHUe3L.jpg,,,2026-08-09,2026-08-10T06:00:03.234Z
CZH-主店一号,B0D7PL4B1L,X004AGA58X,"48PCS Mason Jar Lids for Wide and Regular Mouth Jars, With Date Reminder, Compatible with Electric Vacuum Sealers, Vacuum Seal Mason Jar Lids Only",梅森罐盖带日期24Wide+24Regular,0,0.00,0,0.00,0,0,0,0,0,0,31.5×16×1.65,,,,430,https://m.media-amazon.com/images/I/516+baqgvZL.jpg,,,2026-08-09,2026-08-10T06:00:03.234Z
CZH-主店一号,B0D8W68JV7,X004B6TBMN,"60 PCS Regular Mouth Mason Jar Lids, Compatible with Mason Jar Vacuum Sealer, Vacuum Seal Mason Jar Lids Only, Replaceable Mason Jar Vacuum Sealer Lid, Canning Lids Regular Mouth, With Date Reminder",梅森罐盖带日期60Regular,0,0.00,0,0.00,0,0,0,0,0,0,37×15×1.65,,,,430,https://m.media-amazon.com/images/I/516+baqgvZL.jpg,,,2026-08-09,2026-08-10T06:00:03.234Z
CZH-主店一号,B0DP4868XV,X004HBH3O5,"60 PCS Regular Mouth Mason Jar Lids, Compatible with Mason Jar Vacuum Sealer, Vacuum Seal Mason Jar Lids Only, Replaceable Mason Jar Vacuum Sealer Lid, Canning Lids Regular Mouth, No Date Reminder",梅森罐盖无日期60Regular,191,1191.52,184,6.37,0,137,0,0,26,163,37×15×16.5,,,,430,https://m.media-amazon.com/images/I/516+baqgvZL.jpg,,,2026-08-09,2026-08-10T06:00:03.234Z
CZH-主店一号,B0FJ8GRR41,X004RPVHBV,"24Pcs Butterfly Charm Bracelets Set, Adjustable Friendship Jewelry for Girls Teens Women, Fairy Theme Birthday Party Favors, Return Gifts for Baby Shower, Butterfly Party Decorations & Souvenirs (4 Colors)",24Pcs四色蝴蝶手链套装,0,0.00,0,0.00,0,0,0,0,0,0,,,,,,https://m.media-amazon.com/images/I/517QbuCcXDL.jpg,,,2026-08-09,2026-08-10T06:00:03.234Z
CZH-主店一号,B0FJ8N1Q66,X004RPRSN7,"24Pcs Butterfly Charm Bracelets Set, Adjustable Friendship Jewelry for Girls Teens Women, Fairy Theme Birthday Party Favors, Return Gifts for Baby Shower, Butterfly Party Decorations & Souvenirs (6 Colors)",24Pcs六色蝴蝶手链套装,0,0.00,0,0.00,0,0,0,0,0,0,,,,,,https://m.media-amazon.com/images/I/51Ayu8sI5zL.jpg,,,2026-08-09,2026-08-10T06:00:03.234Z
CZH-主店一号,B0FMY425XS,X004T1FID1,"Baby is Brewing Baby Shower Decor Set, Coffee Theme Baby Shower Decorations Set, Including Party Banner, Cake Toppers, Honeycomb Centerpieces, Balloons",BabyShower派对装饰套装,1,12.99,1,0.03,0,0,0,0,3,3,32×22×3,,,,500,https://m.media-amazon.com/images/I/51KLtcfKmeL.jpg,,,2026-08-09,2026-08-10T06:00:03.234Z
CZH-主店一号,B0FMY8F3ST,X004T1IO0P,"SnowCow 18 PCS Plastic Sharks for Drinks, Decorations for Shark Theme Party, Syrup Dispenser for Cocktails and Beverages with Bleeding Effect Garnishes, for Cake Toppers & Bath Toys - BPA Free",蓝色鲨鱼吸管装饰,1149,22788.60,742,38.30,0,0,504,0,9,513,29×15×10,,飞机盒,,100,https://m.media-amazon.com/images/I/51UsZKgbH5L.jpg,,,2026-08-09,2026-08-10T06:00:03.234Z
CZH-主店一号,B0FPLZCXZX,X004TOVF0N,"SnowCow 452 PCS Letters to The Bride Scrapbook Kit, 8.3 x 8.3 Inch Wedding Memory Book with Pen, Pearl Stickers, Metallic Letters, Bows for Bridal Shower Guest Book DIY",写给新娘的Letter套装,0,0.00,0,0.00,0,0,0,0,0,0,24.5×23×5,,,,800,https://m.media-amazon.com/images/I/5150XzhcWBL.jpg,https://amz-client-global-1359221291.cos.ap-guangzhou.myqcloud.com/users/f82eadde-4422-426b-b0ea-29b0ed0c3081/uploads/2025-09-30/b6786bf6-87c8-4607-8b89-805284b66c77.png,,2026-08-09,2026-08-10T06:00:03.234Z
CZH-主店一号,B0FT2WPFNG,X004UVEW55,"36 PCS Wide Mouth Mason Jar Lids, Compatible with Mason Jar Vacuum Sealer, Vacuum Seal Mason Jar Lids Only, Replaceable Mason Jar Vacuum Sealer Lid, Canning Lids Wide Mouth, No Date Reminder",梅森罐盖无日期36Wide,0,0.00,0,0.00,0,0,0,0,0,0,26.5×18×1.65,,,,430,https://m.media-amazon.com/images/I/516+baqgvZL.jpg,,,2026-08-09,2026-08-10T06:00:03.234Z
CZH-主店一号,B0FT3347D9,X004UV27JX,"36 PCS Wide Mouth Mason Jar Lids, Compatible with Mason Jar Vacuum Sealer, Vacuum Seal Mason Jar Lids Only, Replaceable Mason Jar Vacuum Sealer Lid, Canning Lids Wide Mouth, With Date Reminder",梅森罐盖带日期36Wide,17,115.09,15,0.57,0,0,0,0,0,0,26.5×18×1.65,,,,430,https://m.media-amazon.com/images/I/516+baqgvZL.jpg,,,2026-08-09,2026-08-10T06:00:03.234Z
CZH-主店一号,B0FWC2T3BW,,"Carbon Fiber Pattern Rear Fender Compatible with Surron/Light Bee/Sur-Ron S/X / X160 / X260 Ebike Motorcycle, ABS Plastic Shock Protector, Splash Guard, Mudguard for Electric Dirt Bike",S摩托尾翼,0,0.00,0,0.00,0,0,0,0,0,0,25×14×4,,,,100,https://m.media-amazon.com/images/I/71bzrt0Vx0L.jpg,,,2026-08-09,2026-08-10T06:00:03.234Z
CZH-主店一号,B0FWKNQKHZ,X004VMX3PD,"304 Pcs Cake-Making Kits, Cake Pop Mold, 2 Pcs Spherical and Shaped Molds, 2 Pcs 15-Hole Cake Pop Stands, 100 Pcs 5.91 Inches Sticks, 100 Pcs Wrapping Papers and Gold Twist Ties (Red)",新-304PCS-圆-蛋糕制作套装,0,0.00,0,0.00,0,0,0,0,0,0,21×10×5,,,,350,https://m.media-amazon.com/images/I/41EG3XyBf8L.jpg,https://amz-client-global-1359221291.cos.ap-guangzhou.myqcloud.com/users/39a4e8e2-4d63-432c-a953-0ad6dda5e5f4/uploads/2025-10-18/179b98ae-209e-44ba-afbb-1ee74580750d.jpg,,2026-08-09,2026-08-10T06:00:03.234Z
CZH-主店一号,B0FWKQPPCG,X004VMZPP9,"SnowCow 304 Pcs Cake-Making Kits, Cake Pop Mold, 2 Pcs Spherical and Shaped Molds, 2 Pcs 15-Hole Display Stands, 100 Pcs 5.91 Inches Sticks, 100 Pcs Wrapping Papers and Gold Twist Ties",新-304PCS-扁-蛋糕制作套装,28,215.73,28,0.93,0,0,0,0,2,2,18×11×5,,,,320,https://m.media-amazon.com/images/I/41EG3XyBf8L.jpg,https://amz-client-global-1359221291.cos.ap-guangzhou.myqcloud.com/users/f82eadde-4422-426b-b0ea-29b0ed0c3081/uploads/2025-10-17/2dca53fc-cd5b-4515-af19-e3b5008f1960.jpg,,2026-08-09,2026-08-10T06:00:03.234Z
CZH-主店一号,B0G1MQMB8M,X004WQOZLJ,"Silicone Handle Compatible with Frost Buddy Universal Can Cooler, Can Holder with Handle for Beverages Can - Portable Non-Slip Travel Mug Grip with Protective Sleeve, Cup Holder for Outdoor Activities",FB杯手提,7,55.93,7,0.23,0,0,0,0,0,0,12×8×8,,,,170,https://m.media-amazon.com/images/I/41totp8fmPL.jpg,,,2026-08-09,2026-08-10T06:00:03.234Z
CZH-主店一号,B0G2BBF1HD,X004WXZKVV,"10 Pcs Rubber Gasket Replacement Rings Compatible with Oster and Osterizer Blender, Gray, 2.6 Inch Outer Diameter",10PcsOOBlender密封圈,12,71.88,12,0.40,0,0,0,0,54,54,20.5×7×1,,,,30,https://m.media-amazon.com/images/I/41UdQ2LOoVL.jpg,https://amz-client-global-1359221291.cos.ap-guangzhou.myqcloud.com/users/f82eadde-4422-426b-b0ea-29b0ed0c3081/uploads/2025-11-22/fab6dcbc-0b94-4f31-99e0-ede7e381aa5a.jpg,,2026-08-09,2026-08-10T06:00:03.234Z
CZH-主店一号,B0G2BQS2SS,X004WZ8PDT,"10 Pcs Replacement Wheel Tires Compatible with iRobot Roomba 500, 600, 700, 800, 900, e5, e6, i7, s9 Series All Robot Vacuums – Anti-Slip Rubber Wheel with High Traction on Multi-Surface Floors",10PcsR轮胎,0,0.00,0,0.00,0,0,0,0,0,0,35×15×1.6,,,,180,https://m.media-amazon.com/images/I/411w22yr0-L.jpg,https://amz-client-global-1359221291.cos.ap-guangzhou.myqcloud.com/users/f82eadde-4422-426b-b0ea-29b0ed0c3081/uploads/2025-11-22/4030f1fe-17fc-445d-bb57-ae530edfed08.jpg,,2026-08-09,2026-08-10T06:00:03.234Z
CZH-主店一号,B0G2LZ4S3Q,X004X6P8T1,"4 Pcs Replacement Front Wheel Caster Ball Assembly Compatible with iRobot Roomba 500, 600, 700, 800, 900, e, i, & j Series Robot Vacuums – Upgraded Silent Running Wheels & Bearings - Easy to install",10PcsR轮子,0,0.00,0,0.00,0,0,0,0,0,0,12×11×5,,,,110,https://m.media-amazon.com/images/I/41A-+Zc7LrL.jpg,https://amz-client-global-1359221291.cos.ap-guangzhou.myqcloud.com/users/f82eadde-4422-426b-b0ea-29b0ed0c3081/uploads/2025-11-22/2f0ac53b-362f-4054-a9dd-391d9b1d1948.jpg,,2026-08-09,2026-08-10T06:00:03.234Z
CZH-主店一号,B0GF1N5T6Z,X004YSBCYD,"SnowCow Silicone Handle Compatible with Frost Buddy Can Cooler, Non-Slip Travel Mug Grip with Protective Sleeve, Cup Holder for Outdoor Activities (Navy Blue)",FB杯手提蓝色,1,7.99,1,0.03,0,0,0,0,0,0,12×8×8,,,,170,https://m.media-amazon.com/images/I/41pwlAM7BLL.jpg,,,2026-08-09,2026-08-10T06:00:03.234Z
CZH-主店一号,B0GF226LY2,X004YS18DD,"SnowCow Silicone Handle Compatible with Frost Buddy Can Cooler, Non-Slip Travel Mug Grip with Protective Sleeve, Cup Holder for Outdoor Activities (Hot Pink)",FB杯手提粉色,1,7.99,1,0.03,0,0,0,0,8,8,12×8×8,,,,170,https://m.media-amazon.com/images/I/315TD7w8YQL.jpg,,,2026-08-09,2026-08-10T06:00:03.234Z
CZH-主店一号,B0GF5ZF4G4,X004YTNDX5,6 Sets Silicone Seal Replacement Compatible with Owala Freesip 16/19/24/32/40oz Spout Lid - Rubber Leak-Proof Stopper Gasket & Sealing Ring for Water Bottle Cap Insert Parts Replacement Accessories,14PcsOwala胶圈套装,0,0.00,0,0.00,0,0,0,0,1,1,19×13×1.7,,,,108,https://m.media-amazon.com/images/I/41QbIJMtnlL.jpg,https://amz-client-global-1359221291.cos.ap-guangzhou.myqcloud.com/users/f82eadde-4422-426b-b0ea-29b0ed0c3081/uploads/2026-01-17/a063db5e-313d-4514-8dd5-5052211b198a.jpg,,2026-08-09,2026-08-10T06:00:03.234Z
CZH-主店一号,B0GJSRJX7M,X004ZMZPT1,"Magnetic Desk Goose Key Holder - Funny Resin 7""H Goose Statue for Home Decor, Cute Magnetic Beak Organizer for Keys, Scissors, Knives - Porch Goose for Quirky Housewarming Gift & Office Desk Accessory",,0,0.00,0,0.00,0,0,0,0,0,0,,,,,,https://m.media-amazon.com/images/I/31pBUsR9ZVL.jpg,,,2026-08-09,2026-08-10T06:00:03.234Z
CZH-主店一号,B0GK8JF17L,X004ZRQL0X,"Accessories Kit Compatible with Dreame Aqua 10 Ultra/10 Roller Robot Vacuum, Include 2 Main Brush, 2 Roller Mops, 6 Activated Carbon Dust Bags, 4 HEPA Filters, 6 Side Brush, 22-Piece Replacement Parts",,0,0.00,0,0.00,0,0,0,0,0,0,,,,,,https://m.media-amazon.com/images/I/519GgP9eQTL.jpg,,,2026-08-09,2026-08-10T06:00:03.234Z
CZH-主店一号,B0GMGCV2PQ,X00507EN6B,"SnowCow 2 Pack Cake Pop Mold, Cake-Making Kit - Cupcake & Lollipop Shape Mold - BPA Free Non-Stick Lollipop Maker for DIY Hard Candy, Cake Pop, Chocolate, Party Treats Cake-Making Kits",,12,54.89,12,0.40,0,0,0,0,5,5,10×5×5,,,,50,https://m.media-amazon.com/images/I/41EG3XyBf8L.jpg,,,2026-08-09,2026-08-10T06:00:03.234Z
CZH-主店一号,B0H269MNGL,X0054DX9RZ,"12 Pack Protective Accessory Kit Compatible with Garmin Forerunner 165, Including 4 Pack TPU Cases, 4 Pack Screen Protector for Garmin Forerunner 165 and 4 Pack Silicone Anti-dust Plugs, 9H Tempered Glass Protection Kit in Reusable Storage Case, Anti-Scratch,Bubble-Free",,0,0.00,0,0.00,0,0,0,0,0,0,,,,,,https://m.media-amazon.com/images/I/41CiGaZQYfL.jpg,,,2026-08-09,2026-08-10T06:00:03.234Z
CZH-主店一号,B0H2M3VB32,X0054N7KJX,"Needlepoint Canvas 13 Mesh, White Cotton Blank Embroidery Fabric, 19x17 Inch",,0,0.00,0,0.00,0,0,0,0,0,0,,,,,,https://m.media-amazon.com/images/I/31fHiX9fHjL.jpg,,,2026-08-09,2026-08-10T06:00:03.234Z
CZH-主店一号,B0H71CDG4D,X0056I732F,"Microgreen Grower for Mason Jars, Microgreens Growing Kit for Mason Jars",,0,0.00,0,0.00,0,0,0,0,0,0,,,,,,https://m.media-amazon.com/images/I/41AfPjkJb8L.jpg,,,2026-08-09,2026-08-10T06:00:03.234Z
CZH-主店一号,B0H9SGFPL7,X0057K7Z4N,"Bicep Armband Strap for Fitbit Ace, Lavender, 2 Pack S (16.9'')",,0,0.00,0,0.00,0,0,0,0,0,0,,,,,,,,,2026-08-09,2026-08-10T06:00:03.234Z
CZH-主店一号,B0H9SHRY9Z,X0057KF69J,"Bicep Armband Strap for Fitbit Ace, Fog, 2 Pack L (19.6'')",,0,0.00,0,0.00,0,0,0,0,0,0,,,,,,,,,2026-08-09,2026-08-10T06:00:03.234Z
CZH-主店一号,B0H9SHRYB2,X0057K7VPV,"Bicep Armband Strap for Fitbit Ace, Berry, S (16.9'') + L (19.6'')",,0,0.00,0,0.00,0,0,0,0,0,0,,,,,,,,,2026-08-09,2026-08-10T06:00:03.234Z
CZH-主店一号,B0H9SJLBBG,X0057K6JCR,"Bicep Armband Strap for Fitbit Ace, Berry, 2 Pack S (16.9'')",,0,0.00,0,0.00,0,0,0,0,0,0,,,,,,,,,2026-08-09,2026-08-10T06:00:03.234Z
CZH-主店一号,B0H9SJPZWF,X0057K7YH1,"Bicep Armband Strap for Fitbit Ace, Obsidian, S (16.9'') + L (19.6'')",,0,0.00,0,0.00,0,0,0,0,0,0,,,,,,,,,2026-08-09,2026-08-10T06:00:03.234Z
CZH-主店一号,B0H9SJX7W3,X0057K6HFV,"Bicep Armband Strap for Fitbit Ace, Berry, 2 Pack L (19.6'')",,0,0.00,0,0.00,0,0,100,0,0,100,,,,,,,,,2026-08-09,2026-08-10T06:00:03.234Z
CZH-主店一号,B0H9SMDMH6,X0057K7Z4D,"Bicep Armband Strap for Fitbit Ace, Obsidian, 2 Pack S (16.9'')",,0,0.00,0,0.00,0,0,0,0,0,0,,,,,,,,,2026-08-09,2026-08-10T06:00:03.234Z
CZH-主店一号,B0H9SPY74Q,X0057K7YHB,"Bicep Armband Strap for Fitbit Ace, Lavender, 2 Pack L (19.6'')",,0,0.00,0,0.00,0,0,0,0,0,0,,,,,,,,,2026-08-09,2026-08-10T06:00:03.234Z
CZH-主店一号,B0H9SQ8B2R,X0057K6HFL,"Bicep Armband Strap for Fitbit Ace, Lavender, S (16.9'') + L (19.6'')",,0,0.00,0,0.00,0,0,0,0,0,0,,,,,,,,,2026-08-09,2026-08-10T06:00:03.234Z
CZH-主店一号,B0H9SQMP8P,X0057K7VQ5,"Bicep Armband Strap for Fitbit Ace, Fog, 2 Pack S (16.9'')",,0,0.00,0,0.00,0,0,0,0,0,0,,,,,,,,,2026-08-09,2026-08-10T06:00:03.234Z
CZH-主店一号,B0H9SQYDRB,X0057K6JDB,"Bicep Armband Strap for Fitbit Ace, Obsidian, 2 Pack L (19.6'')",,0,0.00,0,0.00,0,0,0,0,0,0,,,,,,,,,2026-08-09,2026-08-10T06:00:03.234Z
CZH-主店一号,B0H9SWF9Z4,X0057K6JD1,"Bicep Armband Strap for Fitbit Ace, Fog, S (16.9'') + L (19.6'')",,0,0.00,0,0.00,0,0,0,0,0,0,,,,,,,,,2026-08-09,2026-08-10T06:00:03.234Z
CZH-主店一号,B0HB6N81NF,X0057NN0KN,Mahjong Charleston Tracker Dial With 1 Dice And 4 Tile Passing Trays,,0,0.00,0,0.00,0,0,0,0,0,0,19×16×1.4,,,,137,https://m.media-amazon.com/images/I/519FIkrOXFL.jpg,,,2026-08-09,2026-08-10T06:00:03.234Z
CZH-主店一号,B0HB77CY81,X00587WHIJ,SnowCow Mahjong Practice Board with Line Reader & 160 Stripes for 2026 Card,,0,0.00,0,0.00,0,0,120,0,0,120,20.5×17.5×1.5,,,,160,https://m.media-amazon.com/images/I/414spFAWgoL.jpg,,,2026-08-09,2026-08-10T06:00:03.234Z
CZH-主店一号,B0HB7JRCD6,X00587U0Y7,SnowCow Mahjong Practice Board with Line Reader & 160 Stripes for 2026 Card,,0,0.00,0,0.00,0,0,120,0,0,120,20.5×17.5×1.5,,,,160,https://m.media-amazon.com/images/I/414spFAWgoL.jpg,,,2026-08-09,2026-08-10T06:00:03.234Z
CZH-主店一号,B0HBKJFMMR,X0057PXLYB,5 Pack Replacement Silicone Bands Compatible with Fitbit Air,,0,0.00,0,0.00,0,0,200,0,0,200,,,,,,https://m.media-amazon.com/images/I/41Cw77MsklL.jpg,,,2026-08-09,2026-08-10T06:00:03.234Z
CZH-主店一号,B0HBKMD3NW,X0057QIWMV,5 Pack Replacement Nylon Bands Compatible with Fitbit Air,,0,0.00,0,0.00,0,0,210,0,0,210,,,,,,,,,2026-08-09,2026-08-10T06:00:03.234Z
CZH-主店一号,B0HBN5LHZL,X0057RHU8R,SnowCow 8 Pcs Mahjong Shuffler Card Tile Mixer Set,,0,0.00,0,0.00,0,0,120,0,0,120,17×13×1,,,,150,https://m.media-amazon.com/images/I/41n3-glkeDL.jpg,,,2026-08-09,2026-08-10T06:00:03.234Z
CZH-主店一号,B0HBN71MVS,X005883TTT,SnowCow Vegan Leather Mahjong Card Holder with 4 Line Readers,,0,0.00,0,0.00,0,0,120,0,0,120,23×16.5×1.5,,,,160,https://m.media-amazon.com/images/I/31-IFXJJlJL.jpg,,,2026-08-09,2026-08-10T06:00:03.234Z
CZH-主店一号,B0HBN7S6ZX,X00587WCXJ,SnowCow Vegan Leather Mahjong Card Holder with 4 Line Readers,,0,0.00,0,0.00,0,0,0,0,0,0,,,,,,https://m.media-amazon.com/images/I/21zHyUAghgL.jpg,,,2026-08-09,2026-08-10T06:00:03.234Z
CZH-主店一号,B0HBND3T3G,X00587TYIZ,SnowCow Vegan Leather Mahjong Card Holder with 4 Line Readers,,0,0.00,0,0.00,0,0,120,0,0,120,23×16.5×1.5,,,,160,https://m.media-amazon.com/images/I/31snPqS8EJL.jpg,,,2026-08-09,2026-08-10T06:00:03.234Z