店铺,ASIN,产品中文名,销量,销售额,订单数,日均销量,Vine赠品销量(已扣除),可售,入库中,不可售,预留,FBA总量,包装尺寸1(长×宽×高cm),包装尺寸2(长×宽×高cm),包装类型1,包装类型2,包装成本1(CNY),包装成本2(CNY),包装备注1,包装备注2,外箱尺寸(长×宽×高cm),外箱最大装箱数,单品重量(g),图片URL,产品图片1,产品图片2,销售数据截止,库存数据截止
TZH-主店二号,B0FG2XQ7G3,雷朋眼镜盒保护盒,0,0.00,0,0.00,0,3,0,0,0,3,,,,,,,,,,,150,https://m.media-amazon.com/images/I/41fJzzX5QOL.jpg,,,2026-09-12,2026-09-13T12:00:01.035Z
TZH-主店二号,B0FL2BPTB5,TZH-6PCS玩偶支架,66,587.35,63,2.20,0,142,0,0,4,146,10×7.5×7,,,,0.5,,刘师傅 特种牛卡 扣底盒,,50×45×40,90,140,https://m.media-amazon.com/images/I/319FFwQ9yTL.jpg,,,2026-09-12,2026-09-13T12:00:01.035Z
TZH-主店二号,B0FL2CZBH4,TZH-12PCS玩偶支架,330,4521.77,289,11.00,0,360,470,1,46,877,14×7.5×7,,,,0.75,,刘师傅 特种牛卡 扣底盒,,50×40×45,90,188.6,https://m.media-amazon.com/images/I/319FFwQ9yTL.jpg,,,2026-09-12,2026-09-13T12:00:01.035Z
TZH-主店二号,B0FPR3XSX2,6Pcs无线电收纳,0,0.00,0,0.00,0,0,0,0,0,0,23×15×9,,,,1.68,,蓝象牛皮https://item.taobao.com/item.htm?id=669176211019&mi_id=0000Cq-vEypmmpo4YhNtmAAm6QOxGlWncsf6Velau9iEHdU&spm=a21xtw.29178619.0.0&xxc=shop&skuId=5071526367703,,50×35×45,16,400,https://m.media-amazon.com/images/I/41HUbKSVZkL.jpg,,,2026-09-12,2026-09-13T12:00:01.035Z
TZH-主店二号,B0FQNYHWP1,6PcsKpop支架,83,809.19,81,2.77,0,137,100,0,48,285,13×8×6,,飞机盒,,0.67,,"蓝象牛皮
https://item.taobao.com/item.htm?id=668517869529&mi_id=0000Vfc3reX3N6SotHz2am8NGEaC0En5KCG92mHxPStuE8w&skuId=5068032983297&spm=tbpc.boughtlist.suborder_itemtitle.1.5fad2e8dU8ZiSE",,,,120,https://m.media-amazon.com/images/I/31emn58XspL.jpg,,,2026-09-12,2026-09-13T12:00:01.035Z
TZH-主店二号,B0FRG9XKP8,S油门把手,0,0.00,0,0.00,0,1,0,0,0,1,17×9×7,,,,1.12,,蓝象黄https://item.taobao.com/item.htm?id=669212123535&mi_id=0000J-eDpa7AR42N25pZ6UJwu_vAmt1Pec7k-2dqG6mxh7M&spm=tbpc.boughtlist.suborder_itemtitle.1.60c82e8d23jXep&skuId=4983857782857,,,,240,https://m.media-amazon.com/images/I/41RCYgYyKgL.jpg,,,2026-09-12,2026-09-13T12:00:01.035Z
TZH-主店二号,B0GTPYQY5Z,2pcsHm表带红黑,0,0.00,0,0.00,0,1,0,0,1,2,8×18×0.5,,,,0.06,,8*18cm（内空间7*15cm）,,,,10,https://m.media-amazon.com/images/I/512OUzE4OzL.jpg,,,2026-09-12,2026-09-13T12:00:01.035Z
TZH-主店二号,B0GVWD8KR9,3pcsNJB套装紫色,0,0.00,0,0.00,0,0,0,0,2,2,15×8×1.7,28×7×1.8,,,0,0,"3个装
3+3装","吸管自带
1个装：84g
2个装：120g",,,67,https://m.media-amazon.com/images/I/31saJr94ghL.jpg,,,2026-09-12,2026-09-13T12:00:01.035Z
TZH-主店二号,B0GVWF66T8,,0,0.00,0,0.00,0,0,0,0,0,0,15×8×1.7,28×7×1.8,,,0,0,"3个装
3+3装","吸管自带
1个装：84g
2个装：120g",,,67,https://m.media-amazon.com/images/I/31VTdtKL-VL.jpg,,,2026-09-12,2026-09-13T12:00:01.035Z
TZH-主店二号,B0GVWKW4Y1,,0,0.00,0,0.00,0,0,0,0,0,0,15×8×1.7,28×7×1.8,,,0,0,"3个装
3+3装","吸管自带
1个装：84g
2个装：120g",,,67,https://m.media-amazon.com/images/I/31XXnhgwLfL.jpg,,,2026-09-12,2026-09-13T12:00:01.035Z
TZH-主店二号,B0GVWPCJRW,3pcsNJB套装卡其色,0,0.00,0,0.00,0,1,0,0,2,3,15×8×1.7,28×7×1.8,,,0,0,"3个装
3+3装","吸管自带
1个装：84g
2个装：120g",,,67,https://m.media-amazon.com/images/I/31w3IV3V8jL.jpg,,,2026-09-12,2026-09-13T12:00:01.035Z
TZH-主店二号,B0GVWQK5BT,,0,0.00,0,0.00,0,0,0,0,0,0,15×8×1.7,28×7×1.8,,,0,0,"3个装
3+3装","吸管自带
1个装：84g
2个装：120g",,,67,https://m.media-amazon.com/images/I/31xGVXFGllL.jpg,,,2026-09-12,2026-09-13T12:00:01.035Z
TZH-主店二号,B0GVXGBY1W,3pcsNJB套装深蓝,0,0.00,0,0.00,0,1,0,0,0,1,15×8×1.7,28×7×1.8,,,0,0,"3个装
3+3装","吸管自带
1个装：84g
2个装：120g",,,67,https://m.media-amazon.com/images/I/31iQPOfKJHL.jpg,,,2026-09-12,2026-09-13T12:00:01.035Z
TZH-主店二号,B0GVY49NQG,6pcsNJB密封圈卡其,0,0.00,0,0.00,0,1,0,0,2,3,15×8×1.7,28×7×1.8,,,0,0,"3个装
3+3装","吸管自带
1个装：84g
2个装：120g",,,95,https://m.media-amazon.com/images/I/31TQze95JwL.jpg,,,2026-09-12,2026-09-13T12:00:01.035Z
TZH-主店二号,B0GVY4B31K,,0,0.00,0,0.00,0,0,0,0,0,0,15×8×1.7,28×7×1.8,,,0,0,"3个装
3+3装","吸管自带
1个装：84g
2个装：120g",,,95,https://m.media-amazon.com/images/I/4128kMNgbPL.jpg,,,2026-09-12,2026-09-13T12:00:01.035Z
TZH-主店二号,B0GVY4DFMJ,,0,0.00,0,0.00,0,0,0,0,0,0,15×8×1.7,28×7×1.8,,,0,0,"3个装
3+3装","吸管自带
1个装：84g
2个装：120g",,,95,https://m.media-amazon.com/images/I/31dFWTURmRL.jpg,,,2026-09-12,2026-09-13T12:00:01.035Z
TZH-主店二号,B0GVY78V83,6pcsNJB密封圈紫色,0,0.00,0,0.00,0,2,0,0,2,4,15×8×1.7,28×7×1.8,,,0,0,"3个装
3+3装","吸管自带
1个装：84g
2个装：120g",,,95,https://m.media-amazon.com/images/I/31Rhw8tVQiL.jpg,,,2026-09-12,2026-09-13T12:00:01.035Z
TZH-主店二号,B0GVYB51LC,,0,0.00,0,0.00,0,0,0,0,0,0,15×8×1.7,28×7×1.8,,,0,0,"3个装
3+3装","吸管自带
1个装：84g
2个装：120g",,,95,https://m.media-amazon.com/images/I/41B9H0drThL.jpg,,,2026-09-12,2026-09-13T12:00:01.035Z
TZH-主店二号,B0GVYT1NGB,,1,6.99,1,0.03,0,0,0,0,0,0,15×8×1.7,28×7×1.8,,,0,0,"3个装
3+3装","吸管自带
1个装：84g
2个装：120g",,,95,https://m.media-amazon.com/images/I/41Vg1ysYlEL.jpg,,,2026-09-12,2026-09-13T12:00:01.035Z
TZH-主店二号,B0GVYTYDKY,8pcsSF盖,1,4.99,1,0.03,0,0,0,0,0,0,,,,,,,,,,,120,https://m.media-amazon.com/images/I/41vPGERAwTL.jpg,,,2026-09-12,2026-09-13T12:00:01.035Z
TZH-主店二号,B0GWDQVFQ2,AM2L锅,75,1655.28,74,2.50,0,92,1,2,33,128,19×19×11,,,,0.96,,"ARC-914SBD
https://detail.1688.com/offer/814977958807.html?spm=a360q.8274423%2Fnew.goods.productname",,50×40×40,16,340,https://m.media-amazon.com/images/I/31F-WbY9X9L.jpg,,,2026-09-12,2026-09-13T12:00:01.035Z
TZH-主店二号,B0GWFHTRCX,150SBAM5L锅,191,5308.23,191,6.37,0,31,301,2,124,458,24×15×24,,瓦楞盒,,1.26,,"ARC-150SB
https://detail.1688.com/offer/816334523911.html?spm=a360q.8274423%2Fnew.goods.productname",,50×48×49,12,550,https://m.media-amazon.com/images/I/31FDnrjImKL.jpg,https://amz-client-global-1359221291.cos.ap-guangzhou.myqcloud.com/users/f82eadde-4422-426b-b0ea-29b0ed0c3081/uploads/2026-08-07/e00e8a28-8f25-448b-adc5-056522e1e41d.jpg,,2026-09-12,2026-09-13T12:00:01.035Z
TZH-主店二号,B0GWHHR895,YZ10坐垫红色,43,655.60,43,1.43,0,155,0,0,7,162,23×9×4,,,,0.76,,"蓝象黄
https://item.taobao.com/item.htm?id=669176211019&mi_id=0000hhhd33eoX9TrRy2_hWvjOAjzpbJbv0U5FwTKhYnrQEc&spm=tbpc.boughtlist.suborder_itemtitle.1.716d2e8doDe5ZF&skuId=4810171912505
",,,,122,https://m.media-amazon.com/images/I/41TBBuQsjCL.jpg,,,2026-09-12,2026-09-13T12:00:01.035Z
TZH-主店二号,B0GWHY7DZR,YZ10坐垫黑色,71,1107.31,71,2.37,0,266,0,0,7,273,23×9×4,,,,0.76,,"蓝象黄
https://item.taobao.com/item.htm?id=669176211019&mi_id=0000hhhd33eoX9TrRy2_hWvjOAjzpbJbv0U5FwTKhYnrQEc&spm=tbpc.boughtlist.suborder_itemtitle.1.716d2e8doDe5ZF&skuId=4810171912505
",,,,122,https://m.media-amazon.com/images/I/41XMpvUbjfL.jpg,,,2026-09-12,2026-09-13T12:00:01.035Z
TZH-主店二号,B0GWMTGJ45,YZ10坐垫橙色,6,83.95,6,0.20,0,36,0,0,4,40,23×9×4,23×9×4,,,0.76,0.76,"蓝象黄
https://item.taobao.com/item.htm?id=669176211019&mi_id=0000hhhd33eoX9TrRy2_hWvjOAjzpbJbv0U5FwTKhYnrQEc&spm=tbpc.boughtlist.suborder_itemtitle.1.716d2e8doDe5ZF&skuId=4810171912505
","蓝象黄
https://item.taobao.com/item.htm?id=669176211019&mi_id=0000hhhd33eoX9TrRy2_hWvjOGRZ09JLC7UuT2wqutPFd_Q&spm=tbpc.boughtlist.suborder_itemtitle.1.12ff2e8dWIfsnn&skuId=4810171912505",,,122,https://m.media-amazon.com/images/I/41I6YzkMpjL.jpg,,,2026-09-12,2026-09-13T12:00:01.035Z
TZH-主店二号,B0GWZ1JMYS,YZ10坐垫白色,39,615.62,38,1.30,0,114,0,0,6,120,23×9×4,,,,0.76,,"蓝象黄
https://item.taobao.com/item.htm?id=669176211019&mi_id=0000hhhd33eoX9TrRy2_hWvjOAjzpbJbv0U5FwTKhYnrQEc&spm=tbpc.boughtlist.suborder_itemtitle.1.716d2e8doDe5ZF&skuId=4810171912505
",,,,122,https://m.media-amazon.com/images/I/41q+ZTYGKzL.jpg,,,2026-09-12,2026-09-13T12:00:01.035Z
TZH-主店二号,B0GXKN1R6F,1pcsNJB吸管,0,0.00,0,0.00,0,1,0,0,0,1,15×8×1.7,28×7×1.8,,,0,0,"3个装
3+3装","吸管自带
1个装：84g
2个装：120g",,,87,https://m.media-amazon.com/images/I/21KVaIoWJxL.jpg,https://amz-client-global-1359221291.cos.ap-guangzhou.myqcloud.com/users/f82eadde-4422-426b-b0ea-29b0ed0c3081/uploads/2026-04-17/3c2eed62-0463-4e11-903e-25522ee6fc30.png,,2026-09-12,2026-09-13T12:00:01.035Z
TZH-主店二号,B0GXKNL93X,2pcsNJB吸管,0,0.00,0,0.00,0,1,0,0,2,3,15×8×1.7,28×7×1.8,,,0,0,"3个装
3+3装","吸管自带
1个装：84g
2个装：120g",,,112,https://m.media-amazon.com/images/I/31ABFzcgpKL.jpg,https://amz-client-global-1359221291.cos.ap-guangzhou.myqcloud.com/users/f82eadde-4422-426b-b0ea-29b0ed0c3081/uploads/2026-04-17/5a9b2ae7-260e-45bf-9364-3189d396711a.png,,2026-09-12,2026-09-13T12:00:01.035Z
TZH-主店二号,B0GY94BD4W,Zo3L锅,80,2001.23,80,2.67,0,39,224,0,37,300,21×21×12,,瓦楞盒,,1.15,,"21*21;12cm 3层3mm
https://detail.1688.com/offer/814859779345.html?spm=a360q.8274423%2Fnew.goods.productname",,50×45×45,16,700,https://m.media-amazon.com/images/I/31JYhvIWCiL.jpg,https://amz-client-global-1359221291.cos.ap-guangzhou.myqcloud.com/users/f82eadde-4422-426b-b0ea-29b0ed0c3081/uploads/2026-08-07/523076f6-c01a-45df-94d6-269e0e6aea1b.jpg,,2026-09-12,2026-09-13T12:00:01.035Z
TZH-主店二号,B0GYDS1VWD,24Pcs金钥匙链,0,0.00,0,0.00,0,0,0,0,2,2,9.5×6.5×1.6,,,,0.45,,https://detail.1688.com/offer/672142497121.html?_t=1778057855700&spm=a2615.7691456/2506.co_1_0_wangpu_score_0_0_0_0_0_0_0000_0.0,,,,120,https://m.media-amazon.com/images/I/51+85GJ-kPL.jpg,,,2026-09-12,2026-09-13T12:00:01.035Z
TZH-主店二号,B0GYF9RK5Y,卡牌运输套装,188,3718.14,176,6.27,0,41,512,0,92,645,25×19×10,,瓦楞盒,,1.06,,"规格型号: 长宽25*19;10cm 3层3mm
https://detail.1688.com/offer/818341603924.html?spm=a360q.8274423%2Fnew.goods.productname",,50×40×45,16,456,https://m.media-amazon.com/images/I/41ScUXPF+uL.jpg,https://amz-client-global-1359221291.cos.ap-guangzhou.myqcloud.com/users/f82eadde-4422-426b-b0ea-29b0ed0c3081/uploads/2026-08-07/95284ceb-8f31-4a58-b62f-1a0227f85e2a.jpg,https://amz-client-global-1359221291.cos.ap-guangzhou.myqcloud.com/users/f82eadde-4422-426b-b0ea-29b0ed0c3081/uploads/2026-08-07/195bc336-35c9-4002-aa27-46487ab5f607.jpg,2026-09-12,2026-09-13T12:00:01.035Z
TZH-主店二号,B0GZW586ZF,EU白收纳手提盒,208,4057.97,207,6.93,0,20,310,0,27,357,17×10×250,,白卡扣底盒,,,,"优化为 25*10*19
170*100*250mm 350g单铜，300个-1.38元（含运输不含税）
https://detail.1688.com/offer/1068525614482.html?spm=a360q.8274423%2Fnew.goods.productname",,,,200,https://m.media-amazon.com/images/I/41B5ztFXA8L.jpg,https://amz-client-global-1359221291.cos.ap-guangzhou.myqcloud.com/users/f82eadde-4422-426b-b0ea-29b0ed0c3081/uploads/2026-08-07/8c38391e-ab1e-483d-b40a-d453de15201c.jpg,,2026-09-12,2026-09-13T12:00:01.035Z
TZH-主店二号,B0H25MK5M8,4PcsEBIKE避震罩,19,179.82,18,0.63,1,87,0,0,3,90,15×11×6,28×11×4,,,,,蓝象黄 首选,蓝象黄,,,122,https://m.media-amazon.com/images/I/41dDjUKGLpL.jpg,,,2026-09-12,2026-09-13T12:00:01.035Z
TZH-主店二号,B0H35Z5GV8,8Pcs麻将收纳套,70,581.31,50,2.33,0,308,267,0,70,645,16×13.75×1.3,,自封PP袋,,0,,两个四个装合成八个装,,,,185,https://m.media-amazon.com/images/I/31wnZiFFW9L.jpg,https://amz-client-global-1359221291.cos.ap-guangzhou.myqcloud.com/users/f82eadde-4422-426b-b0ea-29b0ed0c3081/uploads/2026-08-07/7f62d04a-6097-42e8-9ad4-02de329b6ef1.jpg,,2026-09-12,2026-09-13T12:00:01.035Z
TZH-主店二号,B0H366YPGD,16PcsG165表套装,91,869.13,90,3.03,0,62,300,0,44,406,15.5×11.5×1.8,,,,0.95,,"
https://detail.1688.com/offer/746018663855.html?spm=a360q.7751291.0.0.3cb229a8Fy54uQ&sk=common",,,,40,https://m.media-amazon.com/images/I/41aYSxkrh2L.jpg,,,2026-09-12,2026-09-13T12:00:01.035Z
TZH-主店二号,B0H36KW9N8,2Pcs洗洁精瓶,281,1998.00,273,9.37,0,0,760,0,147,907,16×6×12,,白卡盒,,,,"120*60*160mm，350g单铜，300个-0.89元
https://detail.1688.com/offer/1068525614482.html?spm=a360q.8274423%2Fnew.goods.productname

",,,,100,https://m.media-amazon.com/images/I/31UCP+u4DSL.jpg,,,2026-09-12,2026-09-13T12:00:01.035Z
TZH-主店二号,B0H36NTQY2,EU配件套装,40,664.65,40,1.33,0,129,540,0,168,837,18.5×12.5×4.2,,塑料盒,,1.35,,"https://detail.1688.com/offer/978444773492.html
规格型号: 小号1842长方盒 18.5*12.5*4.2CM",,40×40×40,54,195,https://m.media-amazon.com/images/I/41weYSmFiaL.jpg,,,2026-09-12,2026-09-13T12:00:01.035Z
TZH-主店二号,B0H36VYNDC,2Pcs针绣画布,106,1413.95,95,3.53,0,349,0,0,94,443,5×5×44,,,,1.2,,"50*50*440mm-300个1.2元/pcs
https://detail.1688.com/offer/1068525614482.html?spm=a360q.8274423%2Fnew.goods.productname",,,,181,https://m.media-amazon.com/images/I/31PhzghMXQL.jpg,,,2026-09-12,2026-09-13T12:00:01.035Z
TZH-主店二号,B0H451QSK6,YZ10坐垫黄色,1,15.99,1,0.03,0,45,0,0,0,45,23×9×4,,,,0.76,,"蓝象黄
https://item.taobao.com/item.htm?id=669176211019&mi_id=0000hhhd33eoX9TrRy2_hWvjOAjzpbJbv0U5FwTKhYnrQEc&spm=tbpc.boughtlist.suborder_itemtitle.1.716d2e8doDe5ZF&skuId=4810171912505
",,,,122,https://m.media-amazon.com/images/I/41RgX7VvLpL.jpg,,,2026-09-12,2026-09-13T12:00:01.035Z
TZH-主店二号,B0H451T7PF,YZ10坐垫绿色,9,147.91,9,0.30,0,32,0,0,3,35,23×9×4,,,,0.76,,"蓝象黄
https://item.taobao.com/item.htm?id=669176211019&mi_id=0000hhhd33eoX9TrRy2_hWvjOAjzpbJbv0U5FwTKhYnrQEc&spm=tbpc.boughtlist.suborder_itemtitle.1.716d2e8doDe5ZF&skuId=4810171912505
",,,,122,https://m.media-amazon.com/images/I/41+0LEpGFyL.jpg,,,2026-09-12,2026-09-13T12:00:01.035Z
TZH-主店二号,B0H453GHTS,YZ10坐垫紫色,6,99.94,6,0.20,0,0,0,0,2,2,23×9×4,,,,0.76,,"蓝象黄
https://item.taobao.com/item.htm?id=669176211019&mi_id=0000hhhd33eoX9TrRy2_hWvjOAjzpbJbv0U5FwTKhYnrQEc&spm=tbpc.boughtlist.suborder_itemtitle.1.716d2e8doDe5ZF&skuId=4810171912505
",,,,122,https://m.media-amazon.com/images/I/41k0MC9qflL.jpg,,,2026-09-12,2026-09-13T12:00:01.035Z
TZH-主店二号,B0H454WDFF,YZ10坐垫蓝色,10,147.91,10,0.33,0,18,0,0,3,21,23×9×4,,,,0.76,,"蓝象黄
https://item.taobao.com/item.htm?id=669176211019&mi_id=0000hhhd33eoX9TrRy2_hWvjOAjzpbJbv0U5FwTKhYnrQEc&spm=tbpc.boughtlist.suborder_itemtitle.1.716d2e8doDe5ZF&skuId=4810171912505
",,,,122,https://m.media-amazon.com/images/I/41lP5fxCLgL.jpg,,,2026-09-12,2026-09-13T12:00:01.035Z
TZH-主店二号,B0H45JL95Q,4色风扇叶,41,584.61,39,1.37,3,100,101,0,65,266,22×9×1.3,,,,0.36,,"220*90*13mm

https://detail.1688.com/offer/666965223145.html?spm=a360q.8274423%2Fnew.goods.productname",,,,50,https://m.media-amazon.com/images/I/41JCqalCxKL.jpg,,,2026-09-12,2026-09-13T12:00:01.035Z
TZH-主店二号,B0H4BBYVR9,2Pcs黑HDJ瓶盖,25,324.75,25,0.83,0,58,0,0,22,80,23.5×12×4,,飞机盒,,0.92,,"蓝象黄
https://item.taobao.com/item.htm?id=972000787976&mi_id=0000LfVC6SiowuIPlYMK6t0J5f1bJrs-eOdBtOBgH4iYmdc&spm=a21xtw.29978516.0.0&xxc=shop&skuId=5925122957796",,,,230,https://m.media-amazon.com/images/I/41lPkbBauML.jpg,,,2026-09-12,2026-09-13T12:00:01.035Z
TZH-主店二号,B0H4GMWHNQ,8Pcs4色KPOP斜挎带,39,359.64,39,1.30,2,166,102,0,243,511,1×1×1,,白卡盒,,,,"规格型号: 30*40（36+4）有孔花刀*OPP自粘袋5丝100个装*OPP*150*透明

https://detail.1688.com/offer/620195621018.html?spm=a360q.8274423%2Fnew.goods.productname",,,,240,https://m.media-amazon.com/images/I/41u4iOXIoKL.jpg,,,2026-09-12,2026-09-13T12:00:01.035Z
TZH-主店二号,B0H4GQMV11,2Pcs3IN黑垫高块,121,1373.85,119,4.03,0,206,135,0,152,493,16.5×8×8,,,,1.22,,"蓝象黄
https://item.taobao.com/item.htm?id=972842721702&mi_id=0000ySW7tmpKubuCcq79cBJsIrK9RKFeA4gWNKOQH-R3TC4&spm=a21xtw.29978516.0.0&xxc=shop&skuId=6090099055450",,,,180,https://m.media-amazon.com/images/I/51Zr1e86WOL.jpg,,,2026-09-12,2026-09-13T12:00:01.035Z
TZH-主店二号,B0H4GRQNW5,4Pcs3IN黑垫高块,19,333.81,19,0.63,0,111,0,0,25,136,17×9.5×15,16.5×16×8,瓦楞盒,,,1.7,自带,"蓝象黄
https://item.taobao.com/item.htm?id=972842721702&mi_id=0000ySW7tmpKubuCcq79cBJsIrK9RKFeA4gWNKOQH-R3TC4&skuId=6090106507017&spm=a21xtw.29978516.0.0&xxc=shop",48×41×36.5,,360,https://m.media-amazon.com/images/I/51tEkv4GklL.jpg,,,2026-09-12,2026-09-13T12:00:01.035Z
TZH-主店二号,B0H4GSWH3T,4Pcs2IN黑垫高块,14,205.86,13,0.47,0,102,0,0,41,143,18×9.3×12.2,16×13×8,瓦楞盒,,,1.52,自带18*9.3*12.2,"蓝象黄
https://item.taobao.com/item.htm?id=972842721702&mi_id=0000ySW7tmpKubuCcq79cBJsIrK9RKFeA4gWNKOQH-R3TC4&skuId=6090099055530&spm=a21xtw.29978516.0.0&xxc=shop",1×1×1,,406,https://m.media-amazon.com/images/I/51ggJ0saAlL.jpg,,,2026-09-12,2026-09-13T12:00:01.035Z
TZH-主店二号,B0H4GTCBH2,4Pcs黑垫高块,32,255.68,31,1.07,0,53,100,0,1,154,14.5×8×8,,,,1.18,,"蓝象黄
https://item.taobao.com/item.htm?id=971406543411&mi_id=0000u0LCG7GaZBbU4PLYFJH1HJigZZIgFEL7pi7u64ox7rg&spm=a21xtw.29978516.0.0&xxc=shop&skuId=5922635536294",,,,200,https://m.media-amazon.com/images/I/51u8ZH2fnOL.jpg,,,2026-09-12,2026-09-13T12:00:01.035Z
TZH-主店二号,B0H4GWDVHD,8Pcs黑垫高块,18,220.83,18,0.60,0,108,124,0,128,360,14.5×14×8,,飞机盒,,1.52,,"蓝象黄
https://item.taobao.com/item.htm?id=971406543411&mi_id=0000u0LCG7GaZBbU4PLYFJH1HJigZZIgFEL7pi7u64ox7rg&skuId=5922635536390&spm=a21xtw.29978516.0.0&xxc=shop",,,,370,https://m.media-amazon.com/images/I/51u8ZH2fnOL.jpg,,,2026-09-12,2026-09-13T12:00:01.035Z
TZH-主店二号,B0H5Q7T54W,4Pcs4色HDJ瓶盖,3,50.97,3,0.10,0,64,0,0,0,64,,,,,,,,,,,460,https://m.media-amazon.com/images/I/41uhu0NW8-L.jpg,,,2026-09-12,2026-09-13T12:00:01.035Z
TZH-主店二号,B0H5QB58R6,2Pcs深蓝HDJ瓶盖,9,103.92,9,0.30,0,46,0,0,4,50,23.5×12×4,,,,0.92,,"蓝象黄
https://item.taobao.com/item.htm?id=972000787976&mi_id=0000LfVC6SiowuIPlYMK6t0J5f1bJrs-eOdBtOBgH4iYmdc&spm=a21xtw.29978516.0.0&xxc=shop&skuId=5925122957796",,,,230,https://m.media-amazon.com/images/I/41sdNuVoxRL.jpg,,,2026-09-12,2026-09-13T12:00:01.035Z
TZH-主店二号,B0H5QCYCV4,2Pcs粉HDJ瓶盖,137,1636.74,137,4.57,0,50,80,0,120,250,23.5×12×4,,,,0.92,,"蓝象黄
https://item.taobao.com/item.htm?id=972000787976&mi_id=0000LfVC6SiowuIPlYMK6t0J5f1bJrs-eOdBtOBgH4iYmdc&spm=a21xtw.29978516.0.0&xxc=shop&skuId=5925122957796",,,,230,https://m.media-amazon.com/images/I/41WmpfPDmYL.jpg,https://amz-client-global-1359221291.cos.ap-guangzhou.myqcloud.com/users/f82eadde-4422-426b-b0ea-29b0ed0c3081/uploads/2026-08-07/f8d4abf4-dd78-4e6f-887b-c62809f3c02a.jpg,,2026-09-12,2026-09-13T12:00:01.035Z
TZH-主店二号,B0H5RKCN5B,2PCSHD扭盖器,141,2068.62,141,4.70,0,82,296,0,55,433,16×70×1.6,,白卡盒,,0.27,,"https://detail.1688.com/offer/950623208711.html
规格型号: 350G白卡纸;160*70*16mm
",,,,100,https://m.media-amazon.com/images/I/31XXzolbPNL.jpg,https://amz-client-global-1359221291.cos.ap-guangzhou.myqcloud.com/users/f82eadde-4422-426b-b0ea-29b0ed0c3081/uploads/2026-08-07/76edddd7-093f-4e99-b12e-6372901f621c.jpg,,2026-09-12,2026-09-13T12:00:01.035Z
TZH-主店二号,B0H5W4HJGM,2Pcs米白HDJ瓶盖,70,883.32,70,2.33,0,113,101,0,68,282,23.5×12×4,,飞机盒,,0.92,,"蓝象黄
https://item.taobao.com/item.htm?id=972000787976&mi_id=0000LfVC6SiowuIPlYMK6t0J5f1bJrs-eOdBtOBgH4iYmdc&spm=a21xtw.29978516.0.0&xxc=shop&skuId=5925122957796",,,,230,https://m.media-amazon.com/images/I/41lx+GbRIrL.jpg,https://amz-client-global-1359221291.cos.ap-guangzhou.myqcloud.com/users/f82eadde-4422-426b-b0ea-29b0ed0c3081/uploads/2026-08-07/54353c83-f8ca-4bd3-8731-f0ec952ff69b.jpg,,2026-09-12,2026-09-13T12:00:01.035Z
TZH-主店二号,B0H6TTFPPQ,BJ黑餐盘,63,1179.38,60,2.10,5,18,268,0,14,300,,,,,,,,,,,618,https://m.media-amazon.com/images/I/41+GncVd8HL.jpg,,,2026-09-12,2026-09-13T12:00:01.035Z
TZH-主店二号,B0H6V2TXYM,VPP斜挎带,84,1244.17,83,2.80,20,0,240,0,6,246,15×9×7,,飞机盒,,1.07,,"蓝象黄
https://item.taobao.com/item.htm?id=668125464780&mi_id=00006GOPlPgu5zps6ZMiBWZW_-O6JNoVoJEwHtsW23Gn3h0&spm=tbpc.boughtlist.suborder_itemtitle.1.1bf22e8dr6Mi7F&skuId=4815284049623",,46×46×43,60,250,https://m.media-amazon.com/images/I/41bCuTFIJ+L.jpg,https://amz-client-global-1359221291.cos.ap-guangzhou.myqcloud.com/users/f82eadde-4422-426b-b0ea-29b0ed0c3081/uploads/2026-08-07/6415db66-8d42-4b1d-a208-427be1173f6e.jpg,,2026-09-12,2026-09-13T12:00:01.035Z
TZH-主店二号,B0H6XH6KNV,浅灰毛毡套,39,662.61,28,1.30,0,8,200,0,1,209,,,,,,,,,,,,https://m.media-amazon.com/images/I/41sHtN+P3uL.jpg,,,2026-09-12,2026-09-13T12:00:01.035Z
TZH-主店二号,B0H6XH6RLN,深灰毛毡套,45,764.55,30,1.50,0,0,200,0,2,202,,,,,,,,,,,,https://m.media-amazon.com/images/I/41m39jHFTsL.jpg,,,2026-09-12,2026-09-13T12:00:01.035Z
TZH-主店二号,B0H714P11S,,0,0.00,0,0.00,0,0,0,0,0,0,,,,,,,,,,,,https://m.media-amazon.com/images/I/21-opJHw6bL.jpg,,,2026-09-12,2026-09-13T12:00:01.035Z
TZH-主店二号,B0H7JL7WTR,CO3L内胆,47,1192.56,47,1.57,28,32,112,0,2,146,21×21×12,,瓦楞盒,,1.15,,"21*21;12cm 3层3mm
https://detail.1688.com/offer/814859779345.html?spm=a360q.8274423%2Fnew.goods.productname",,50×45×45,16,900,https://m.media-amazon.com/images/I/31IFPVW9qGL.jpg,,,2026-09-12,2026-09-13T12:00:01.035Z
TZH-主店二号,B0H7JQCJ61,TG3L内胆,60,1103.54,60,2.00,0,0,288,0,1,289,21×21×12,,瓦楞盒,,1.15,,"21*21;12cm 3层3mm
https://detail.1688.com/offer/814859779345.html?spm=a360q.8274423%2Fnew.goods.productname",,50×45×45,16,500,https://m.media-amazon.com/images/I/31FH-eK-NFL.jpg,,,2026-09-12,2026-09-13T12:00:01.035Z
TZH-主店二号,B0H7SJHR4W,100Pcs触发器,160,1418.58,139,5.33,0,0,672,0,45,717,23.4×16.6×1.7,,塑料盒,,2.11,,"颜色: 3018卡槽30格23.4*16.6*1.7CM
https://detail.1688.com/offer/712457054677.html",,,,170,https://m.media-amazon.com/images/I/51XFyP5SiXL.jpg,https://amz-client-global-1359221291.cos.ap-guangzhou.myqcloud.com/users/f82eadde-4422-426b-b0ea-29b0ed0c3081/uploads/2026-08-07/c67417ee-9dff-4f21-8051-ddb186f4da21.jpg,,2026-09-12,2026-09-13T12:00:01.035Z
TZH-主店二号,B0H8LNWM5P,8Pcs喂养套装,8,71.92,8,0.27,10,88,0,0,13,101,,,,,,,,,,,60,https://m.media-amazon.com/images/I/41CzvXvbkUL.jpg,,,2026-09-12,2026-09-13T12:00:01.035Z
TZH-主店二号,B0H8M2M3PP,YZ10链条,31,811.71,31,1.03,3,84,0,0,3,87,22.5×11×5,,,,1.01,,"蓝象黄
https://item.taobao.com/item.htm?from=cart&id=973859504097&mi_id=0000sRlCwK08Heu-fo5aOKE1voMEu6eGvmT8dctA2dG-h3Y&skuId=5923748512065&spm=a1z0d.6639537%2F202410.item.d973859504097.2f9d7484u78lAS&upStreamPrice=101",,,,1400,https://m.media-amazon.com/images/I/51bs4y0S+ZL.jpg,,,2026-09-12,2026-09-13T12:00:01.035Z
TZH-主店二号,B0H8RZQPVK,3Pcs面包架套装,12,185.88,11,0.40,10,89,0,0,9,98,43.5×28.7×2.7,,,,1.9,,"定制
https://detail.1688.com/offer/769082138444.html?spm=a21i7k.1688_web_im.chatboxOD.0",,,,500,https://m.media-amazon.com/images/I/51S44NmrEML.jpg,,,2026-09-12,2026-09-13T12:00:01.035Z
TZH-主店二号,B0HCZT8BMB,2LAM9内胆,28,575.76,28,0.93,29,19,160,0,50,229,18×18×11,,瓦楞盒,,0.87,,https://detail.1688.com/offer/814977958807.html?spm=a262eq.8274978.im_chat_detail.pc,,50×40×38,16,340,https://m.media-amazon.com/images/I/418piVjqrYL.jpg,,,2026-09-12,2026-09-13T12:00:01.035Z
TZH-主店二号,B0HD6C9GT9,5LAM1020内胆,1,0.00,1,0.03,3,8,48,0,61,117,,,,,,,,,,,498.951,https://m.media-amazon.com/images/I/41eZ-MtsGLL.jpg,,,2026-09-12,2026-09-13T12:00:01.035Z
LPH-主店三号-US,B0FSXJQ73Q,MANS马桶冲水开关,0,0.00,0,0.00,0,0,0,0,0,0,27×8×4,,,,0.78,,"蓝象黄
https://item.taobao.com/item.htm?id=975905906769&mi_id=0000Vy4Vm7lccPYJV7tZ8yJIqPGyd3NleMQfYGdP6SeviHI&spm=tbpc.boughtlist.suborder_itemtitle.1.57c52e8dmiQp7i&skuId=5931038593630",,50×50×50,100,112,https://m.media-amazon.com/images/I/31t2U-0J5IL.jpg,,,2026-09-12,2026-09-13T12:00:01.035Z
LPH-主店三号-US,B0FWC7WNCB,1PCS沙拉罐收纳袋,137,880.66,133,4.57,0,518,0,1,10,529,23×16×3,,,,0.94,,"蓝象黄
https://item.taobao.com/item.htm?id=669176211019&mi_id=0000hhhd33eoX9TrRy2_hWvjOHV-sbButByZ-9Z3YOiQnMU&spm=tbpc.boughtlist.suborder_itemtitle.1.4dff2e8dPcjFhy&skuId=4810171912448",,,,141,https://m.media-amazon.com/images/I/41lrLThQWvL.jpg,,,2026-09-12,2026-09-13T12:00:01.035Z
LPH-主店三号-US,B0FWJ6BW9K,戒指展示柜,5,99.95,4,0.17,0,15,0,0,1,16,1×1×1,,,,,,自带,,,,550,https://m.media-amazon.com/images/I/51Nbj8F8NVL.jpg,,,2026-09-12,2026-09-13T12:00:01.035Z
LPH-主店三号-US,B0FWKCXWY6,12Pcs洗手液套装,129,2140.74,111,4.30,0,102,172,0,20,294,19×10×8,,,,1.14,,"蓝象牛皮
https://item.taobao.com/item.htm?id=668512865488&mi_id=00004KKY2n7FxKwASn8CdkTWCziv_XAq3gr7uXzm0gnG7Z8&skuId=5068156275657&spm=tbpc.boughtlist.suborder_itemtitle.1.70d22e8doMAlBA",,50×44×42,42,331,https://m.media-amazon.com/images/I/515rTJpD3IL.jpg,,,2026-09-12,2026-09-13T12:00:01.035Z
LPH-主店三号-US,B0FWKD1L3W,4Pcs吊牌保护套,0,0.00,0,0.00,0,1,0,0,0,1,19×18×1.6,,,,0.48,,"190*180*16mm
https://detail.1688.com/offer/670045297830.html?spm=a360q.8274423%2Fnew.goods.productname",,,,110,https://m.media-amazon.com/images/I/41LZ3aN305L.jpg,,,2026-09-12,2026-09-13T12:00:01.035Z
LPH-主店三号-US,B0FWKFH1H8,货梯包,0,0.00,0,0.00,0,0,0,0,0,0,30×13×12,,,,2.19,,https://detail.1688.com/offer/825629376602.html?spm=a360q.8274423%2Fnew.goods.productname,,,,572,https://m.media-amazon.com/images/I/412H1eQnV1L.jpg,,,2026-09-12,2026-09-13T12:00:01.035Z
LPH-主店三号-US,B0FY2WZLGG,10PcsB硅胶嘴,286,2777.22,283,9.53,0,326,541,0,73,940,13×8×4,,飞机盒,,0.55,,"蓝象黄
https://item.taobao.com/item.htm?id=668517869529&pisk=g8ebMiq44EYXb0PKGASyNoHsDgM1hgWFBhiTxlp2XxHx1dE4RcJZ_sm6C4Zdmq5GiPN7WzcqkVlZCcaEroJNmoS1ClEKkAPqucUz5zA4uRuazOZ3RjJ4XR-0Zyrp3-5mQdMmIAQF89WU0oDiBS_402Ym2coFQd39MxDJ8qtV99WUmutqDMrRLRzp8Ge96dUtMbB-A4nvWc3OVbnEXApx6KdJy4mtBAhxDLh-YmLtWqhOVQnIDInvHddReDowDAHTW0n-rcHtDPHOVu3oXAdkAc1joospPTIPK9YT0499B8iRS2EfiKn3Emst7og5JUy5-jgLD49OkvY7yVgupa57qyVYu041daMgr5UtfzLR7jqTNzibuwTi7-q4CqrfMZqSEqZt1vtOHuMjlXeqGnp_JuZTTbwPv9DjHqFZnl-Cuuwbuo27bhd-hxPSO-MdKE3aakwsfRbGFyZ3Ezi8JO_A4E9ER5HD13GHC0gFVgOMsCR0G-yTa5QsM0mjagsWk5cxq0gFVgOMsjnocDS5VEFG.&skuId=4988312815220&spm=tbpc.boughtlist.suborder_itempic.d668517869529.441a2e8dXcA1g6",,,,145,https://m.media-amazon.com/images/I/311xovmvm3L.jpg,https://amz-client-global-1359221291.cos.ap-guangzhou.myqcloud.com/users/f82eadde-4422-426b-b0ea-29b0ed0c3081/uploads/2026-08-07/6546823e-d3db-467c-9000-fd4f295c5909.jpg,,2026-09-12,2026-09-13T12:00:01.035Z
LPH-主店三号-US,B0FY2XXG9F,3Pcs浅蓝色O饭盒密封垫,0,0.00,0,0.00,0,0,0,0,0,0,,,,,,,,,,,,https://m.media-amazon.com/images/I/41YtgJvSAmL.jpg,,,2026-09-12,2026-09-13T12:00:01.035Z
LPH-主店三号-US,B0FY31HN9D,3Pcs紫色O饭盒密封垫,0,0.00,0,0.00,0,0,0,0,0,0,,,,,,,,,,,,https://m.media-amazon.com/images/I/419oKiQ-W0L.jpg,,,2026-09-12,2026-09-13T12:00:01.035Z
LPH-主店三号-US,B0FY31WV9L,3Pcs蓝色O饭盒密封垫,0,0.00,0,0.00,0,0,0,0,0,0,,,,,,,,,,,,https://m.media-amazon.com/images/I/41tUGi5DcNL.jpg,,,2026-09-12,2026-09-13T12:00:01.035Z
LPH-主店三号-US,B0FY32B4PW,3Pcs白色O饭盒密封垫,0,0.00,0,0.00,0,0,0,0,0,0,,,,,,,,,,,,https://m.media-amazon.com/images/I/31eg6M4zGwL.jpg,,,2026-09-12,2026-09-13T12:00:01.035Z
LPH-主店三号-US,B0FY32P4CL,3Pcs橙色O饭盒密封垫,0,0.00,0,0.00,0,0,0,0,0,0,,,,,,,,,,,,https://m.media-amazon.com/images/I/41wFBIXkDrL.jpg,,,2026-09-12,2026-09-13T12:00:01.035Z
LPH-主店三号-US,B0FY34NY1V,3Pcs萝卜色O饭盒密封垫,0,0.00,0,0.00,0,0,0,0,0,0,,,,,,,,,,,,https://m.media-amazon.com/images/I/41nHXFfzAxL.jpg,,,2026-09-12,2026-09-13T12:00:01.035Z
LPH-主店三号-US,B0FYF131Z1,2Pcs高尔夫清洁套,141,1964.59,118,4.70,0,611,5,0,7,623,20×20×4.5,,,,0.17,,"磨砂自封袋，警示语，14丝
https://detail.1688.com/offer/602048545352.html",,50×40×39,50,290,,,,2026-09-12,2026-09-13T12:00:01.035Z
LPH-主店三号-US,B0FZSM95JC,Nu婴儿车罩,0,0.00,0,0.00,0,0,0,0,0,0,30×26×1.65,,,,0.95,,"300*260*16.5mm
https://detail.1688.com/offer/670494068600.html?spm=a360q.8274423%2Fnew.goods.productname",,,,200,https://m.media-amazon.com/images/I/41xW9y8w8XL.jpg,,,2026-09-12,2026-09-13T12:00:01.035Z
LPH-主店三号-US,B0FZSY68B2,400Pcs黄油收纳套装,77,1519.24,77,2.57,0,107,40,0,12,159,26.5×26×3,,,,1.5,,"蓝象黄
https://item.taobao.com/item.htm?id=972520810278&mi_id=0000hvtdryB9Rmj45pv5vwHFtft2okN34i09jIto6cJpxiM&spm=tbpc.boughtlist.suborder_itemtitle.1.60c82e8d23jXep&skuId=5923804576840",,,,1050,https://m.media-amazon.com/images/I/31Dm+iWZIhL.jpg,,,2026-09-12,2026-09-13T12:00:01.035Z
LPH-主店三号-US,B0FZT4JBTF,180Pcs猫砂袋,51,1019.49,51,1.70,0,3,0,0,2,5,29×16×9,,,,1.9,,,,32×35×38,8,1999,https://m.media-amazon.com/images/I/413W8koN0oL.jpg,,,2026-09-12,2026-09-13T12:00:01.035Z
LPH-主店三号-US,B0G2BL89SH,6PcsKee垫,323,6316.84,311,10.77,0,86,846,0,32,964,34×20×4,,,,1.62,,"蓝象黄
https://item.taobao.com/item.htm?id=668073024491&mi_id=0000aEDfh96lNn__CjOSmNzH8_kNd3pP3VTgOHkWgecAjl0&skuId=4815035973333&spm=tbpc.boughtlist.suborder_itemtitle.1.7e222e8dwXgfG0",,43×42×43,24,530,https://m.media-amazon.com/images/I/318OXMyr+uL.jpg,https://amz-client-global-1359221291.cos.ap-guangzhou.myqcloud.com/users/f82eadde-4422-426b-b0ea-29b0ed0c3081/uploads/2026-01-17/b1d51c2a-e339-4961-81fb-28d5b244aa6c.jpg,,2026-09-12,2026-09-13T12:00:01.035Z
LPH-主店三号-US,B0G2BR58FK,Gra收纳包,397,6252.09,393,13.23,0,630,702,5,148,1485,24×20×4,,飞机盒,,1.08,,"蓝象牛皮
https://item.taobao.com/item.htm?id=668821258070&mi_id=0000NcM87Ieqgj20YXf7zEL6w0NhH4cHQL-tWcuKgorzw-c&spm=tbpc.boughtlist.suborder_itemtitle.1.60c82e8d23jXep&skuId=4894361088498",,50×44×42,40,500,https://m.media-amazon.com/images/I/31OmEvHSEcL.jpg,https://amz-client-global-1359221291.cos.ap-guangzhou.myqcloud.com/users/f82eadde-4422-426b-b0ea-29b0ed0c3081/uploads/2026-08-07/7526664e-7839-49da-92dc-6308380f3741.jpg,,2026-09-12,2026-09-13T12:00:01.035Z
LPH-主店三号-US,B0G2BVWMMP,Gra婴儿车罩,0,0.00,0,0.00,0,0,0,0,0,0,37×29×1.5,,,,1.32,,"370*290*15mm
https://detail.1688.com/offer/633297259923.html?spm=a360q.8274423%2Fnew.goods.productname",,,,240,,https://amz-client-global-1359221291.cos.ap-guangzhou.myqcloud.com/users/a4e037ee-6fe5-4428-bb2d-4a981f8b78f2/uploads/2025-11-15/1eb276f8-dd00-4382-82b9-7bb44cb56216.jpg,,2026-09-12,2026-09-13T12:00:01.035Z
LPH-主店三号-US,B0G2BYPP3C,2Pcs充气泵,0,0.00,0,0.00,0,0,0,0,0,0,25.5×11×6,,,,1.01,,蓝象牛皮https://item.taobao.com/item.htm?id=973216781732&mi_id=0000M1VSFUazrqavJoTFJdH2uQ7eewINgoqRHfkmH-2kXB4&spm=tbpc.boughtlist.suborder_itemtitle.1.7e222e8dwXgfG0&skuId=6089871822945,,,,190,https://m.media-amazon.com/images/I/41mnFh6orJL.jpg,,,2026-09-12,2026-09-13T12:00:01.035Z
LPH-主店三号-US,B0G2C7D1SM,R20把手,0,0.00,0,0.00,0,0,0,0,0,0,15×10×6,,,,0.96,,"蓝象黄
https://item.taobao.com/item.htm?id=668125464780&mi_id=00006GOPlPgu5zps6ZMiBWZW_5tXGvBL8Odc0sfsaq80FhQ&skuId=4815284049614&spm=tbpc.boughtlist.suborder_itemtitle.1.60c82e8d23jXep",,,,220,https://m.media-amazon.com/images/I/41ZJWfw9qYL.jpg,https://amz-client-global-1359221291.cos.ap-guangzhou.myqcloud.com/users/a4e037ee-6fe5-4428-bb2d-4a981f8b78f2/uploads/2025-11-15/ecf66af9-38d6-430a-9950-520a44b10394.png,,2026-09-12,2026-09-13T12:00:01.035Z
LPH-主店三号-US,B0G4X9DYRD,Ama表带灰色,0,0.00,0,0.00,0,0,0,0,1,1,,,,,,,,,,,55,https://m.media-amazon.com/images/I/51zVvE+bLxL.jpg,,,2026-09-12,2026-09-13T12:00:01.035Z
LPH-主店三号-US,B0G4ZW7HLD,Ama表带蓝色,0,0.00,0,0.00,0,0,0,0,0,0,,,,,,,,,,,55,https://m.media-amazon.com/images/I/51y0SdHQdcL.jpg,,,2026-09-12,2026-09-13T12:00:01.035Z
LPH-主店三号-US,B0G5131JKM,Ama表带黑色,0,0.00,0,0.00,0,0,0,0,0,0,,,,,,,,,,,55,https://m.media-amazon.com/images/I/515bLf7A03L.jpg,,,2026-09-12,2026-09-13T12:00:01.035Z
LPH-主店三号-US,B0G5132KBX,Ama表带深蓝色,0,0.00,0,0.00,0,0,0,0,0,0,,,,,,,,,,,55,https://m.media-amazon.com/images/I/51HjT65ARpL.jpg,,,2026-09-12,2026-09-13T12:00:01.035Z
LPH-主店三号-US,B0G517WLDZ,Ama表带橙色,0,0.00,0,0.00,0,0,0,0,0,0,,,,,,,,,,,55,https://m.media-amazon.com/images/I/519zRqd-ZnL.jpg,,,2026-09-12,2026-09-13T12:00:01.035Z
LPH-主店三号-US,B0G51DK4YX,Ama表带卡其色,0,0.00,0,0.00,0,0,0,0,1,1,,,,,,,,,,,55,https://m.media-amazon.com/images/I/415n-aPQgCL.jpg,,,2026-09-12,2026-09-13T12:00:01.035Z
LPH-主店三号-US,B0G52D3YWJ,klee纸巾套长方形,0,0.00,0,0.00,0,0,0,0,0,0,25.5×18×1.3,,,,0.61,,"255*180*13mm
https://detail.1688.com/offer/976262290149.html?spm=a360q.8274423%2Fnew.goods.productname",,,,120,https://m.media-amazon.com/images/I/41+ODTCsygL.jpg,https://amz-client-global-1359221291.cos.ap-guangzhou.myqcloud.com/users/f82eadde-4422-426b-b0ea-29b0ed0c3081/uploads/2026-01-17/2b88ffb7-9c53-4e32-aa45-376898c56a2a.jpg,,2026-09-12,2026-09-13T12:00:01.035Z
LPH-主店三号-US,B0G52GF51W,klee纸巾套正方形,0,0.00,0,0.00,0,0,0,0,0,0,20×14×1.6,,,,0.42,,"200*140*16mm
https://detail.1688.com/offer/665742676896.html?spm=a360q.8274423%2Fnew.goods.productname",,,,152.5,https://m.media-amazon.com/images/I/31vNhwbG3XL.jpg,https://amz-client-global-1359221291.cos.ap-guangzhou.myqcloud.com/users/f82eadde-4422-426b-b0ea-29b0ed0c3081/uploads/2026-01-17/6d96dc45-074a-486b-8241-f8ef4f1fca1b.jpg,,2026-09-12,2026-09-13T12:00:01.035Z
LPH-主店三号-US,B0G52H2CL5,klee纸巾套套装,0,0.00,0,0.00,0,0,0,0,0,0,,,,,,,,,,,,https://m.media-amazon.com/images/I/4120j9rS1-L.jpg,,,2026-09-12,2026-09-13T12:00:01.035Z
LPH-主店三号-US,B0G57JYVXN,3PCS盖子Takeya,193,1858.14,188,6.43,0,31,310,1,32,374,27×8×5,,飞机盒,,0.93,,"蓝象黄
https://item.taobao.com/item.htm?id=975905906769&mi_id=0000L50dA0--2p93oUrWLl8Fu4ES5BLslXbQb1rt12c4Xx0&skuId=5931038593631&spm=a21xtw.29178619.0.0&xxc=shop",,,,210,https://m.media-amazon.com/images/I/41HHLl4w2nL.jpg,https://amz-client-global-1359221291.cos.ap-guangzhou.myqcloud.com/users/f82eadde-4422-426b-b0ea-29b0ed0c3081/uploads/2026-08-07/ec6934b2-87c5-474f-9bbf-7f9f7cc3c71a.png,https://amz-client-global-1359221291.cos.ap-guangzhou.myqcloud.com/users/f82eadde-4422-426b-b0ea-29b0ed0c3081/uploads/2026-08-07/f94205a0-9d22-42a3-b897-2401e01767aa.jpg,2026-09-12,2026-09-13T12:00:01.035Z
LPH-主店三号-US,B0G58J9G7P,12PCS胶圈套装Thermos,5,44.95,5,0.17,0,10,0,0,0,10,6.5×5×5,,,,0.46,,"蓝象黄
https://item.taobao.com/item.htm?id=972501629857&mi_id=0000Ie36BbaBfQdTHkYXOLh0XrsTzhnoh7dmqXgYOc5aFks&spm=tbpc.boughtlist.suborder_itemtitle.1.60c82e8d23jXep&skuId=6089446203613",,,,60,https://m.media-amazon.com/images/I/41YMj1B6E+L.jpg,,,2026-09-12,2026-09-13T12:00:01.035Z
LPH-主店三号-US,B0G8HN1Y93,4PCS拉链RTIC,0,0.00,0,0.00,0,0,0,0,1,1,9×7.2×1.5,,,,0.31,,"9.0小长方盒9*7.2*1.5CM
https://detail.1688.com/offer/588512234295.html?spm=a360q.8274423%2Fnew.goods.productname",,,,80,https://m.media-amazon.com/images/I/41S4pkyNAEL.jpg,,,2026-09-12,2026-09-13T12:00:01.035Z
LPH-主店三号-US,B0G8XXCJ2X,2pcs沙拉罐收纳袋,118,1212.87,113,3.93,0,191,84,0,11,286,23×16×5,,,,1.28,,"蓝象黄
https://item.taobao.com/item.htm?from=cart&id=669176211019&mi_id=00001d80HGYO41Dpr07-LpYjJVLYdsI3mqBm0bWyNqzdEpw&skuId=4810171912450&spm=a1z0d.6639537%2F202410.item.d669176211019.476a7484KcWExg&upStreamPrice=128",,,,345,https://m.media-amazon.com/images/I/418EaP+np8L.jpg,,,2026-09-12,2026-09-13T12:00:01.035Z
LPH-主店三号-US,B0G91V37GH,12pcs过滤器momcozy,278,6757.40,278,9.27,0,0,880,0,39,919,12.7×9×13,,瓦楞扣底盒,,,,自带包装    205g,,,,190,https://m.media-amazon.com/images/I/41RKX5WlHQL.jpg,https://amz-client-global-1359221291.cos.ap-guangzhou.myqcloud.com/users/f82eadde-4422-426b-b0ea-29b0ed0c3081/uploads/2026-08-07/b5fa8bfa-1547-4f8d-a174-c2ab07d42083.jpg,,2026-09-12,2026-09-13T12:00:01.035Z
LPH-主店三号-US,B0GCCRNMHK,4pcs手柄绳,303,2977.02,286,10.10,0,17,700,0,125,842,20.5×12.5×0.5,,透明珠光袋,,,,两套两件装合一套四件装 自带 10g,,,,10,https://m.media-amazon.com/images/I/41cKVtT4bRL.jpg,https://amz-client-global-1359221291.cos.ap-guangzhou.myqcloud.com/users/f82eadde-4422-426b-b0ea-29b0ed0c3081/uploads/2026-08-07/89af37b5-4ffe-48b7-9994-64ff6e5b850d.jpg,,2026-09-12,2026-09-13T12:00:01.035Z
LPH-主店三号-US,B0GD6G5L61,新HB手环灰色,3,8.97,3,0.10,0,3,0,0,3,6,6×19×1,,,,0.05,,"透明 加厚款 6*19cm 空白珠光袋 6*19cm
https://detail.1688.com/offer/727906837720.html?spm=a360q.8274423%2Fnew.goods.productname",,,,20,https://m.media-amazon.com/images/I/41GGuEGRK9L.jpg,,,2026-09-12,2026-09-13T12:00:01.035Z
LPH-主店三号-US,B0GD6WFV99,新HB手环蓝色,0,0.00,0,0.00,0,0,0,0,0,0,6×19×1,,,,0.05,,"透明 加厚款 6*19cm 空白珠光袋 6*19cm
https://detail.1688.com/offer/727906837720.html?spm=a360q.8274423%2Fnew.goods.productname",,,,20,https://m.media-amazon.com/images/I/416G9PTugGL.jpg,,,2026-09-12,2026-09-13T12:00:01.035Z
LPH-主店三号-US,B0GGH41FDJ,新2pcs黑板磁铁,0,0.00,0,0.00,0,0,0,0,0,0,41.5×8×7,,,,1.58,,"蓝象黄
https://item.taobao.com/item.htm?id=973913488474&mi_id=000067oPkefdnEJM5ERYK3TteZfcAQEGILQHdvZEBB0F9QE&skuId=6089969590748&spm=tbpc.boughtlist.suborder_itemtitle.1.60c82e8d23jXep",,,,480,https://m.media-amazon.com/images/I/41YCQ6HdxoL.jpg,https://amz-client-global-1359221291.cos.ap-guangzhou.myqcloud.com/users/f82eadde-4422-426b-b0ea-29b0ed0c3081/uploads/2026-01-17/c9839638-5ebe-4d9d-b811-241a74f66ab5.jpg,,2026-09-12,2026-09-13T12:00:01.035Z
LPH-主店三号-US,B0GGHCPDV3,2PCS尖头搅拌器Sunbeam,55,847.47,55,1.83,0,38,86,0,5,129,14×22×1,20×7×6,,,0.08,0.9,"透明双面共10丝;14*22cm;PE
https://detail.1688.com/offer/557310416914.html?spm=a360q.8274423%2Fnew.goods.productname","蓝象黄
https://item.taobao.com/item.htm?id=668512389538&mi_id=0000hDRILWuG4ug9pVxjrO45C3Kfzxr2Jb2M5fU7Gdv9Sbs&spm=tbpc.boughtlist.suborder_itemtitle.1.13032e8dwd4YKN&skuId=4810329024535",,,250,https://m.media-amazon.com/images/I/41f0pCGwzaL.jpg,,,2026-09-12,2026-09-13T12:00:01.035Z
LPH-主店三号-US,B0GGHJCFHB,2PCS一对平头搅拌器Sunbeam,49,703.56,49,1.63,0,40,74,0,10,124,20×7×6,,,,0.9,,"蓝象黄
https://item.taobao.com/item.htm?id=668512389538&mi_id=0000Pv3P-T8cqXWwKhRxedLU0kfcPc90HZ0vDYp8RVx3Yhc&spm=a21xtw.29178619.0.0&xxc=shop&skuId=4810329024535",,,,250,https://m.media-amazon.com/images/I/41IeLlUiwVL.jpg,,,2026-09-12,2026-09-13T12:00:01.035Z
LPH-主店三号-US,B0GGQRSCM1,轮子替换套装Samsonite,73,1206.29,70,2.43,0,62,300,1,11,374,10×10×4,,飞机盒,,0.56,,"10*10*4 蓝象内径
https://item.taobao.com/item.htm?id=668132584548&mi_id=0000tUaGFLNAiCIazVwQM9Ja3QJQbBgrgjtP5pdoqUZzBkg&spm=tbpc.boughtlist.suborder_itemtitle.1.70d22e8doMAlBA&skuId=4894858652288",,,,393,https://m.media-amazon.com/images/I/51JXIRP+XoL.jpg,,,2026-09-12,2026-09-13T12:00:01.035Z
LPH-主店三号-US,B0GGRLM9Z9,govee电源保护壳,0,0.00,0,0.00,0,0,0,0,1,1,17.5×8.5×5,,,,,,自带  144g,,,,145,https://m.media-amazon.com/images/I/4101My1PkML.jpg,,,2026-09-12,2026-09-13T12:00:01.035Z
LPH-主店三号-US,B0GGYSVPSX,GOVEE线1母2公,1,7.99,1,0.03,0,1,0,0,0,1,11.5×9.5×1.8,,,,,,自带   28g,,,,56,https://m.media-amazon.com/images/I/411Nanz47ML.jpg,,,2026-09-12,2026-09-13T12:00:01.035Z
LPH-主店三号-US,B0GGZ1ZN5M,底部保护器ninja,4,31.96,4,0.13,0,0,0,0,0,0,8×8×6.5,,,,,,自带  76.5g,,,,76,https://m.media-amazon.com/images/I/41io7TEVo7L.jpg,,,2026-09-12,2026-09-13T12:00:01.035Z
LPH-主店三号-US,B0GH74B4RK,新戒指展示架白色,3,65.97,3,0.10,0,7,0,0,1,8,37×36.5×5,,,,,,自带,,,,550,https://m.media-amazon.com/images/I/512f-rE460L.jpg,,,2026-09-12,2026-09-13T12:00:01.035Z
LPH-主店三号-US,B0GHQRM96K,,0,0.00,0,0.00,0,0,0,0,0,0,,,,,,,,,,,,https://m.media-amazon.com/images/I/71snQqB7Z1L._SL75_.jpg,,,2026-09-12,2026-09-13T12:00:01.035Z
LPH-主店三号-US,B0GHW55JGW,芝士切割器,1,9.99,1,0.03,0,0,0,0,0,0,,,,,,,,,,,134,https://m.media-amazon.com/images/I/31HsiONnhwL.jpg,,,2026-09-12,2026-09-13T12:00:01.035Z
LPH-主店三号-US,B0GHXZ3LWF,4PCS湿巾保护套,0,0.00,0,0.00,0,0,0,0,0,0,26×26×1.6,,,,0.9,,"260*260*16mm   170g
https://detail.1688.com/offer/976262290149.html?_t=1769508867042&spm=a2615.7691456.co_1_0_wangpu_score_0_0_0_0_0_0_0000_0.0",,,,144,,,,2026-09-12,2026-09-13T12:00:01.035Z
LPH-主店三号-US,B0GHYCGQ4C,墨水补充剂,0,0.00,0,0.00,0,0,0,0,0,0,28×14×6,,,,1.49,,"蓝象黄
https://item.taobao.com/item.htm?from=cart&id=669170011863&mi_id=0000AHaxQSFmAgJbkePXBzAxJa4BfBpiRTslh4jLSU87eMI&skuId=4815075169766&spm=a1z0d.6639537%2F202410.item.d669170011863.476a7484KcWExg&upStreamPrice=149",,50×30×30,16,1010,https://m.media-amazon.com/images/I/41NelL40q+L.jpg,,,2026-09-12,2026-09-13T12:00:01.035Z
LPH-主店三号-US,B0GJ3M3G9D,透明款耳机保护套,0,0.00,0,0.00,0,2,0,0,0,2,,,,,,,,,,,36.7,https://m.media-amazon.com/images/I/317kFFQPj0L.jpg,https://amz-client-global-1359221291.cos.ap-guangzhou.myqcloud.com/users/aa507b44-2556-4e09-bf76-88d4e716b41d/uploads/2026-01-30/68b5db24-75f7-4d93-a0d3-7d2c7cd600a9.png,,2026-09-12,2026-09-13T12:00:01.035Z
LPH-主店三号-US,B0GJDG4Q7C,灰色款耳机保护套,0,0.00,0,0.00,0,0,0,0,0,0,,,,,,,,,,,36.7,https://m.media-amazon.com/images/I/41VFvFwqFQL.jpg,https://amz-client-global-1359221291.cos.ap-guangzhou.myqcloud.com/users/aa507b44-2556-4e09-bf76-88d4e716b41d/uploads/2026-01-30/84e79a08-8270-4798-a5bf-67514dd6e9de.png,,2026-09-12,2026-09-13T12:00:01.035Z
LPH-主店三号-US,B0GJDHSSVY,橙色款耳机保护套,0,0.00,0,0.00,0,0,0,0,0,0,,,,,,,,,,,36.7,https://m.media-amazon.com/images/I/41wPJt4+hLL.jpg,https://amz-client-global-1359221291.cos.ap-guangzhou.myqcloud.com/users/aa507b44-2556-4e09-bf76-88d4e716b41d/uploads/2026-01-30/9e189dd0-97a3-4224-9cb3-4ccf204ce00f.png,,2026-09-12,2026-09-13T12:00:01.035Z
LPH-主店三号-US,B0GKM2W6NK,,0,0.00,0,0.00,0,0,0,0,0,0,,,,,,,,,,,10,https://m.media-amazon.com/images/I/41rjHLgAZuL.jpg,https://amz-client-global-1359221291.cos.ap-guangzhou.myqcloud.com/users/aa507b44-2556-4e09-bf76-88d4e716b41d/uploads/2026-01-30/47cc1a97-0851-4398-918e-bbb99a04b400.jpg,,2026-09-12,2026-09-13T12:00:01.035Z
LPH-主店三号-US,B0GKM9ZFHW,3pcs黑绿橙HB表带,1,7.99,1,0.03,0,1,0,0,0,1,10×18×1,,,,0.08,,10×18cm*18丝【白】*100个 https://detail.1688.com/offer/573862845179.html?spm=a360q.8274423%2Fnew.goods.productname,,,,31,https://m.media-amazon.com/images/I/41oE4sZeu8L.jpg,https://amz-client-global-1359221291.cos.ap-guangzhou.myqcloud.com/users/aa507b44-2556-4e09-bf76-88d4e716b41d/uploads/2026-01-30/605b7fef-be15-4647-a3da-b6f3de669e73.jpg,,2026-09-12,2026-09-13T12:00:01.035Z
LPH-主店三号-US,B0GKMFXBLN,3pcs灰粉橙HB表带,0,0.00,0,0.00,0,0,0,0,1,1,18×10×1,,,,0.08,,"10×18cm*18丝【白】*100个
https://detail.1688.com/offer/573862845179.html?spm=a360q.8274423%2Fnew.goods.productname",,,,31,https://m.media-amazon.com/images/I/41EPOk6wngL.jpg,https://amz-client-global-1359221291.cos.ap-guangzhou.myqcloud.com/users/aa507b44-2556-4e09-bf76-88d4e716b41d/uploads/2026-01-30/5e4e0a54-3bc3-4f44-8718-35f770a9f41f.jpg,,2026-09-12,2026-09-13T12:00:01.035Z
LPH-主店三号-US,B0GQ9CDWCP,,0,0.00,0,0.00,0,0,0,0,0,0,,,,,,,,,,,,https://m.media-amazon.com/images/I/51iQO6UF+uL.jpg,,,2026-09-12,2026-09-13T12:00:01.035Z
LPH-主店三号-US,B0GQB6R4FL,,0,0.00,0,0.00,0,0,0,0,0,0,,,,,,,,,,,,,,,2026-09-12,2026-09-13T12:00:01.035Z
LPH-主店三号-US,B0GQGQ8Z8F,,0,0.00,0,0.00,0,0,0,0,0,0,,,,,,,,,,,,https://m.media-amazon.com/images/I/61p1KVs8ScL._SL75_.jpg,,,2026-09-12,2026-09-13T12:00:01.035Z
LPH-主店三号-US,B0GQSP988T,,0,0.00,0,0.00,0,0,0,0,0,0,,,,,,,,,,,,https://m.media-amazon.com/images/I/71eHnIgDLwL._SL75_.jpg,,,2026-09-12,2026-09-13T12:00:01.035Z
LPH-主店三号-US,B0GTLMH86Z,新HB手环黑色,0,0.00,0,0.00,0,3,0,0,0,3,6×19×1,,,,0.05,,"透明 加厚款 6*19cm 空白珠光袋 6*19cm
https://detail.1688.com/offer/727906837720.html?spm=a360q.8274423%2Fnew.goods.productname",,,,20,https://m.media-amazon.com/images/I/41MKi2DOSXL.jpg,,,2026-09-12,2026-09-13T12:00:01.035Z
LPH-主店三号-US,B0GYF5796P,18PcsPremier过滤海绵片,38,509.66,36,1.27,0,0,100,0,1,101,,,,,,,,,,,168.6,https://m.media-amazon.com/images/I/41ZiFokeTRL.jpg,,,2026-09-12,2026-09-13T12:00:01.035Z
LPH-主店三号-US,B0GYF5YXXG,18PcsPremier黑过滤海绵,50,419.58,50,1.67,0,0,98,0,12,110,20×20×5,,,,1.4,,https://item.taobao.com/item.htm?id=742748269776&mi_id=00008tyfAQjPjVGGQA96GLKI8p08We-OqM0sC7VuUnjGs4s&skuId=5124978777336&spm=a21xtw.29178619.0.0&xxc=shop,,,,333,https://m.media-amazon.com/images/I/41GtfMpEFML.jpg,,,2026-09-12,2026-09-13T12:00:01.035Z
LPH-主店三号-US,B0GYF7WK58,12PcsPremier过滤海绵片,322,3166.83,315,10.73,0,0,630,0,10,640,,,,,,,,,,,150,https://m.media-amazon.com/images/I/41ZiFokeTRL.jpg,,,2026-09-12,2026-09-13T12:00:01.035Z
LPH-主店三号-US,B0GYFDQ2CG,12+6PcsPremier黑白过滤套装,278,3885.57,273,9.27,16,0,1008,0,10,1018,19×8×7,,飞机盒,,1.1,,"黄纸色【超硬 / 进口纸】
",,52×41×52,84,90,https://m.media-amazon.com/images/I/41ZiFokeTRL.jpg,,,2026-09-12,2026-09-13T12:00:01.035Z
LPH-主店三号-US,B0H4Z1VCGS,2PCS-Gra收纳包,13,337.87,12,0.43,0,31,0,0,1,32,,,,,,,,,,,1000,https://m.media-amazon.com/images/I/31OjMDodaIL.jpg,,,2026-09-12,2026-09-13T12:00:01.035Z
DZH-已结束,B0F53TXZT2,堡垒之夜派对装饰套装,0,0.00,0,0.00,0,0,0,0,2,2,,,,,,,,,,,,https://m.media-amazon.com/images/I/81Ek7DP7UqL._SL75_.jpg,,,2026-09-12,2026-09-13T12:00:01.035Z
DZH-已结束,B0FFGX6SVP,LBB吸管盖,0,0.00,0,0.00,0,0,240,0,0,240,,,,,,,,,,,,https://m.media-amazon.com/images/I/714QeRg-+zL._SL75_.jpg,,,2026-09-12,2026-09-13T12:00:01.035Z
SJJ-LBB,B0FG31WQ3N,LBB玩偶支架,0,0.00,0,0.00,0,2482,0,1,306,2789,,,,,,,,,,,144,https://m.media-amazon.com/images/I/61Vv1UXVkaL._SL75_.jpg,https://amz-client-global-1359221291.cos.ap-guangzhou.myqcloud.com/users/f82eadde-4422-426b-b0ea-29b0ed0c3081/uploads/2025-09-02/1aafef0e-fc2f-40f7-a79f-9e960afd7caa.png,,2026-09-12,2026-09-13T12:00:01.035Z
SJJ-LBB,B0FG3384N7,LBB玩偶包（粉）,0,0.00,0,0.00,0,0,0,0,0,0,,,,,,,,,,,,https://m.media-amazon.com/images/I/618kP2hc0fL._SL75_.jpg,,,2026-09-12,2026-09-13T12:00:01.035Z
SJJ-LBB,B0FGJHLXKG,LBB挂钩防丢绳,0,0.00,0,0.00,0,29,0,0,4,33,,,,,,,,,,,,https://m.media-amazon.com/images/I/61+UFqV-EPL._SL75_.jpg,https://amz-client-global-1359221291.cos.ap-guangzhou.myqcloud.com/users/f82eadde-4422-426b-b0ea-29b0ed0c3081/uploads/2025-09-30/da04c23b-9dfa-4c1f-9829-685d1043780d.png,,2026-09-12,2026-09-13T12:00:01.035Z
SJJ-LBB,B0FGX8TC6F,LBB黄铜挂钩套装,0,0.00,0,0.00,0,0,0,0,0,0,,,,,,,,,,,,https://m.media-amazon.com/images/I/617prq8qTEL._SL75_.jpg,,,2026-09-12,2026-09-13T12:00:01.035Z
SJJ-LBB,B0FH2PJPB3,LBB18色挂绳,0,0.00,0,0.00,0,4,0,0,0,4,,,,,,,,,,,,https://m.media-amazon.com/images/I/710vYT9NvkL._SL75_.jpg,https://amz-client-global-1359221291.cos.ap-guangzhou.myqcloud.com/users/f82eadde-4422-426b-b0ea-29b0ed0c3081/uploads/2025-09-30/73cd161d-f9f5-4f2a-a7e2-83144778e61d.png,,2026-09-12,2026-09-13T12:00:01.035Z
SJJ-LBB,B0FKSSXD1B,SJJ-12PCS玩偶支架,0,0.00,0,0.00,0,0,0,0,0,0,,,,,,,,,,,,https://m.media-amazon.com/images/I/61fyESfjmqL._SL75_.jpg,,,2026-09-12,2026-09-13T12:00:01.035Z
SJJ-LBB,B0FMK5NV94,8色-LBB挂钩防丢绳,0,0.00,0,0.00,0,0,0,0,0,0,,,,,,,,,,,,https://m.media-amazon.com/images/I/71t9qnM2w7L._SL75_.jpg,,,2026-09-12,2026-09-13T12:00:01.035Z
SJJ-LBB,B0FZTPN1MR,2Pcs花瓶,0,0.00,0,0.00,0,0,0,0,0,0,,,,,,,,,,,200,https://m.media-amazon.com/images/I/612QVOZAFGL._SL75_.jpg,,,2026-09-12,2026-09-13T12:00:01.035Z
SBB-副店一号,B0F99J5546,VIVOHOME池塘过滤器海绵,0,0.00,0,0.00,0,225,0,0,0,225,,,,,,,,,,,,https://m.media-amazon.com/images/I/81LRu4BZ5RL._SL75_.jpg,,,2026-09-12,2026-09-13T12:00:01.035Z
SBB-副店一号,B0FDB5PW57,Babyjorn摇椅替换套,0,0.00,0,0.00,0,59,0,0,5,64,,,,,,,,,,,,https://m.media-amazon.com/images/I/61hNCjEuDEL._SL75_.jpg,,,2026-09-12,2026-09-13T12:00:01.035Z
SBB-副店一号,B0FPR4N196,,0,0.00,0,0.00,0,0,216,0,11,227,,,,,,,,,,,,https://m.media-amazon.com/images/I/613PjaXKJnL._SL75_.jpg,,,2026-09-12,2026-09-13T12:00:01.035Z
SBB-副店一号,B0FPX7FKGN,,0,0.00,0,0.00,0,0,0,0,0,0,,,,,,,,,,,,,,,2026-09-12,2026-09-13T12:00:01.035Z
SBB-副店一号,B0FPX7PP7T,,0,0.00,0,0.00,0,0,0,0,0,0,,,,,,,,,,,,,,,2026-09-12,2026-09-13T12:00:01.035Z
SBB-副店一号,B0FPX7RP9S,,0,0.00,0,0.00,0,0,0,0,0,0,,,,,,,,,,,,,,,2026-09-12,2026-09-13T12:00:01.035Z
SBB-副店一号,B0FPX7VQR3,,0,0.00,0,0.00,0,0,0,0,0,0,,,,,,,,,,,,,,,2026-09-12,2026-09-13T12:00:01.035Z
SBB-副店一号,B0FPX7XRND,,0,0.00,0,0.00,0,0,0,0,0,0,,,,,,,,,,,,,,,2026-09-12,2026-09-13T12:00:01.035Z
SBB-副店一号,B0FPX8WK3Z,,0,0.00,0,0.00,0,0,0,0,0,0,,,,,,,,,,,,,,,2026-09-12,2026-09-13T12:00:01.035Z
SBB-副店一号,B0FPX99V3B,,0,0.00,0,0.00,0,0,0,0,0,0,,,,,,,,,,,,,,,2026-09-12,2026-09-13T12:00:01.035Z
SBB-副店一号,B0FPXD1FXX,,0,0.00,0,0.00,0,0,200,0,1,201,,,,,,,,,,,,https://m.media-amazon.com/images/I/61SaV3nookL._SL75_.jpg,,,2026-09-12,2026-09-13T12:00:01.035Z
CZH-主店一号,B0CYCGY6NM,战术笔记本A5,32,579.71,25,1.07,0,15,155,0,31,201,30×25×1,,磨砂袋,,0.2,,"25*30（特价）*磨砂警示语*14丝
https://detail.1688.com/offer/602048545352.html?spm=a360q.8274423%2Fnew.goods.productname",,,,600,https://m.media-amazon.com/images/I/41NoQiIjdyL.jpg,https://amz-client-global-1359221291.cos.ap-guangzhou.myqcloud.com/users/f82eadde-4422-426b-b0ea-29b0ed0c3081/uploads/2025-11-22/bc0fc64e-0cbe-4b84-9aff-a6bbf2baa7ce.jpg,,2026-09-12,2026-09-13T12:00:01.035Z
CZH-主店一号,B0CYCH1Y2T,战术笔记本A6,29,503.72,26,0.97,0,61,0,0,2,63,25×20×1,,,,0.16,,20*25（特价）*磨砂警示语*14丝https://detail.1688.com/offer/602048545352.html?spm=a360q.8274423%2Fnew.goods.productname,,,,400,https://m.media-amazon.com/images/I/41NoQiIjdyL.jpg,,,2026-09-12,2026-09-13T12:00:01.035Z
CZH-主店一号,B0D3HJPD2P,梅森罐盖无日期24Wide+24Regular,2093,14337.63,1894,69.77,0,1556,1040,0,388,2984,31.5×16×1.65,,,,1.1,,刘师傅31.5*16*1.65,,35×35×35,40,430,https://m.media-amazon.com/images/I/41VKgstZ13L.jpg,,,2026-09-12,2026-09-13T12:00:01.035Z
CZH-主店一号,B0D7PL4B1L,梅森罐盖带日期24Wide+24Regular,0,0.00,0,0.00,0,0,0,0,0,0,31.5×16×1.65,,,,1.1,,刘师傅31.5*16*1.65,,,,430,https://m.media-amazon.com/images/I/516+baqgvZL.jpg,,,2026-09-12,2026-09-13T12:00:01.035Z
CZH-主店一号,B0D8W68JV7,梅森罐盖带日期60Regular,0,0.00,0,0.00,0,0,0,0,0,0,37×15×1.65,,,,1.4,,刘师傅37*15*1.65,,,,430,https://m.media-amazon.com/images/I/516+baqgvZL.jpg,,,2026-09-12,2026-09-13T12:00:01.035Z
CZH-主店一号,B0DP4868XV,梅森罐盖无日期60Regular,122,805.63,118,4.07,0,1,0,0,1,2,37×15×16.5,,,,1.4,,刘师傅37*15*1.65,,,,430,https://m.media-amazon.com/images/I/516+baqgvZL.jpg,,,2026-09-12,2026-09-13T12:00:01.035Z
CZH-主店一号,B0FJ8GRR41,24Pcs四色蝴蝶手链套装,0,0.00,0,0.00,0,0,0,0,0,0,,,,,,,,,,,,https://m.media-amazon.com/images/I/517QbuCcXDL.jpg,,,2026-09-12,2026-09-13T12:00:01.035Z
CZH-主店一号,B0FJ8N1Q66,24Pcs六色蝴蝶手链套装,0,0.00,0,0.00,0,0,0,0,0,0,,,,,,,,,,,,https://m.media-amazon.com/images/I/51Ayu8sI5zL.jpg,,,2026-09-12,2026-09-13T12:00:01.035Z
CZH-主店一号,B0FMY425XS,BabyShower派对装饰套装,0,0.00,0,0.00,0,0,0,0,1,1,32×22×3,,,,1.47,,"蓝象黄
https://item.taobao.com/item.htm?id=668074884747&mi_id=00006pdz3vlNctpGe3S9p6hbcnLIby9oYQBKw-HKgbZ-b8E&spm=tbpc.boughtlist.suborder_itemtitle.1.194d2e8dGCqYdP&skuId=4810113384224",,46×46×36,30,500,https://m.media-amazon.com/images/I/51KLtcfKmeL.jpg,,,2026-09-12,2026-09-13T12:00:01.035Z
CZH-主店一号,B0FMY8F3ST,18PCS蓝色鲨鱼吸管装饰,139,2338.83,85,4.63,0,90,252,0,65,407,29×15×10,,飞机盒,,2.52,,"蓝象黄
https://item.taobao.com/item.htm?id=668079136739&mi_id=0000n4Qwn-sIDFE-Nm5BDSwU1znZM81Hr62ju1GxFsT_wtY&skuId=4983661170113&spm=a21xtw.29178619.0.0&xxc=shop",,,,100,https://m.media-amazon.com/images/I/51UsZKgbH5L.jpg,,,2026-09-12,2026-09-13T12:00:01.035Z
CZH-主店一号,B0FPLZCXZX,写给新娘的Letter套装,0,0.00,0,0.00,0,0,0,0,0,0,24.5×23×5,,,,1.7,,"蓝象黄
https://item.taobao.com/item.htm?id=973860160957&mi_id=0000hSJVF-sdduNEPhK6NY_1J4P2VriKrsMAS8mSXxlgbGw&spm=tbpc.boughtlist.suborder_itemtitle.1.194d2e8dGCqYdP&skuId=6090767731285",,48×41×33,18,800,https://m.media-amazon.com/images/I/5150XzhcWBL.jpg,https://amz-client-global-1359221291.cos.ap-guangzhou.myqcloud.com/users/f82eadde-4422-426b-b0ea-29b0ed0c3081/uploads/2025-09-30/b6786bf6-87c8-4607-8b89-805284b66c77.png,,2026-09-12,2026-09-13T12:00:01.035Z
CZH-主店一号,B0FT2WPFNG,梅森罐盖无日期36Wide,0,0.00,0,0.00,0,0,0,0,0,0,26.5×18×1.65,,,,2.55,,刘师傅26.5*18*1.65,,,,430,https://m.media-amazon.com/images/I/516+baqgvZL.jpg,,,2026-09-12,2026-09-13T12:00:01.035Z
CZH-主店一号,B0FT3347D9,梅森罐盖带日期36Wide,0,0.00,0,0.00,0,0,0,0,0,0,26.5×18×1.65,,,,2.55,,刘师傅26.5*18*1.65,,,,430,https://m.media-amazon.com/images/I/516+baqgvZL.jpg,,,2026-09-12,2026-09-13T12:00:01.035Z
CZH-主店一号,B0FWC2T3BW,S摩托尾翼,0,0.00,0,0.00,0,0,0,0,0,0,25×14×4,,,,0.85,,"蓝象牛皮
https://item.taobao.com/item.htm?id=668475097184&mi_id=0000Khtz1y0g0M7fy2PAcHABPN2Jpvt2gnPDUg9ZfcXV9A0&spm=tbpc.boughtlist.suborder_itemtitle.1.194d2e8dGCqYdP&skuId=4894369332101",,,,100,https://m.media-amazon.com/images/I/71bzrt0Vx0L.jpg,,,2026-09-12,2026-09-13T12:00:01.035Z
CZH-主店一号,B0FWKNQKHZ,新-304PCS-圆-蛋糕制作套装,0,0.00,0,0.00,0,0,0,0,0,0,21×10×5,,,,0.92,,"蓝象黄
https://item.taobao.com/item.htm?id=669178903982&mi_id=0000X_4wNrUM9Kb4nr9WWAPwylZnuLOoaf_-Kf1Y9r0I3aM&spm=tbpc.boughtlist.suborder_itemtitle.1.441a2e8dJ5JYiV&skuId=4810182040980",,,,350,https://m.media-amazon.com/images/I/41265LjIEyL.jpg,https://amz-client-global-1359221291.cos.ap-guangzhou.myqcloud.com/users/39a4e8e2-4d63-432c-a953-0ad6dda5e5f4/uploads/2025-10-18/179b98ae-209e-44ba-afbb-1ee74580750d.jpg,,2026-09-12,2026-09-13T12:00:01.035Z
CZH-主店一号,B0FWKQPPCG,新-304PCS-扁-蛋糕制作套装,0,0.00,0,0.00,0,0,0,0,1,1,18×11×5,,,,0,,18x11x5cm，架子的自带包装,,40×38×34,40,320,https://m.media-amazon.com/images/I/41kIugsTDJL.jpg,https://amz-client-global-1359221291.cos.ap-guangzhou.myqcloud.com/users/f82eadde-4422-426b-b0ea-29b0ed0c3081/uploads/2025-10-17/2dca53fc-cd5b-4515-af19-e3b5008f1960.jpg,,2026-09-12,2026-09-13T12:00:01.035Z
CZH-主店一号,B0G1MQMB8M,FB杯手提,0,0.00,0,0.00,0,0,0,0,0,0,12×8×8,,,,0.91,,"蓝象牛皮
https://item.taobao.com/item.htm?id=669217135652&mi_id=0000RYJlRM9M-F69hSUtzdul40t0-TGvouQK26S2xIWM7hY&skuId=4895549229768&spm=tbpc.boughtlist.suborder_itemtitle.1.75ad2e8dyGN8VM",,43×42×43,75,170,https://m.media-amazon.com/images/I/41totp8fmPL.jpg,,,2026-09-12,2026-09-13T12:00:01.035Z
CZH-主店一号,B0G2BBF1HD,10PcsOOBlender密封圈,1,5.99,1,0.03,0,0,0,0,7,7,20.5×7×1,,,,0.28,,"205*70*10mm
https://detail.1688.com/offer/632322424307.html?spm=a360q.8274423%2Fnew.goods.productname",,,,30,https://m.media-amazon.com/images/I/41UdQ2LOoVL.jpg,https://amz-client-global-1359221291.cos.ap-guangzhou.myqcloud.com/users/f82eadde-4422-426b-b0ea-29b0ed0c3081/uploads/2025-11-22/fab6dcbc-0b94-4f31-99e0-ede7e381aa5a.jpg,,2026-09-12,2026-09-13T12:00:01.035Z
CZH-主店一号,B0G2BQS2SS,10PcsR轮胎,0,0.00,0,0.00,0,0,0,0,0,0,35×15×1.6,,,,,,"350*150*16mm
https://detail.1688.com/offer/676264326808.html?spm=a360q.8274423%2Fnew.goods.productname",,,,180,https://m.media-amazon.com/images/I/411w22yr0-L.jpg,https://amz-client-global-1359221291.cos.ap-guangzhou.myqcloud.com/users/f82eadde-4422-426b-b0ea-29b0ed0c3081/uploads/2025-11-22/4030f1fe-17fc-445d-bb57-ae530edfed08.jpg,,2026-09-12,2026-09-13T12:00:01.035Z
CZH-主店一号,B0G2LZ4S3Q,10PcsR轮子,0,0.00,0,0.00,0,0,0,0,0,0,12×11×5,,,,0.78,,"蓝象黄
https://item.taobao.com/item.htm?id=669217135652&mi_id=0000RYJlRM9M-F69hSUtzdul4_nNyKvGjXTeVQuCiQrUNug&spm=tbpc.boughtlist.suborder_itemtitle.1.67002e8d4sXYI8&skuId=4988321131200",,,,110,https://m.media-amazon.com/images/I/41A-+Zc7LrL.jpg,https://amz-client-global-1359221291.cos.ap-guangzhou.myqcloud.com/users/f82eadde-4422-426b-b0ea-29b0ed0c3081/uploads/2025-11-22/2f0ac53b-362f-4054-a9dd-391d9b1d1948.jpg,,2026-09-12,2026-09-13T12:00:01.035Z
CZH-主店一号,B0GF1N5T6Z,FB杯手提蓝色,0,0.00,0,0.00,0,0,0,0,0,0,12×8×8,,,,0.91,,"蓝象牛皮
https://item.taobao.com/item.htm?id=669217135652&mi_id=0000RYJlRM9M-F69hSUtzdul40t0-TGvouQK26S2xIWM7hY&skuId=4895549229768&spm=tbpc.boughtlist.suborder_itemtitle.1.75ad2e8dyGN8VM",,43×42×43,75,170,https://m.media-amazon.com/images/I/41pwlAM7BLL.jpg,,,2026-09-12,2026-09-13T12:00:01.035Z
CZH-主店一号,B0GF226LY2,FB杯手提粉色,0,0.00,0,0.00,0,0,0,0,8,8,12×8×8,,,,0.91,,"蓝象牛皮
https://item.taobao.com/item.htm?id=669217135652&mi_id=0000RYJlRM9M-F69hSUtzdul40t0-TGvouQK26S2xIWM7hY&skuId=4895549229768&spm=tbpc.boughtlist.suborder_itemtitle.1.75ad2e8dyGN8VM",,43×42×43,75,170,https://m.media-amazon.com/images/I/315TD7w8YQL.jpg,,,2026-09-12,2026-09-13T12:00:01.035Z
CZH-主店一号,B0GF5ZF4G4,14PcsOwala胶圈套装,0,0.00,0,0.00,0,0,0,0,0,0,19×13×1.7,,,,1.14,,"19长方盒（1.7）19*13*1.7CM
https://detail.1688.com/offer/588512234295.html?spm=a360q.8274423%2Fnew.goods.productname",,45×40×40,150,108,https://m.media-amazon.com/images/I/41QbIJMtnlL.jpg,https://amz-client-global-1359221291.cos.ap-guangzhou.myqcloud.com/users/f82eadde-4422-426b-b0ea-29b0ed0c3081/uploads/2026-01-17/a063db5e-313d-4514-8dd5-5052211b198a.jpg,,2026-09-12,2026-09-13T12:00:01.035Z
CZH-主店一号,B0GJSRJX7M,,0,0.00,0,0.00,0,0,0,0,0,0,,,,,,,,,,,,https://m.media-amazon.com/images/I/31pBUsR9ZVL.jpg,,,2026-09-12,2026-09-13T12:00:01.035Z
CZH-主店一号,B0GK8JF17L,,0,0.00,0,0.00,0,0,0,0,0,0,,,,,,,,,,,,https://m.media-amazon.com/images/I/519GgP9eQTL.jpg,,,2026-09-12,2026-09-13T12:00:01.035Z
CZH-主店一号,B0GMGCV2PQ,,1,4.99,1,0.03,0,1,0,0,0,1,10×5×5,,,,0.15,,"长5*宽5CM;高10CM;白卡纸350克
https://detail.1688.com/offer/848283441196.html?spm=a360q.8274423%2Fnew.goods.productname",,,,50,https://m.media-amazon.com/images/I/41EG3XyBf8L.jpg,,,2026-09-12,2026-09-13T12:00:01.035Z
CZH-主店一号,B0H269MNGL,,0,0.00,0,0.00,0,0,0,0,0,0,,,,,,,,,,,,https://m.media-amazon.com/images/I/41CiGaZQYfL.jpg,,,2026-09-12,2026-09-13T12:00:01.035Z
CZH-主店一号,B0H2M3VB32,,0,0.00,0,0.00,0,0,0,0,0,0,,,,,,,,,,,,https://m.media-amazon.com/images/I/31fHiX9fHjL.jpg,,,2026-09-12,2026-09-13T12:00:01.035Z
CZH-主店一号,B0H71CDG4D,,0,0.00,0,0.00,0,0,0,0,0,0,,,,,,,,,,,,https://m.media-amazon.com/images/I/41AfPjkJb8L.jpg,,,2026-09-12,2026-09-13T12:00:01.035Z
CZH-主店一号,B0H9SGFPL7,,0,0.00,0,0.00,0,0,0,0,0,0,,,,,,,,,,,,https://m.media-amazon.com/images/I/41Vd7W3CGcL.jpg,,,2026-09-12,2026-09-13T12:00:01.035Z
CZH-主店一号,B0H9SHRY9Z,,0,0.00,0,0.00,0,0,0,0,0,0,,,,,,,,,,,,https://m.media-amazon.com/images/I/41Vd7W3CGcL.jpg,,,2026-09-12,2026-09-13T12:00:01.035Z
CZH-主店一号,B0H9SHRYB2,,0,0.00,0,0.00,0,0,0,0,0,0,,,,,,,,,,,,https://m.media-amazon.com/images/I/41Vd7W3CGcL.jpg,,,2026-09-12,2026-09-13T12:00:01.035Z
CZH-主店一号,B0H9SJLBBG,,0,0.00,0,0.00,0,0,0,0,0,0,,,,,,,,,,,,https://m.media-amazon.com/images/I/41Vd7W3CGcL.jpg,,,2026-09-12,2026-09-13T12:00:01.035Z
CZH-主店一号,B0H9SJPZWF,,0,0.00,0,0.00,0,0,0,0,0,0,,,,,,,,,,,,https://m.media-amazon.com/images/I/41Vd7W3CGcL.jpg,,,2026-09-12,2026-09-13T12:00:01.035Z
CZH-主店一号,B0H9SJX7W3,2PCS黑色19.6IN臂带,1,19.99,1,0.03,0,81,0,0,18,99,,,,,,,,,,,,https://m.media-amazon.com/images/I/41Vd7W3CGcL.jpg,,,2026-09-12,2026-09-13T12:00:01.035Z
CZH-主店一号,B0H9SMDMH6,,0,0.00,0,0.00,0,0,0,0,0,0,,,,,,,,,,,,https://m.media-amazon.com/images/I/41Vd7W3CGcL.jpg,,,2026-09-12,2026-09-13T12:00:01.035Z
CZH-主店一号,B0H9SPY74Q,,0,0.00,0,0.00,0,0,0,0,0,0,,,,,,,,,,,,https://m.media-amazon.com/images/I/41Vd7W3CGcL.jpg,,,2026-09-12,2026-09-13T12:00:01.035Z
CZH-主店一号,B0H9SQ8B2R,,0,0.00,0,0.00,0,0,0,0,0,0,,,,,,,,,,,,https://m.media-amazon.com/images/I/41Vd7W3CGcL.jpg,,,2026-09-12,2026-09-13T12:00:01.035Z
CZH-主店一号,B0H9SQMP8P,,0,0.00,0,0.00,0,0,0,0,0,0,,,,,,,,,,,,https://m.media-amazon.com/images/I/41Vd7W3CGcL.jpg,,,2026-09-12,2026-09-13T12:00:01.035Z
CZH-主店一号,B0H9SQYDRB,,0,0.00,0,0.00,0,0,0,0,0,0,,,,,,,,,,,,https://m.media-amazon.com/images/I/41Vd7W3CGcL.jpg,,,2026-09-12,2026-09-13T12:00:01.035Z
CZH-主店一号,B0H9SWF9Z4,,0,0.00,0,0.00,0,0,0,0,0,0,,,,,,,,,,,,https://m.media-amazon.com/images/I/41Vd7W3CGcL.jpg,,,2026-09-12,2026-09-13T12:00:01.035Z
CZH-主店一号,B0HB6N81NF,黑色查尔斯顿套装,0,0.00,0,0.00,0,0,120,0,0,120,19×16×1.4,,,,0.48,,"规格型号: 400g白卡;190*165*14mm

https://detail.1688.com/offer/706749307891.html?spm=a360q.8274423%2Fnew.goods.productname",,,,137,https://m.media-amazon.com/images/I/519FIkrOXFL.jpg,,,2026-09-12,2026-09-13T12:00:01.035Z
CZH-主店一号,B0HB77CY81,紫色查尔斯顿训练套装,0,0.00,0,0.00,7,89,0,0,26,115,20.5×17.5×1.5,,,,0.49,,"规格型号: 350g白卡纸;205*175*15mm

https://detail.1688.com/offer/632322424307.html?spm=a360q.8274423%2Fnew.goods.productname",,,,160,https://m.media-amazon.com/images/I/41uKnXc-87L.jpg,,,2026-09-12,2026-09-13T12:00:01.035Z
CZH-主店一号,B0HB7JRCD6,蓝色查尔斯顿训练套装,6,49.95,6,0.20,3,75,1,0,28,104,20.5×17.5×1.5,,,,0.49,,"规格型号: 350g白卡纸;205*175*15mm

https://detail.1688.com/offer/632322424307.html?spm=a360q.8274423%2Fnew.goods.productname",,,,160,https://m.media-amazon.com/images/I/41uKnXc-87L.jpg,,,2026-09-12,2026-09-13T12:00:01.035Z
CZH-主店一号,B0HBKJFMMR,5PCS硅胶GFA表带,0,0.00,0,0.00,1,173,0,0,27,200,,,,,,,,,,,91,https://m.media-amazon.com/images/I/41-8ND9ustL.jpg,,,2026-09-12,2026-09-13T12:00:01.035Z
CZH-主店一号,B0HBKMD3NW,5PCS尼龙GFA表带,2,22.99,2,0.07,8,166,0,0,34,200,,,,,,,,,,,,https://m.media-amazon.com/images/I/51xPG6OLV8L.jpg,,,2026-09-12,2026-09-13T12:00:01.035Z
CZH-主店一号,B0HBN5LHZL,8PCS麻将洗牌卡,7,69.93,6,0.23,10,86,0,0,18,104,17×13×1,,,,0.37,,https://detail.1688.com/offer/645046090193.html?spm=a360q.8274423%2Fnew.goods.productname,,,,150,https://m.media-amazon.com/images/I/415j9zRIEoL.jpg,,,2026-09-12,2026-09-13T12:00:01.035Z
CZH-主店一号,B0HBN71MVS,玫红色麻将收纳包,0,0.00,0,0.00,6,91,0,0,22,113,23×16.5×1.5,,,,0.52,,"规格型号: 350g白卡纸;230*165*15mm

https://detail.1688.com/offer/670097877629.html?spm=a360q.8274423%2Fnew.goods.productname",,,,160,https://m.media-amazon.com/images/I/41UlqJc5xwL.jpg,,,2026-09-12,2026-09-13T12:00:01.035Z
CZH-主店一号,B0HBN7S6ZX,,0,0.00,0,0.00,0,0,0,0,0,0,,,,,,,,,,,,https://m.media-amazon.com/images/I/41nNtG3D-iL.jpg,,,2026-09-12,2026-09-13T12:00:01.035Z
CZH-主店一号,B0HBND3T3G,深蓝色麻将收纳包,1,0.00,1,0.03,7,86,0,0,25,111,23×16.5×1.5,,,,0.52,,"规格型号: 350g白卡纸;230*165*15mm

https://detail.1688.com/offer/670097877629.html?spm=a360q.8274423%2Fnew.goods.productname",,,,160,https://m.media-amazon.com/images/I/41nNtG3D-iL.jpg,,,2026-09-12,2026-09-13T12:00:01.035Z
CZH-主店一号,B0HFJ835FT,浅绿色手提款麻将收纳包,0,0.00,0,0.00,0,0,120,0,0,120,,,,,,,,,,,149.685,https://m.media-amazon.com/images/I/41usyl1dWFL.jpg,,,2026-09-12,2026-09-13T12:00:01.035Z
CZH-主店一号,B0HFJ99M3Q,NJSP101料盘纸套装,0,0.00,0,0.00,0,0,120,0,0,120,,,,,,,,,,,983,https://m.media-amazon.com/images/I/41A5NVFJoIL.jpg,,,2026-09-12,2026-09-13T12:00:01.035Z
CZH-主店一号,B0HFJBSF6S,深蓝色手提款麻将收纳包,0,0.00,0,0.00,0,0,120,0,0,120,,,,,,,,,,,149.685,https://m.media-amazon.com/images/I/41+G5nJ58nL.jpg,,,2026-09-12,2026-09-13T12:00:01.035Z
CZH-主店一号,B0HFNPCFL8,NJFA101烤箱架套装,0,0.00,0,0.00,0,0,0,0,0,0,,,,,,,,,,,,https://m.media-amazon.com/images/I/518hbb0g5ZL.jpg,,,2026-09-12,2026-09-13T12:00:01.035Z
CZH-主店一号,B0HH96C3NX,,0,0.00,0,0.00,0,0,0,0,0,0,,,,,,,,,,,,https://m.media-amazon.com/images/I/21BsgzuFrxL.jpg,,,2026-09-12,2026-09-13T12:00:01.035Z