ASIN,产品中文名,销量,销售额,订单数,日均销量,Vine赠品销量(已扣除),可售,入库中,不可售,预留,FBA总量,包装尺寸1(长×宽×高cm),包装尺寸2(长×宽×高cm),包装类型1,包装类型2,单品重量(g),产品图片,销售数据截止,库存数据截止
B0FL2BPTB5,TZH-6PCS玩偶支架,101,783.02,97,3.37,0,231,0,0,4,235,10×7.5×7,,,,140,,2026-08-05,2026-08-06T06:00:06.596Z
B0FL2CZBH4,TZH-12PCS玩偶支架,418,5377.86,345,13.93,0,555,199,0,95,849,14×7.5×7,,,,188.6,,2026-08-05,2026-08-06T06:00:06.596Z
B0FQNYHWP1,6PcsKpop支架,88,869.13,83,2.93,0,182,0,0,4,186,13×8×6,,,,120,,2026-08-05,2026-08-06T06:00:06.596Z
B0GVWD8KR9,,0,0.00,0,0.00,0,2,0,0,19,21,28×7×1.8,15×8×1.7,,,67,,2026-08-05,2026-08-06T06:00:06.596Z
B0GVWPCJRW,,1,5.99,1,0.03,0,2,0,0,17,19,28×7×1.8,15×8×1.7,,,67,,2026-08-05,2026-08-06T06:00:06.596Z
B0GVY78V83,,0,0.00,0,0.00,0,3,0,0,15,18,28×7×1.8,15×8×1.7,,,95,,2026-08-05,2026-08-06T06:00:06.596Z
B0GWDQVFQ2,,79,1586.31,78,2.63,0,0,192,2,12,206,19×19×11,,,,340,,2026-08-05,2026-08-06T06:00:06.596Z
B0GWFHTRCX,,124,3145.88,123,4.13,0,4,328,0,52,384,24×15×24,,,,550,,2026-08-05,2026-08-06T06:00:06.596Z
B0GWHHR895,,17,339.83,17,0.57,1,123,60,0,15,198,23×9×4,,,,122,,2026-08-05,2026-08-06T06:00:06.596Z
B0GWHY7DZR,,38,719.64,37,1.27,0,300,40,0,22,362,23×9×4,,,,122,,2026-08-05,2026-08-06T06:00:06.596Z
B0GWMTGJ45,,2,39.98,2,0.07,0,42,0,0,1,43,23×9×4,23×9×4,,,122,,2026-08-05,2026-08-06T06:00:06.596Z
B0GWZ1JMYS,,34,679.66,34,1.13,0,83,60,0,15,158,23×9×4,,,,122,,2026-08-05,2026-08-06T06:00:06.596Z
B0GXKN1R6F,,0,0.00,0,0.00,0,0,0,0,32,32,28×7×1.8,15×8×1.7,,,87,https://amz-client-global-1359221291.cos.ap-guangzhou.myqcloud.com/users/f82eadde-4422-426b-b0ea-29b0ed0c3081/uploads/2026-04-17/3c2eed62-0463-4e11-903e-25522ee6fc30.png,2026-08-05,2026-08-06T06:00:06.596Z
B0GY94BD4W,,43,1013.61,43,1.43,0,18,130,0,23,171,21×21×12,,,,700,,2026-08-05,2026-08-06T06:00:06.596Z
B0GYF9RK5Y,,131,2478.76,124,4.37,0,5,310,0,64,379,25×19×10,,,,456,,2026-08-05,2026-08-06T06:00:06.596Z
B0GZW586ZF,,56,1079.46,56,1.87,20,0,250,0,1,251,1×1×1,,,,200,,2026-08-05,2026-08-06T06:00:06.596Z
B0H25MK5M8,,16,149.85,16,0.53,2,111,1,0,2,114,28×11×4,15×11×6,,,122,,2026-08-05,2026-08-06T06:00:06.596Z
B0H35Z5GV8,,172,1668.33,157,5.73,0,120,290,0,8,418,,,,,185,,2026-08-05,2026-08-06T06:00:06.596Z
B0H366YPGD,,80,779.22,76,2.67,0,92,1,0,8,101,15.5×11.5×1.8,,,,40,,2026-08-05,2026-08-06T06:00:06.596Z
B0H36KW9N8,,133,739.26,129,4.43,0,0,300,0,5,305,1×1×1,,,,100,,2026-08-05,2026-08-06T06:00:06.596Z
B0H36NTQY2,,43,759.60,41,1.43,10,96,0,0,9,105,18.5×12.5×4.2,,,,195,,2026-08-05,2026-08-06T06:00:06.596Z
B0H36VYNDC,,71,1064.29,66,2.37,0,71,292,0,4,367,5×5×44,,,,181,,2026-08-05,2026-08-06T06:00:06.596Z
B0H453GHTS,,29,559.72,29,0.97,0,0,0,0,1,1,23×9×4,,,,122,,2026-08-05,2026-08-06T06:00:06.596Z
B0H454WDFF,,13,259.87,13,0.43,0,28,0,0,0,28,23×9×4,,,,122,,2026-08-05,2026-08-06T06:00:06.596Z
B0H45JL95Q,,28,404.73,27,0.93,12,26,21,0,15,62,22×9×1.3,,,,50,,2026-08-05,2026-08-06T06:00:06.596Z
B0H4BBYVR9,,7,90.93,7,0.23,9,41,3,0,0,44,23.5×12×4,,,,230,,2026-08-05,2026-08-06T06:00:06.596Z
B0H4GMWHNQ,,177,1558.44,176,5.90,22,0,0,0,27,27,1×1×1,,,,240,,2026-08-05,2026-08-06T06:00:06.596Z
B0H4GQMV11,,46,409.59,46,1.53,14,86,0,0,10,96,16.5×8×8,,,,180,,2026-08-05,2026-08-06T06:00:06.596Z
B0H4GRQNW5,,4,50.97,4,0.13,9,37,0,0,1,38,16.5×16×8,,,,360,,2026-08-05,2026-08-06T06:00:06.596Z
B0H4GSWH3T,,1,13.99,1,0.03,6,43,0,0,0,43,16×13×8,18×9.3×12.2,,瓦楞盒,406,,2026-08-05,2026-08-06T06:00:06.596Z
B0H4GTCBH2,,4,31.96,4,0.13,5,91,0,0,1,92,14.5×8×8,,,,200,,2026-08-05,2026-08-06T06:00:06.596Z
B0H4GWDVHD,,47,419.58,47,1.57,23,27,0,0,7,34,14.5×14×8,,,,370,,2026-08-05,2026-08-06T06:00:06.596Z
B0H5Q7T54W,,1,16.99,1,0.03,10,65,4,0,0,69,,,,,460,,2026-08-05,2026-08-06T06:00:06.596Z
B0H5QCYCV4,,53,688.47,53,1.77,3,0,4,0,0,4,23.5×12×4,,,,230,,2026-08-05,2026-08-06T06:00:06.596Z
B0H5RKCN5B,,5,44.97,5,0.17,30,27,154,0,36,217,,,,,100,,2026-08-05,2026-08-06T06:00:06.596Z
B0H5W4HJGM,,44,506.61,44,1.47,8,3,2,0,6,11,23.5×12×4,,,,230,,2026-08-05,2026-08-06T06:00:06.596Z
B0H6V2TXYM,,6,89.94,6,0.20,10,54,33,0,50,137,15×9×7,,,,250,,2026-08-05,2026-08-06T06:00:06.596Z
B0H6XH6KNV,,2,16.99,2,0.07,3,25,12,0,22,59,,,,,,,2026-08-05,2026-08-06T06:00:06.596Z
B0H6XH6RLN,,0,0.00,0,0.00,7,25,12,0,19,56,,,,,,,2026-08-05,2026-08-06T06:00:06.596Z
B0H7JL7WTR,,1,0.00,1,0.03,0,0,120,0,0,120,,,,,900,,2026-08-05,2026-08-06T06:00:06.596Z