店铺,ASIN,FNSKU,商品标题,中文标题,产品中文名,销量,销售额,订单数,日均销量,Vine赠品销量(已扣除),可售,入库中,不可售,预留,FBA总量,包装尺寸1(长×宽×高cm),包装尺寸2(长×宽×高cm),包装类型1,包装类型2,包装成本1(CNY),包装成本2(CNY),包装备注1,包装备注2,外箱尺寸1(长×宽×高cm),外箱尺寸2(长×宽×高cm),外箱最大装箱数1,外箱最大装箱数2,单品重量(g),图片URL,产品图片1,产品图片2,销售数据截止,库存数据截止
TZH-主店二号,B0FG2XQ7G3,X004QS94MD,Hard Protective Case for Ray-Ban Meta Smart Glasses – Compatible with Wayfarer/Skyler/Headliner & Charging Box – Durable Travel Eyewear Case with Soft Interior & Wrist Strap (Black),雷朋 Meta 智能眼镜硬质保护盒 – 兼容 Wayfarer/Skyler/Headliner 款式及充电盒 – 耐用旅行眼镜盒，内衬柔软，配有腕带（黑色）,雷朋眼镜盒保护盒,0,0.00,0,0.00,0,0,0,0,3,3,,,,,,,,,,,,,150,https://m.media-amazon.com/images/I/41fJzzX5QOL.jpg,,,2026-08-22,2026-08-23T12:00:01.869Z
TZH-主店二号,B0FL2BPTB5,X004SD22LB,"6 Pack Doll Stand Holder Compatible with 6.8 Inch Dolls, Not Include Dolls",6个装娃娃支架，兼容6.8英寸娃娃，不含娃娃,TZH-6PCS玩偶支架,109,830.96,106,3.63,0,176,0,0,6,182,10×7.5×7,,,,0.5,,刘师傅 特种牛卡 扣底盒,,50×45×40,,90,,140,https://m.media-amazon.com/images/I/319FFwQ9yTL.jpg,,,2026-08-22,2026-08-23T12:00:01.869Z
TZH-主店二号,B0FL2CZBH4,X004SDDFTJ,"12 Pack Doll Stand Holder Compatible with 6.8 Inch Dolls, Not Include Dolls",12个装娃娃支架，兼容6.8英寸娃娃，不含娃娃,TZH-12PCS玩偶支架,475,6053.34,398,15.83,0,537,450,0,39,1026,14×7.5×7,,,,0.75,,刘师傅 特种牛卡 扣底盒,,50×40×45,,90,,188.6,https://m.media-amazon.com/images/I/319FFwQ9yTL.jpg,,,2026-08-22,2026-08-23T12:00:01.869Z
TZH-主店二号,B0FPR3XSX2,X004TR4Z1V,"6 Pack Universal Two-Way Radio Holster with Adjustable Shoulder Holster Strap, Heavy Duty Walkie Talkie Pouch for Security, Outdoor Hiking, Firefighter & Construction, Hands-Free Radio Holder Case",6 件装通用双向无线电对讲机套，带可调节肩带，重型对讲机袋，适用于安保、户外徒步、消防和建筑工地，免提无线电对讲机收纳包,6Pcs无线电收纳,0,0.00,0,0.00,0,0,0,0,0,0,23×15×9,,,,1.68,,蓝象牛皮https://item.taobao.com/item.htm?id=669176211019&mi_id=0000Cq-vEypmmpo4YhNtmAAm6QOxGlWncsf6Velau9iEHdU&spm=a21xtw.29178619.0.0&xxc=shop&skuId=5071526367703,,50×35×45,,16,,400,https://m.media-amazon.com/images/I/41HUbKSVZkL.jpg,,,2026-08-22,2026-08-23T12:00:01.869Z
TZH-主店二号,B0FQNYHWP1,X004U1XJ1X,JUMRIM 6 Pack Kpop Lightstick Stand Holder,JUMRIM 6 件装 Kpop 应援棒支架,6PcsKpop支架,85,829.17,80,2.83,0,134,200,0,3,337,13×8×6,,飞机盒,,0.67,,"蓝象牛皮
https://item.taobao.com/item.htm?id=668517869529&mi_id=0000Vfc3reX3N6SotHz2am8NGEaC0En5KCG92mHxPStuE8w&skuId=5068032983297&spm=tbpc.boughtlist.suborder_itemtitle.1.5fad2e8dU8ZiSE",,,,,,120,https://m.media-amazon.com/images/I/31emn58XspL.jpg,,,2026-08-22,2026-08-23T12:00:01.869Z
TZH-主店二号,B0FRG9XKP8,X004UBMFGX,"JUMRIM Racing Throttle Handle with Rolling Bearing, Black PA Material, Electric Bike Throttle Grips with Cable for Sur Ron Light Bee X, S, X160, X260",JUMRIM 赛车级油门把手，带滚动轴承，黑色 PA 材质，电动自行车油门手柄，带线缆，适用于 Sur Ron Light Bee X、S、X160、X260,S油门把手,0,0.00,0,0.00,0,1,0,0,1,2,17×9×7,,,,1.12,,蓝象黄https://item.taobao.com/item.htm?id=669212123535&mi_id=0000J-eDpa7AR42N25pZ6UJwu_vAmt1Pec7k-2dqG6mxh7M&spm=tbpc.boughtlist.suborder_itemtitle.1.60c82e8d23jXep&skuId=4983857782857,,,,,,240,https://m.media-amazon.com/images/I/41RCYgYyKgL.jpg,,,2026-08-22,2026-08-23T12:00:01.869Z
TZH-主店二号,B0GTPYQY5Z,X0051PSIEF,"Trnjctayr 2 Pack Nylon Strap Bands Compatible with Hume Band, Adjustable Braided Replacement Strap for Hume Health Tracker, Breathable Sport Loop Wristbands for Men Women",Trnjctayr 2条装尼龙表带，兼容Hume手环，可调节编织替换表带，适用于Hume健康追踪器，透气运动腕带，男女通用,,1,3.99,1,0.03,0,1,0,0,0,1,8×18×0.5,,,,0.06,,8*18cm（内空间7*15cm）,,,,,,10,https://m.media-amazon.com/images/I/512OUzE4OzL.jpg,,,2026-08-22,2026-08-23T12:00:01.869Z
TZH-主店二号,B0GVWD8KR9,X00528GGEZ,Silicone Replacement Leak-Proof Set Compatible with Ninja BlendBOSS Smoothie Blender Tumbler | 3-in-1 Protective Boot & Straw Stopper & Spill-Proof Lid Seal Ring for 26oz Travel Tumbler (Purple),适用于 Ninja BlendBOSS 奶昔搅拌杯的硅胶防漏替换套装 | 三合一保护套、吸管塞和防漏盖密封圈，适用于 26 盎司旅行杯（紫色）,,1,5.99,1,0.03,0,1,0,0,2,3,15×8×1.7,28×7×1.8,,,0,0,"3个装
3+3装","吸管自带
1个装：84g
2个装：120g",,,,,67,https://m.media-amazon.com/images/I/31saJr94ghL.jpg,,,2026-08-22,2026-08-23T12:00:01.869Z
TZH-主店二号,B0GVWF66T8,X00528QE65,Silicone Replacement Leak-Proof Set Compatible with Ninja BlendBOSS Smoothie Blender Tumbler | 3-in-1 Protective Boot & Straw Stopper & Spill-Proof Lid Seal Ring for 26oz Travel Tumbler (Pink),适用于 Ninja BlendBOSS 奶昔搅拌杯的硅胶防漏替换套装 | 三合一保护套、吸管塞和防漏盖密封圈，适用于 26 盎司旅行杯（粉色）,,0,0.00,0,0.00,0,0,0,0,0,0,15×8×1.7,28×7×1.8,,,0,0,"3个装
3+3装","吸管自带
1个装：84g
2个装：120g",,,,,67,https://m.media-amazon.com/images/I/31VTdtKL-VL.jpg,,,2026-08-22,2026-08-23T12:00:01.869Z
TZH-主店二号,B0GVWKW4Y1,X00528NAWV,Silicone Replacement Leak-Proof Set Compatible with Ninja BlendBOSS Smoothie Blender Tumbler | 3-in-1 Protective Boot & Straw Stopper & Spill-Proof Lid Seal Ring for 26oz Travel Tumbler (Green),适用于 Ninja BlendBOSS 奶昔搅拌杯的硅胶防漏替换套装 | 三合一保护套、吸管塞和防漏盖密封圈，适用于 26 盎司旅行杯（绿色）,,0,0.00,0,0.00,0,0,0,0,0,0,15×8×1.7,28×7×1.8,,,0,0,"3个装
3+3装","吸管自带
1个装：84g
2个装：120g",,,,,67,https://m.media-amazon.com/images/I/31XXnhgwLfL.jpg,,,2026-08-22,2026-08-23T12:00:01.869Z
TZH-主店二号,B0GVWPCJRW,X00528NGCP,Silicone Replacement Leak-Proof Set Compatible with Ninja BlendBOSS Smoothie Blender Tumbler | 3-in-1 Protective Boot & Straw Stopper & Spill-Proof Lid Seal Ring for 26oz Travel Tumbler (Stone Grey),适用于 Ninja BlendBOSS 搅拌机杯的硅胶防漏替换套装 | 三合一保护套、吸管塞和防漏盖密封圈，适用于 26 盎司旅行杯（石灰色）,,0,0.00,0,0.00,0,2,0,0,1,3,15×8×1.7,28×7×1.8,,,0,0,"3个装
3+3装","吸管自带
1个装：84g
2个装：120g",,,,,67,https://m.media-amazon.com/images/I/31w3IV3V8jL.jpg,,,2026-08-22,2026-08-23T12:00:01.869Z
TZH-主店二号,B0GVWQK5BT,X00528HXQZ,Silicone Replacement Leak-Proof Set Compatible with Ninja BlendBOSS Smoothie Blender Tumbler | 3-in-1 Protective Boot & Straw Stopper & Spill-Proof Lid Seal Ring for 26oz Travel Tumbler (Sky Blue),适用于 Ninja BlendBOSS 搅拌机杯的硅胶防漏替换套装 | 三合一保护套、吸管塞和防漏盖密封圈，适用于 26 盎司旅行杯（天蓝色）,,0,0.00,0,0.00,0,0,0,0,0,0,15×8×1.7,28×7×1.8,,,0,0,"3个装
3+3装","吸管自带
1个装：84g
2个装：120g",,,,,67,https://m.media-amazon.com/images/I/31xGVXFGllL.jpg,,,2026-08-22,2026-08-23T12:00:01.869Z
TZH-主店二号,B0GVXGBY1W,X00528GTSX,Silicone Replacement Leak-Proof Set Compatible with Ninja BlendBOSS Smoothie Blender Tumbler | 3-in-1 Protective Boot & Straw Stopper & Spill-Proof Lid Seal Ring for 26oz Travel Tumbler (Dark Blue),适用于 Ninja BlendBOSS 奶昔搅拌杯的硅胶防漏替换套装 | 三合一保护套、吸管塞和防漏盖密封圈，适用于 26 盎司旅行杯（深蓝色）,,0,0.00,0,0.00,0,1,0,0,1,2,15×8×1.7,28×7×1.8,,,0,0,"3个装
3+3装","吸管自带
1个装：84g
2个装：120g",,,,,67,https://m.media-amazon.com/images/I/31iQPOfKJHL.jpg,,,2026-08-22,2026-08-23T12:00:01.869Z
TZH-主店二号,B0GVY49NQG,X005290VEP,"6 Pack Replacement Silicone Seal & Stopper Set Compatible with Ninja BlendBOSS Blender Tumbler 26OZ, 3 Leak-Proof Gaskets & 3 Spill-Proof Lid Stoppers, Food-Grade BPA-Free O-Ring Parts (Light Gray)",6 件装替换硅胶密封圈和塞子套装，兼容 Ninja BlendBOSS 搅拌杯 26 盎司，包含 3 个防漏垫圈和 3 个防溢盖塞，食品级不含 BPA 的 O 型圈部件（浅灰色）,,0,0.00,0,0.00,0,2,0,0,1,3,15×8×1.7,28×7×1.8,,,0,0,"3个装
3+3装","吸管自带
1个装：84g
2个装：120g",,,,,95,https://m.media-amazon.com/images/I/31TQze95JwL.jpg,,,2026-08-22,2026-08-23T12:00:01.869Z
TZH-主店二号,B0GVY4B31K,X00529923B,"6 Pack Replacement Silicone Seal & Stopper Set Compatible with Ninja BlendBOSS Blender Tumbler 26OZ, 3 Leak-Proof Gaskets & 3 Spill-Proof Lid Stoppers, Food-Grade BPA-Free O-Ring Parts (Green)",6 件装替换硅胶密封圈和塞子套装，兼容 Ninja BlendBOSS 搅拌杯 26 盎司，包含 3 个防漏垫圈和 3 个防溢盖塞，食品级不含 BPA 的 O 型圈部件（绿色）,,0,0.00,0,0.00,0,0,0,0,0,0,15×8×1.7,28×7×1.8,,,0,0,"3个装
3+3装","吸管自带
1个装：84g
2个装：120g",,,,,95,https://m.media-amazon.com/images/I/4128kMNgbPL.jpg,,,2026-08-22,2026-08-23T12:00:01.869Z
TZH-主店二号,B0GVY4DFMJ,X00529922R,"6 Pack Replacement Silicone Seal & Stopper Set Compatible with Ninja BlendBOSS Blender Tumbler 26OZ, 3 Leak-Proof Gaskets & 3 Spill-Proof Lid Stoppers, Food-Grade BPA-Free O-Ring Parts (Pink)",6 件装替换硅胶密封圈和塞子套装，兼容 Ninja BlendBOSS 搅拌杯 26 盎司，包含 3 个防漏垫圈和 3 个防溢盖塞，食品级不含 BPA 的 O 型圈部件（粉色）,,0,0.00,0,0.00,0,0,0,0,0,0,15×8×1.7,28×7×1.8,,,0,0,"3个装
3+3装","吸管自带
1个装：84g
2个装：120g",,,,,95,https://m.media-amazon.com/images/I/31dFWTURmRL.jpg,,,2026-08-22,2026-08-23T12:00:01.869Z
TZH-主店二号,B0GVY78V83,X005293F6B,"6 Pack Replacement Silicone Seal & Stopper Set Compatible with Ninja BlendBOSS Blender Tumbler 26OZ, 3 Leak-Proof Gaskets & 3 Spill-Proof Lid Stoppers, Food-Grade BPA-Free O-Ring Parts (Purple)",6 件装替换硅胶密封圈和塞子套装，兼容 Ninja BlendBOSS 搅拌杯 26 盎司，包含 3 个防漏垫圈和 3 个防溢盖塞，食品级不含 BPA 的 O 型圈部件（紫色）,,0,0.00,0,0.00,0,3,0,0,2,5,15×8×1.7,28×7×1.8,,,0,0,"3个装
3+3装","吸管自带
1个装：84g
2个装：120g",,,,,95,https://m.media-amazon.com/images/I/31Rhw8tVQiL.jpg,,,2026-08-22,2026-08-23T12:00:01.869Z
TZH-主店二号,B0GVYB51LC,X005298ZV1,"6 Pack Replacement Silicone Seal & Stopper Set Compatible with Ninja BlendBOSS Blender Tumbler 26OZ, 3 Leak-Proof Gaskets & 3 Spill-Proof Lid Stoppers, Food-Grade BPA-Free O-Ring Parts (Sky Blue)",6 件装替换硅胶密封圈和塞子套装，兼容 Ninja BlendBOSS 搅拌杯 26 盎司，包含 3 个防漏垫圈和 3 个防溢盖塞，食品级不含 BPA 的 O 型圈部件（天蓝色）,,0,0.00,0,0.00,0,0,0,0,0,0,15×8×1.7,28×7×1.8,,,0,0,"3个装
3+3装","吸管自带
1个装：84g
2个装：120g",,,,,95,https://m.media-amazon.com/images/I/41B9H0drThL.jpg,,,2026-08-22,2026-08-23T12:00:01.869Z
TZH-主店二号,B0GVYT1NGB,X005293CFZ,"6 Pack Replacement Silicone Seal & Stopper Set Compatible with Ninja BlendBOSS Blender Tumbler 26OZ, 3 Leak-Proof Gaskets & 3 Spill-Proof Lid Stoppers, Food-Grade BPA-Free O-Ring Parts (Dark Blue)",6 件装替换硅胶密封圈和塞子套装，兼容 Ninja BlendBOSS 搅拌杯 26 盎司，包含 3 个防漏垫圈和 3 个防溢盖塞，食品级不含 BPA 的 O 型圈部件（深蓝色）,,0,0.00,0,0.00,0,1,0,0,1,2,15×8×1.7,28×7×1.8,,,0,0,"3个装
3+3装","吸管自带
1个装：84g
2个装：120g",,,,,95,https://m.media-amazon.com/images/I/41Vg1ysYlEL.jpg,,,2026-08-22,2026-08-23T12:00:01.869Z
TZH-主店二号,B0GVYTYDKY,X0052C7LNB,"8 Pack Keychain Cap Compatible with Summer Fridays 0.5 Oz Lip Balm, Snug Fit Silicone Cap Cover with Key Ring, Lip Gloss Keychain for Women Purse, Backpack and Travel Accessories (No Lip Balm)",8 个装钥匙扣盖，兼容 Summer Fridays 0.5 盎司润唇膏，贴合紧密的硅胶盖，带钥匙环，唇彩钥匙扣，适用于女士钱包、背包和旅行配件（不含润唇膏）,,6,29.94,5,0.20,0,0,0,0,18,18,,,,,,,,,,,,,120,https://m.media-amazon.com/images/I/41vPGERAwTL.jpg,,,2026-08-22,2026-08-23T12:00:01.869Z
TZH-主店二号,B0GWDQVFQ2,X0052FWHR3,"Stainless Steel Inner Pot Compatible with Aroma Rice Cooker, 2Qt",适用于 Aroma 电饭煲的 2 夸脱不锈钢内胆,,80,1402.39,79,2.67,0,0,176,0,18,194,19×19×11,,,,0.96,,"ARC-914SBD
https://detail.1688.com/offer/814977958807.html?spm=a360q.8274423%2Fnew.goods.productname",,50×40×40,,16,,340,https://m.media-amazon.com/images/I/31F-WbY9X9L.jpg,,,2026-08-22,2026-08-23T12:00:01.869Z
TZH-主店二号,B0GWFHTRCX,X0052FXRQN,"Stainless Steel Inner Pot Compatible with AROMA Rice Cooker, 5Qt",适用于 AROMA 电饭煲的 5 夸脱不锈钢内胆,,159,4174.57,157,5.30,0,0,433,1,56,490,24×15×24,,瓦楞盒,,1.26,,"ARC-150SB
https://detail.1688.com/offer/816334523911.html?spm=a360q.8274423%2Fnew.goods.productname",,50×48×49,,12,,550,https://m.media-amazon.com/images/I/31FDnrjImKL.jpg,https://amz-client-global-1359221291.cos.ap-guangzhou.myqcloud.com/users/f82eadde-4422-426b-b0ea-29b0ed0c3081/uploads/2026-08-07/e00e8a28-8f25-448b-adc5-056522e1e41d.jpg,,2026-08-22,2026-08-23T12:00:01.869Z
TZH-主店二号,B0GWHHR895,X0052GBZ1L,Gripper Seat Cover Compatible with Yozma IN10 Electric Dirt Bike(Red),适用于 Yozma IN10 电动越野摩托车的防滑座套（红色）,,16,303.84,16,0.53,1,187,0,0,6,193,23×9×4,,,,0.76,,"蓝象黄
https://item.taobao.com/item.htm?id=669176211019&mi_id=0000hhhd33eoX9TrRy2_hWvjOAjzpbJbv0U5FwTKhYnrQEc&spm=tbpc.boughtlist.suborder_itemtitle.1.716d2e8doDe5ZF&skuId=4810171912505
",,,,,,122,https://m.media-amazon.com/images/I/41TBBuQsjCL.jpg,,,2026-08-22,2026-08-23T12:00:01.869Z
TZH-主店二号,B0GWHY7DZR,X0052G8FHN,Gripper Seat Cover Compatible with Yozma IN10 Electric Dirt Bike(Black),适用于 Yozma IN10 电动越野摩托车的防滑座套（黑色）,,38,703.63,37,1.27,0,304,20,0,5,329,23×9×4,,,,0.76,,"蓝象黄
https://item.taobao.com/item.htm?id=669176211019&mi_id=0000hhhd33eoX9TrRy2_hWvjOAjzpbJbv0U5FwTKhYnrQEc&spm=tbpc.boughtlist.suborder_itemtitle.1.716d2e8doDe5ZF&skuId=4810171912505
",,,,,,122,https://m.media-amazon.com/images/I/41XMpvUbjfL.jpg,,,2026-08-22,2026-08-23T12:00:01.869Z
TZH-主店二号,B0GWMTGJ45,X0052JAGOF,Gripper Seat Cover Compatible with Yozma IN10 Electric Dirt Bike(Orange),适用于 Yozma IN10 电动越野摩托车的防滑座套（橙色）,,2,35.98,2,0.07,0,41,0,0,0,41,23×9×4,23×9×4,,,0.76,0.76,"蓝象黄
https://item.taobao.com/item.htm?id=669176211019&mi_id=0000hhhd33eoX9TrRy2_hWvjOAjzpbJbv0U5FwTKhYnrQEc&spm=tbpc.boughtlist.suborder_itemtitle.1.716d2e8doDe5ZF&skuId=4810171912505
","蓝象黄
https://item.taobao.com/item.htm?id=669176211019&mi_id=0000hhhd33eoX9TrRy2_hWvjOGRZ09JLC7UuT2wqutPFd_Q&spm=tbpc.boughtlist.suborder_itemtitle.1.12ff2e8dWIfsnn&skuId=4810171912505",,,,,122,https://m.media-amazon.com/images/I/41I6YzkMpjL.jpg,,,2026-08-22,2026-08-23T12:00:01.869Z
TZH-主店二号,B0GWZ1JMYS,X0052NZQ8R,Gripper Seat Cover Compatible with Yozma IN10 Electric Dirt Bike(White),适用于 Yozma IN10 电动越野摩托车的防滑座套（白色）,,31,559.71,31,1.03,0,137,0,0,11,148,23×9×4,,,,0.76,,"蓝象黄
https://item.taobao.com/item.htm?id=669176211019&mi_id=0000hhhd33eoX9TrRy2_hWvjOAjzpbJbv0U5FwTKhYnrQEc&spm=tbpc.boughtlist.suborder_itemtitle.1.716d2e8doDe5ZF&skuId=4810171912505
",,,,,,122,https://m.media-amazon.com/images/I/41q+ZTYGKzL.jpg,,,2026-08-22,2026-08-23T12:00:01.869Z
TZH-主店二号,B0GXKN1R6F,X0052YNV7T,"Replacement Glass Straw Compatible with Ninja BlendBOSS Smoothie Blender Travel Tumbler, Reusable & Durable Clear Straw with Cleaning Brush Fit for Ninja BlendBOSS 26oz Cup (1 Pack)",适用于 Ninja BlendBOSS 搅拌机旅行杯的替换玻璃吸管，可重复使用且耐用的透明吸管，配有清洁刷，适用于 Ninja BlendBOSS 26 盎司杯子（1 件装）,,0,0.00,0,0.00,0,1,0,0,12,13,15×8×1.7,28×7×1.8,,,0,0,"3个装
3+3装","吸管自带
1个装：84g
2个装：120g",,,,,87,https://m.media-amazon.com/images/I/21KVaIoWJxL.jpg,https://amz-client-global-1359221291.cos.ap-guangzhou.myqcloud.com/users/f82eadde-4422-426b-b0ea-29b0ed0c3081/uploads/2026-04-17/3c2eed62-0463-4e11-903e-25522ee6fc30.png,,2026-08-22,2026-08-23T12:00:01.869Z
TZH-主店二号,B0GXKNL93X,X0052YAT2J,"Replacement Glass Straw Compatible with Ninja BlendBOSS Smoothie Blender Travel Tumbler, Reusable & Durable Clear Straw with Cleaning Brush Fit for Ninja BlendBOSS 26oz Cup (2 Pack)",适用于 Ninja BlendBOSS 搅拌机旅行杯的替换玻璃吸管，可重复使用且耐用的透明吸管，配有清洁刷，适用于 Ninja BlendBOSS 26 盎司杯子（2 支装）,,0,0.00,0,0.00,0,4,0,0,2,6,15×8×1.7,28×7×1.8,,,0,0,"3个装
3+3装","吸管自带
1个装：84g
2个装：120g",,,,,112,https://m.media-amazon.com/images/I/31ABFzcgpKL.jpg,https://amz-client-global-1359221291.cos.ap-guangzhou.myqcloud.com/users/f82eadde-4422-426b-b0ea-29b0ed0c3081/uploads/2026-04-17/5a9b2ae7-260e-45bf-9364-3189d396711a.png,,2026-08-22,2026-08-23T12:00:01.869Z
TZH-主店二号,B0GY94BD4W,X00539UWW5,Stainless Steel Inner Pot Compatible with Zojirushi NS-TSC10 Rice Cooker,适用于象印NS-TSC10电饭煲的不锈钢内胆,,86,2053.21,86,2.87,0,0,352,0,12,364,21×21×12,,瓦楞盒,,1.15,,"21*21;12cm 3层3mm
https://detail.1688.com/offer/814859779345.html?spm=a360q.8274423%2Fnew.goods.productname",,50×45×45,,16,,700,https://m.media-amazon.com/images/I/31JYhvIWCiL.jpg,https://amz-client-global-1359221291.cos.ap-guangzhou.myqcloud.com/users/f82eadde-4422-426b-b0ea-29b0ed0c3081/uploads/2026-08-07/523076f6-c01a-45df-94d6-269e0e6aea1b.jpg,,2026-08-22,2026-08-23T12:00:01.869Z
TZH-主店二号,B0GYDS1VWD,X0053C1S9X,"24 Pack Charm Chain for Purse, Gold Swivel Snap Hook Keychain, Alloy Bag Charm Chain for DIY Jewelry Making",24条装钱包挂饰链，金色旋转按扣钥匙扣，合金包包挂饰链，适用于DIY珠宝制作,,36,143.64,32,1.20,0,0,0,0,3,3,9.5×6.5×1.6,,,,0.45,,https://detail.1688.com/offer/672142497121.html?_t=1778057855700&spm=a2615.7691456/2506.co_1_0_wangpu_score_0_0_0_0_0_0_0000_0.0,,,,,,120,https://m.media-amazon.com/images/I/51+85GJ-kPL.jpg,,,2026-08-22,2026-08-23T12:00:01.869Z
TZH-主店二号,B0GYF9RK5Y,X0053EDTOD,"Card Grading Submission Kit for PSA, BGS, SGC, CGC with Foam Shipping Box",适用于PSA、BGS、SGC、CGC的卡片评级送评套装，含泡沫运输箱,,216,4157.92,200,7.20,0,47,484,0,50,581,25×19×10,,瓦楞盒,,1.06,,"规格型号: 长宽25*19;10cm 3层3mm
https://detail.1688.com/offer/818341603924.html?spm=a360q.8274423%2Fnew.goods.productname",,50×40×45,,16,,456,https://m.media-amazon.com/images/I/41ScUXPF+uL.jpg,https://amz-client-global-1359221291.cos.ap-guangzhou.myqcloud.com/users/f82eadde-4422-426b-b0ea-29b0ed0c3081/uploads/2026-08-07/95284ceb-8f31-4a58-b62f-1a0227f85e2a.jpg,https://amz-client-global-1359221291.cos.ap-guangzhou.myqcloud.com/users/f82eadde-4422-426b-b0ea-29b0ed0c3081/uploads/2026-08-07/195bc336-35c9-4002-aa27-46487ab5f607.jpg,2026-08-22,2026-08-23T12:00:01.869Z
TZH-主店二号,B0GZW586ZF,X0053ZHYD9,"Wearable Breast Pump Case Compatible with Eufy E20 S1, Holds 2 Pumps",可穿戴式吸奶器收纳盒，兼容Eufy E20 S1，可容纳2个吸奶器,吸奶器收纳盒,55,1079.46,55,1.83,0,53,190,1,80,324,17×10×250,,白卡扣底盒,,,,"优化为 25*10*19
170*100*250mm 350g单铜，300个-1.38元（含运输不含税）
https://detail.1688.com/offer/1068525614482.html?spm=a360q.8274423%2Fnew.goods.productname",,,,,,200,https://m.media-amazon.com/images/I/41B5ztFXA8L.jpg,https://amz-client-global-1359221291.cos.ap-guangzhou.myqcloud.com/users/f82eadde-4422-426b-b0ea-29b0ed0c3081/uploads/2026-08-07/8c38391e-ab1e-483d-b40a-d453de15201c.jpg,,2026-08-22,2026-08-23T12:00:01.869Z
TZH-主店二号,B0H25MK5M8,X0054DI2EP,"4 Pack Rear Shock Absorber Cover for eBike & Dirt Bike, 10.62 Inch",适用于电动自行车和越野自行车的4件装后减震器护套，10.62英寸,,22,219.78,20,0.73,0,102,0,0,0,102,15×11×6,28×11×4,,,,,蓝象黄 首选,蓝象黄,,,,,122,https://m.media-amazon.com/images/I/41dDjUKGLpL.jpg,,,2026-08-22,2026-08-23T12:00:01.869Z
TZH-主店二号,B0H35Z5GV8,X0054XFGDZ,8 Pack Clear Mahjong Card Sleeves Compatible with NMJL Scorecard,8个装透明麻将卡套，兼容NMJL记分卡,,152,1518.48,132,5.07,0,70,399,0,135,604,16×13.75×1.3,,自封PP袋,,0,,两个四个装合成八个装,,,,,,185,https://m.media-amazon.com/images/I/31wnZiFFW9L.jpg,https://amz-client-global-1359221291.cos.ap-guangzhou.myqcloud.com/users/f82eadde-4422-426b-b0ea-29b0ed0c3081/uploads/2026-08-07/7f62d04a-6097-42e8-9ad4-02de329b6ef1.jpg,,2026-08-22,2026-08-23T12:00:01.869Z
TZH-主店二号,B0H366YPGD,X0054XIHZT,12 Pack All-Around Protective Kit Compatible with Garmin Forerunner 165,12 件装全方位保护套装，兼容 Garmin Forerunner 165,,73,709.29,73,2.43,0,75,100,0,5,180,15.5×11.5×1.8,,,,0.95,,"
https://detail.1688.com/offer/746018663855.html?spm=a360q.7751291.0.0.3cb229a8Fy54uQ&sk=common",,,,,,40,https://m.media-amazon.com/images/I/41aYSxkrh2L.jpg,,,2026-08-22,2026-08-23T12:00:01.869Z
TZH-主店二号,B0H36KW9N8,X0054XU4AF,"2 Pack Squeeze Dish Soap Dispenser, 12 oz Refillable Leak-Proof Bottle",2个装挤压式洗洁精分配器，12盎司可重复灌装防漏瓶,,208,1348.65,204,6.93,0,0,660,0,103,763,16×6×12,,白卡盒,,,,"120*60*160mm，350g单铜，300个-0.89元
https://detail.1688.com/offer/1068525614482.html?spm=a360q.8274423%2Fnew.goods.productname

",,,,,,100,https://m.media-amazon.com/images/I/31UCP+u4DSL.jpg,,,2026-08-22,2026-08-23T12:00:01.869Z
TZH-主店二号,B0H36NTQY2,X00552QZH1,22PCS Breast Pump Replacement Parts Compatible with Eufy E10/E20/S1/S1 Pro,22件套吸奶器替换零件，兼容Eufy E10/E20/S1/S1 Pro,Eufy 配件组合,121,2259.81,119,4.03,23,0,594,0,3,597,18.5×12.5×4.2,,塑料盒,,1.35,,"https://detail.1688.com/offer/978444773492.html
规格型号: 小号1842长方盒 18.5*12.5*4.2CM",,40×40×40,,54,,195,https://m.media-amazon.com/images/I/41weYSmFiaL.jpg,,,2026-08-22,2026-08-23T12:00:01.869Z
TZH-主店二号,B0H36VYNDC,X0054XY56T,"2 Pack Blank Needlepoint Canvas 13 Mesh 19"" x 17"", Cotton Embroidery Fabric",2 包空白针绣画布，13 目，19 英寸 x 17 英寸，棉质绣布,,77,1124.25,71,2.57,0,131,296,0,85,512,5×5×44,,,,1.2,,"50*50*440mm-300个1.2元/pcs
https://detail.1688.com/offer/1068525614482.html?spm=a360q.8274423%2Fnew.goods.productname",,,,,,181,https://m.media-amazon.com/images/I/31PhzghMXQL.jpg,,,2026-08-22,2026-08-23T12:00:01.869Z
TZH-主店二号,B0H451QSK6,X0055BKJUB,Gripper Seat Cover Compatible with Yozma IN10 Electric Dirt Bike(Yellow),适用于 Yozma IN10 电动越野摩托车的防滑座套（黄色）,,2,35.98,2,0.07,0,40,0,0,1,41,23×9×4,,,,0.76,,"蓝象黄
https://item.taobao.com/item.htm?id=669176211019&mi_id=0000hhhd33eoX9TrRy2_hWvjOAjzpbJbv0U5FwTKhYnrQEc&spm=tbpc.boughtlist.suborder_itemtitle.1.716d2e8doDe5ZF&skuId=4810171912505
",,,,,,122,https://m.media-amazon.com/images/I/41RgX7VvLpL.jpg,,,2026-08-22,2026-08-23T12:00:01.869Z
TZH-主店二号,B0H451T7PF,X0055BN6MJ,Gripper Seat Cover Compatible with Yozma IN10 Electric Dirt Bike(Green),适用于 Yozma IN10 电动越野摩托车的防滑座套（绿色）,,7,135.93,7,0.23,0,35,0,0,0,35,23×9×4,,,,0.76,,"蓝象黄
https://item.taobao.com/item.htm?id=669176211019&mi_id=0000hhhd33eoX9TrRy2_hWvjOAjzpbJbv0U5FwTKhYnrQEc&spm=tbpc.boughtlist.suborder_itemtitle.1.716d2e8doDe5ZF&skuId=4810171912505
",,,,,,122,https://m.media-amazon.com/images/I/41+0LEpGFyL.jpg,,,2026-08-22,2026-08-23T12:00:01.869Z
TZH-主店二号,B0H453GHTS,X0055BLPSV,Gripper Seat Cover Compatible with Yozma IN10 Electric Dirt Bike(Purple),适用于 Yozma IN10 电动越野摩托车的防滑座套（紫色）,,13,239.88,13,0.43,0,0,0,0,1,1,23×9×4,,,,0.76,,"蓝象黄
https://item.taobao.com/item.htm?id=669176211019&mi_id=0000hhhd33eoX9TrRy2_hWvjOAjzpbJbv0U5FwTKhYnrQEc&spm=tbpc.boughtlist.suborder_itemtitle.1.716d2e8doDe5ZF&skuId=4810171912505
",,,,,,122,https://m.media-amazon.com/images/I/41XMpvUbjfL.jpg,,,2026-08-22,2026-08-23T12:00:01.869Z
TZH-主店二号,B0H454WDFF,X0055BK6HR,Gripper Seat Cover Compatible with Yozma IN10 Electric Dirt Bike (Blue),适用于 Yozma IN10 电动越野摩托车的防滑座套（蓝色）,,8,155.92,8,0.27,0,23,0,0,0,23,23×9×4,,,,0.76,,"蓝象黄
https://item.taobao.com/item.htm?id=669176211019&mi_id=0000hhhd33eoX9TrRy2_hWvjOAjzpbJbv0U5FwTKhYnrQEc&spm=tbpc.boughtlist.suborder_itemtitle.1.716d2e8doDe5ZF&skuId=4810171912505
",,,,,,122,https://m.media-amazon.com/images/I/41lP5fxCLgL.jpg,,,2026-08-22,2026-08-23T12:00:01.869Z
TZH-主店二号,B0H45JL95Q,X0055CF7O3,"4-Pack Heavy-Duty Replacement Fans for Snap Circuits, 3D Printed Propeller",适用于 Snap Circuits 的 4 个装重型替换风扇，3D 打印螺旋桨,,53,764.49,46,1.77,7,10,180,0,4,194,22×9×1.3,,,,0.36,,"220*90*13mm

https://detail.1688.com/offer/666965223145.html?spm=a360q.8274423%2Fnew.goods.productname",,,,,,50,https://m.media-amazon.com/images/I/41JCqalCxKL.jpg,,,2026-08-22,2026-08-23T12:00:01.869Z
TZH-主店二号,B0H4BBYVR9,X0055CFEOB,2 Pack Replacement Flip Straw Lid Only for HydroJug 40 oz Tumbler (Black),适用于 HydroJug 40 盎司保温杯的 2 个装替换翻盖吸管盖（黑色）,,9,116.91,9,0.30,8,38,60,0,2,100,23.5×12×4,,飞机盒,,0.92,,"蓝象黄
https://item.taobao.com/item.htm?id=972000787976&mi_id=0000LfVC6SiowuIPlYMK6t0J5f1bJrs-eOdBtOBgH4iYmdc&spm=a21xtw.29978516.0.0&xxc=shop&skuId=5925122957796",,,,,,230,https://m.media-amazon.com/images/I/41lPkbBauML.jpg,,,2026-08-22,2026-08-23T12:00:01.869Z
TZH-主店二号,B0H4GMWHNQ,X0055EJNKZ,"8 Pack Kpop Lightstick Strap Lanyard, Adjustable Crossbody Shoulder Strap",8条装Kpop应援棒挂绳，可调节斜挎肩带,8条四色肩带,165,1598.40,164,5.50,15,0,540,0,2,542,1×1×1,,白卡盒,,,,"规格型号: 30*40（36+4）有孔花刀*OPP自粘袋5丝100个装*OPP*150*透明

https://detail.1688.com/offer/620195621018.html?spm=a360q.8274423%2Fnew.goods.productname",,,,,,240,https://m.media-amazon.com/images/I/41u4iOXIoKL.jpg,,,2026-08-22,2026-08-23T12:00:01.869Z
TZH-主店二号,B0H4GQMV11,X0055EOWK1,Trnjctayr 4 Pack Stackable Incline Riser Blocks for Walking Pad & Treadmill,Trnjctayr 4 件装可堆叠式坡度增高块，适用于步行垫和跑步机,,123,1384.83,121,4.10,7,11,410,0,10,431,16.5×8×8,,,,1.22,,"蓝象黄
https://item.taobao.com/item.htm?id=972842721702&mi_id=0000ySW7tmpKubuCcq79cBJsIrK9RKFeA4gWNKOQH-R3TC4&spm=a21xtw.29978516.0.0&xxc=shop&skuId=6090099055450",,,,,,180,https://m.media-amazon.com/images/I/51Zr1e86WOL.jpg,,,2026-08-22,2026-08-23T12:00:01.869Z
TZH-主店二号,B0H4GRQNW5,X0055ER61N,Trnjctayr 4 Pack Stackable Incline Riser Blocks for Walking Pad & Treadmill,Trnjctayr 4 件装可堆叠式坡度增高块，适用于步行垫和跑步机,,17,301.83,17,0.57,8,25,120,0,0,145,17×9.5×15,16.5×16×8,瓦楞盒,,,1.7,自带,"蓝象黄
https://item.taobao.com/item.htm?id=972842721702&mi_id=0000ySW7tmpKubuCcq79cBJsIrK9RKFeA4gWNKOQH-R3TC4&skuId=6090106507017&spm=a21xtw.29978516.0.0&xxc=shop",48×41×36.5,,,,360,https://m.media-amazon.com/images/I/51tEkv4GklL.jpg,,,2026-08-22,2026-08-23T12:00:01.869Z
TZH-主店二号,B0H4GSWH3T,X0055EK1VZ,Trnjctayr 4 Pack Stackable Incline Riser Blocks for Walking Pad & Treadmill,Trnjctayr 4 件装可堆叠式坡度增高块，适用于步行垫和跑步机,,12,178.88,12,0.40,5,32,120,0,0,152,18×9.3×12.2,16×13×8,瓦楞盒,,,1.52,自带18*9.3*12.2,"蓝象黄
https://item.taobao.com/item.htm?id=972842721702&mi_id=0000ySW7tmpKubuCcq79cBJsIrK9RKFeA4gWNKOQH-R3TC4&skuId=6090099055530&spm=a21xtw.29978516.0.0&xxc=shop",1×1×1,,,,406,https://m.media-amazon.com/images/I/51ggJ0saAlL.jpg,,,2026-08-22,2026-08-23T12:00:01.869Z
TZH-主店二号,B0H4GTCBH2,X0055NBKFR,"4 Pack Treadmill Incline Riser Blocks, Stackable Height Adjusters (4)",4个装跑步机坡度调节块，可堆叠高度调节器（4）,,19,143.82,18,0.63,4,75,0,0,3,78,14.5×8×8,,,,1.18,,"蓝象黄
https://item.taobao.com/item.htm?id=971406543411&mi_id=0000u0LCG7GaZBbU4PLYFJH1HJigZZIgFEL7pi7u64ox7rg&spm=a21xtw.29978516.0.0&xxc=shop&skuId=5922635536294",,,,,,200,https://m.media-amazon.com/images/I/51u8ZH2fnOL.jpg,,,2026-08-22,2026-08-23T12:00:01.869Z
TZH-主店二号,B0H4GWDVHD,X0055ET2KB,"8 Pack Treadmill Incline Riser Blocks, Stackable Height Adjusters (8)",8 件装跑步机坡度调节块，可堆叠高度调节器 (8),,75,829.26,74,2.50,16,0,360,0,0,360,14.5×14×8,,飞机盒,,1.52,,"蓝象黄
https://item.taobao.com/item.htm?id=971406543411&mi_id=0000u0LCG7GaZBbU4PLYFJH1HJigZZIgFEL7pi7u64ox7rg&skuId=5922635536390&spm=a21xtw.29978516.0.0&xxc=shop",,,,,,370,https://m.media-amazon.com/images/I/51u8ZH2fnOL.jpg,,,2026-08-22,2026-08-23T12:00:01.869Z
TZH-主店二号,B0H5Q7T54W,X0055VG1XZ,"4 Pack Replacement Lid Compatible with Hydrojug 40 oz only, Replacement Flip Straw Lid for HydroJug 40 oz Tumbler (Beige + Pink + Navy Blue + Black)",4 件装替换盖，仅适用于 HydroJug 40 盎司保温杯，替换翻盖吸管盖（米色 + 粉色 + 海军蓝 + 黑色）,,4,67.96,4,0.13,0,66,0,0,0,66,,,,,,,,,,,,,460,https://m.media-amazon.com/images/I/41uhu0NW8-L.jpg,,,2026-08-22,2026-08-23T12:00:01.869Z
TZH-主店二号,B0H5QB58R6,X0055VK5QJ,2 Pack Replacement Flip Straw Lid Only for HydroJug 40 oz Tumbler(NavyBlue),适用于 HydroJug 40 盎司保温杯的 2 个装替换翻盖吸管盖（海军蓝）,,0,0.00,0,0.00,2,58,0,0,0,58,23.5×12×4,,,,0.92,,"蓝象黄
https://item.taobao.com/item.htm?id=972000787976&mi_id=0000LfVC6SiowuIPlYMK6t0J5f1bJrs-eOdBtOBgH4iYmdc&spm=a21xtw.29978516.0.0&xxc=shop&skuId=5925122957796",,,,,,230,https://m.media-amazon.com/images/I/41sdNuVoxRL.jpg,,,2026-08-22,2026-08-23T12:00:01.869Z
TZH-主店二号,B0H5QCYCV4,X0055VGZ4Z,2 Pack Replacement Flip Straw Lid Only for HydroJug 40 oz Tumbler (Pink),适用于 HydroJug 40 盎司保温杯的 2 个装替换翻盖吸管盖（粉色）,,55,714.45,55,1.83,1,1,360,0,2,363,23.5×12×4,,,,0.92,,"蓝象黄
https://item.taobao.com/item.htm?id=972000787976&mi_id=0000LfVC6SiowuIPlYMK6t0J5f1bJrs-eOdBtOBgH4iYmdc&spm=a21xtw.29978516.0.0&xxc=shop&skuId=5925122957796",,,,,,230,https://m.media-amazon.com/images/I/41WmpfPDmYL.jpg,https://amz-client-global-1359221291.cos.ap-guangzhou.myqcloud.com/users/f82eadde-4422-426b-b0ea-29b0ed0c3081/uploads/2026-08-07/f8d4abf4-dd78-4e6f-887b-c62809f3c02a.jpg,,2026-08-22,2026-08-23T12:00:01.869Z
TZH-主店二号,B0H5RKCN5B,X0055WC4Z3,2-Pack Lid Opening Tool Compatible with Hydrojug Tumbler 32 oz & 40 oz Only,两件装开盖工具，仅适用于 Hydrojug 32 盎司和 40 盎司保温杯,,98,1454.03,96,3.27,30,75,240,0,49,364,16×70×1.6,,白卡盒,,0.27,,"https://detail.1688.com/offer/950623208711.html
规格型号: 350G白卡纸;160*70*16mm
",,,,,,100,https://m.media-amazon.com/images/I/31XXzolbPNL.jpg,https://amz-client-global-1359221291.cos.ap-guangzhou.myqcloud.com/users/f82eadde-4422-426b-b0ea-29b0ed0c3081/uploads/2026-08-07/76edddd7-093f-4e99-b12e-6372901f621c.jpg,,2026-08-22,2026-08-23T12:00:01.869Z
TZH-主店二号,B0H5W4HJGM,X0055Y7GO5,2 Pack Replacement Flip Straw Lid Only for HydroJug 40 oz Tumbler (Cream),2个装替换翻盖吸管盖，适用于HydroJug 40盎司保温杯（奶油色）,,45,584.55,45,1.50,9,0,340,0,4,344,23.5×12×4,,飞机盒,,0.92,,"蓝象黄
https://item.taobao.com/item.htm?id=972000787976&mi_id=0000LfVC6SiowuIPlYMK6t0J5f1bJrs-eOdBtOBgH4iYmdc&spm=a21xtw.29978516.0.0&xxc=shop&skuId=5925122957796",,,,,,230,https://m.media-amazon.com/images/I/41lx+GbRIrL.jpg,https://amz-client-global-1359221291.cos.ap-guangzhou.myqcloud.com/users/f82eadde-4422-426b-b0ea-29b0ed0c3081/uploads/2026-08-07/54353c83-f8ca-4bd3-8731-f0ec952ff69b.jpg,,2026-08-22,2026-08-23T12:00:01.869Z
TZH-主店二号,B0H6TTFPPQ,X0056ET3IL,Stroller Snack Tray Attachment Compatible with Baby Jogger City Mini GT2,适用于 Baby Jogger City Mini GT2 的婴儿推车零食托盘配件,,2,41.98,1,0.07,8,41,20,0,29,90,,,,,,,,,,,,,618,https://m.media-amazon.com/images/I/41+GncVd8HL.jpg,,,2026-08-22,2026-08-23T12:00:01.869Z
TZH-主店二号,B0H6V2TXYM,X0056F07RB,Heavy-Duty Air Cushion Strap Compatible with Veto Pro Pac Bags,适用于 Veto Pro Pac 气垫包的重型气垫背带,,67,899.40,67,2.23,24,48,120,0,12,180,15×9×7,,飞机盒,,1.07,,"蓝象黄
https://item.taobao.com/item.htm?id=668125464780&mi_id=00006GOPlPgu5zps6ZMiBWZW_-O6JNoVoJEwHtsW23Gn3h0&spm=tbpc.boughtlist.suborder_itemtitle.1.1bf22e8dr6Mi7F&skuId=4815284049623",,46×46×43,,60,,250,https://m.media-amazon.com/images/I/41bCuTFIJ+L.jpg,https://amz-client-global-1359221291.cos.ap-guangzhou.myqcloud.com/users/f82eadde-4422-426b-b0ea-29b0ed0c3081/uploads/2026-08-07/6415db66-8d42-4b1d-a208-427be1173f6e.jpg,,2026-08-22,2026-08-23T12:00:01.869Z
TZH-主店二号,B0H6XH6KNV,X0056GE8HP,7-Piece Felt Drawer Organizer Compatible with IKEA Alex Drawers Unit,7 件套毛毡抽屉收纳盒，兼容宜家 Alex 抽屉柜,,14,220.87,12,0.47,3,43,0,0,1,44,,,,,,,,,,,,,,https://m.media-amazon.com/images/I/41sHtN+P3uL.jpg,,,2026-08-22,2026-08-23T12:00:01.869Z
TZH-主店二号,B0H6XH6RLN,X0056GDUU1,7-Piece Felt Drawer Organizer Compatible with IKEA Alex Drawers Unit,7 件套毛毡抽屉收纳盒，兼容宜家 Alex 抽屉柜,,19,288.83,16,0.63,7,34,0,0,2,36,,,,,,,,,,,,,,https://m.media-amazon.com/images/I/41m39jHFTsL.jpg,,,2026-08-22,2026-08-23T12:00:01.869Z
TZH-主店二号,B0H714P11S,X0056IC0OB,"2 Pack Universal Ebike Plate Compatible with Q20, S1/S2/Y1/RX, X1S/X/X2 etc",2 件装通用电动自行车牌照架，兼容 Q20、S1/S2/Y1/RX、X1S/X/X2 等车型。,,0,0.00,0,0.00,0,0,0,0,0,0,,,,,,,,,,,,,,https://m.media-amazon.com/images/I/21-opJHw6bL.jpg,,,2026-08-22,2026-08-23T12:00:01.869Z
TZH-主店二号,B0H7JL7WTR,X0056P5XZ7,Stainless Steel Inner Pot Compatible with CUCKOO CR-0675FW Rice Cooker,适用于 CUCKOO CR-0675FW 电饭煲的不锈钢内胆,,11,315.89,11,0.37,3,90,0,0,14,104,21×21×12,,瓦楞盒,,1.15,,"21*21;12cm 3层3mm
https://detail.1688.com/offer/814859779345.html?spm=a360q.8274423%2Fnew.goods.productname",,50×45×45,,16,,900,https://m.media-amazon.com/images/I/31IFPVW9qGL.jpg,,,2026-08-22,2026-08-23T12:00:01.869Z
TZH-主店二号,B0H7JQCJ61,X0056ZP6X1,Stainless Steel Inner Pot Compatible with Tiger JBV-A10U Rice Cooker,适用于虎牌JBV-A10U电饭煲的不锈钢内胆,,18,383.84,18,0.60,10,18,0,0,15,33,21×21×12,,瓦楞盒,,1.15,,"21*21;12cm 3层3mm
https://detail.1688.com/offer/814859779345.html?spm=a360q.8274423%2Fnew.goods.productname",,50×45×45,,16,,500,https://m.media-amazon.com/images/I/31FH-eK-NFL.jpg,,,2026-08-22,2026-08-23T12:00:01.869Z
TZH-主店二号,B0H7SJHR4W,X0056S5JYJ,"100PCS 3D Printer Clicker Insert, Note No Metal Pins, Blue Clicky Tactile",100个3D打印机按压式插入件，注意：不含金属销，蓝色按压式触感,100个键盘轴,77,569.43,68,2.57,30,11,120,0,91,222,21.9×15.6×1.7,,塑料盒,,1.55,,"https://detail.1688.com/offer/849254140920.html
规格型号: B03空盒（21.9*15.6*1.7cm）
",,,,,,170,https://m.media-amazon.com/images/I/51XFyP5SiXL.jpg,https://amz-client-global-1359221291.cos.ap-guangzhou.myqcloud.com/users/f82eadde-4422-426b-b0ea-29b0ed0c3081/uploads/2026-08-07/c67417ee-9dff-4f21-8051-ddb186f4da21.jpg,,2026-08-22,2026-08-23T12:00:01.869Z
TZH-主店二号,B0H8LNWM5P,X00572WYLZ,Trnjctayr Kitten Bottle Feeding Kit for Newborn Puppy and Small Pets,Trnjctayr 幼猫奶瓶喂养套装，适用于新生幼犬和小型宠物,,2,0.00,2,0.07,8,34,48,0,31,113,,,,,,,,,,,,,60,https://m.media-amazon.com/images/I/41CzvXvbkUL.jpg,,,2026-08-22,2026-08-23T12:00:01.869Z
TZH-主店二号,B0H8M2M3PP,X00572WBR7,Heavy Duty 420H Gold Chain 132 Link Compatible with Yozma IN10,重型 420H 金链，132 节，兼容 Yozma IN10,,0,0.00,0,0.00,0,1,80,0,39,120,22.5×11×5,,,,1.01,,"蓝象黄
https://item.taobao.com/item.htm?from=cart&id=973859504097&mi_id=0000sRlCwK08Heu-fo5aOKE1voMEu6eGvmT8dctA2dG-h3Y&skuId=5923748512065&spm=a1z0d.6639537%2F202410.item.d973859504097.2f9d7484u78lAS&upStreamPrice=101",,,,,,1400,https://m.media-amazon.com/images/I/51bs4y0S+ZL.jpg,,,2026-08-22,2026-08-23T12:00:01.869Z
TZH-主店二号,B0H8RZQPVK,X00575XM6D,Heavy-Duty Sourdough Cooling Rack with Dough & Bench Scrapers,重型酸面包冷却架，带面团刮板和刮板,,0,0.00,0,0.00,10,7,72,0,31,110,43.5×28.7×2.7,,,,1.9,,"定制
https://detail.1688.com/offer/769082138444.html?spm=a21i7k.1688_web_im.chatboxOD.0",,,,,,500,https://m.media-amazon.com/images/I/51S44NmrEML.jpg,,,2026-08-22,2026-08-23T12:00:01.869Z
TZH-主店二号,B0HCZT8BMB,X00588XCZF,Stainless Steel Inner Pot Compatible with Aroma 2Qt Rice Cooker,不锈钢内胆，兼容 Aroma 2Qt 电饭煲,,0,0.00,0,0.00,0,0,120,0,0,120,18×18×11,,瓦楞盒,,1.1,,,,50×40×38,50×40×40,16,16,340,https://m.media-amazon.com/images/I/31nN2lij4kL.jpg,,,2026-08-22,2026-08-23T12:00:01.869Z
TZH-主店二号,B0HD6C9GT9,X0058B42CT,Stainless Steel Inner Pot Compatible with AROMA 5Qt Rice Cooker,适用于 AROMA 5Qt 电饭煲的不锈钢内胆,,0,0.00,0,0.00,0,0,120,0,0,120,,,,,,,,,,,,,498.951,https://m.media-amazon.com/images/I/417MXRLXs4L.jpg,,,2026-08-22,2026-08-23T12:00:01.869Z
LPH-主店三号-US,B0FSXJQ73Q,X004USZCH5,"Dollform 2 PCS Toilet Handle Compatible with Mansfield Flush Valve Systems, Replacement Toilet Tank Flush Lever for Mansfield Front Mount, Chrome Finish Handle",Dollform 2 件装马桶把手，兼容 Mansfield 冲水阀系统，Mansfield 前置式马桶水箱冲水杆替换件，镀铬把手,MANS马桶冲水开关,0,0.00,0,0.00,0,0,0,0,0,0,27×8×4,,,,0.78,,"蓝象黄
https://item.taobao.com/item.htm?id=975905906769&mi_id=0000Vy4Vm7lccPYJV7tZ8yJIqPGyd3NleMQfYGdP6SeviHI&spm=tbpc.boughtlist.suborder_itemtitle.1.57c52e8dmiQp7i&skuId=5931038593630",,50×50×50,,100,,112,https://m.media-amazon.com/images/I/31t2U-0J5IL.jpg,,,2026-08-22,2026-08-23T12:00:01.869Z
LPH-主店三号-US,B0FWC7WNCB,X004VJU6M9,"On-The-Go Storage Bag Compatible with Salad Pod 4.5 Cups, Durable Bag Only",便携式保鲜袋，兼容4.5杯沙拉盒，仅限耐用袋体。,沙拉罐收纳袋,101,791.01,100,3.37,0,622,0,1,10,633,23×16×3,,,,0.94,,"蓝象黄
https://item.taobao.com/item.htm?id=669176211019&mi_id=0000hhhd33eoX9TrRy2_hWvjOHV-sbButByZ-9Z3YOiQnMU&spm=tbpc.boughtlist.suborder_itemtitle.1.4dff2e8dPcjFhy&skuId=4810171912448",,,,,,141,https://m.media-amazon.com/images/I/41lrLThQWvL.jpg,,,2026-08-22,2026-08-23T12:00:01.869Z
LPH-主店三号-US,B0FWJ6BW9K,X004VM3K47,"24-Slot Wooden Championship Ring Display Case - Personalized Name Wall Mount Sports Ring Holder for Baseball, Softball, Basketball Medals, Sports Memorabilia Shelf Decor for Men, Boys & Coaches Gifts",24格木质冠军戒指展示盒 - 可定制姓名壁挂式运动戒指架，适用于棒球、垒球、篮球奖牌，体育纪念品架装饰，男士、男孩和教练礼物,戒指展示柜,19,379.81,18,0.63,0,15,0,0,2,17,1×1×1,,,,,,自带,,,,,,550,https://m.media-amazon.com/images/I/51Nbj8F8NVL.jpg,,,2026-08-22,2026-08-23T12:00:01.869Z
LPH-主店三号-US,B0FWKCXWY6,X004VMSVQT,"Dollform 12 PCS Hand Sanitizer Holder Keychain Set, Leak-Proof Travel Size Empty Hand Sanitizer Bottles (1oz/30ml), Portable Refillable Liquid Dispenser for Backpack, Purse & Diaper Bag (12 Colors)",Dollform 12 件装免洗洗手液收纳钥匙扣套装，防漏旅行装空洗手液瓶（1盎司/30毫升），便携式可灌装液体分配器，适用于背包、钱包和尿布包（12 种颜色）,12Pcs洗手液套装,100,1665.02,90,3.33,0,162,120,0,7,289,19×10×8,,,,1.14,,"蓝象牛皮
https://item.taobao.com/item.htm?id=668512865488&mi_id=00004KKY2n7FxKwASn8CdkTWCziv_XAq3gr7uXzm0gnG7Z8&skuId=5068156275657&spm=tbpc.boughtlist.suborder_itemtitle.1.70d22e8doMAlBA",,50×44×42,,42,,331,https://m.media-amazon.com/images/I/515rTJpD3IL.jpg,,,2026-08-22,2026-08-23T12:00:01.869Z
LPH-主店三号-US,B0FWKD1L3W,X004VMSKU1,"4 Pack Retractable Lanyard with Badge Holders for ID Card Badges & Cruise Ships Cards - Hands-Free & Waterproof Badge Holder with Lanyard and Badge Reel Clip for Commuters, Office ID, Work Badge Reel",4 件装可伸缩挂绳，带证件套，适用于身份证、徽章和邮轮卡 - 免提防水证件套，带挂绳和证件卷轴夹，适合通勤、办公证、工作证卷轴,4Pcs吊牌保护套,0,0.00,0,0.00,0,0,0,0,0,0,19×18×1.6,,,,0.48,,"190*180*16mm
https://detail.1688.com/offer/670045297830.html?spm=a360q.8274423%2Fnew.goods.productname",,,,,,110,https://m.media-amazon.com/images/I/41LZ3aN305L.jpg,,,2026-08-22,2026-08-23T12:00:01.869Z
LPH-主店三号-US,B0FWKFH1H8,X004VMRLZL,"Tool Pouch for Ladder - Oxford Fabric Ladder Tool Bag, Universal for A-Frame Extension Ladder, Ladder Tool Holder Compatible with Little Giant Ladders, Electrician & Contractor Work Belt Accessories",梯子工具包 - 牛津布梯子工具包，通用型，适用于A型伸缩梯，兼容Little Giant梯子，电工和承包商工作腰带配件,货梯包,0,0.00,0,0.00,0,0,0,0,0,0,30×13×12,,,,2.19,,https://detail.1688.com/offer/825629376602.html?spm=a360q.8274423%2Fnew.goods.productname,,,,,,572,https://m.media-amazon.com/images/I/412H1eQnV1L.jpg,,,2026-08-22,2026-08-23T12:00:01.869Z
LPH-主店三号-US,B0FY2WZLGG,X004W6JOQZ,10 Pack Silicone Mouthpiece Replacement Compatible with Brita Water Bottle,10个装硅胶吸嘴替换装，兼容碧然德水瓶,10PcsB硅胶嘴,263,2577.42,256,8.77,0,413,300,0,132,845,13×8×4,,飞机盒,,0.55,,"蓝象黄
https://item.taobao.com/item.htm?id=668517869529&pisk=g8ebMiq44EYXb0PKGASyNoHsDgM1hgWFBhiTxlp2XxHx1dE4RcJZ_sm6C4Zdmq5GiPN7WzcqkVlZCcaEroJNmoS1ClEKkAPqucUz5zA4uRuazOZ3RjJ4XR-0Zyrp3-5mQdMmIAQF89WU0oDiBS_402Ym2coFQd39MxDJ8qtV99WUmutqDMrRLRzp8Ge96dUtMbB-A4nvWc3OVbnEXApx6KdJy4mtBAhxDLh-YmLtWqhOVQnIDInvHddReDowDAHTW0n-rcHtDPHOVu3oXAdkAc1joospPTIPK9YT0499B8iRS2EfiKn3Emst7og5JUy5-jgLD49OkvY7yVgupa57qyVYu041daMgr5UtfzLR7jqTNzibuwTi7-q4CqrfMZqSEqZt1vtOHuMjlXeqGnp_JuZTTbwPv9DjHqFZnl-Cuuwbuo27bhd-hxPSO-MdKE3aakwsfRbGFyZ3Ezi8JO_A4E9ER5HD13GHC0gFVgOMsCR0G-yTa5QsM0mjagsWk5cxq0gFVgOMsjnocDS5VEFG.&skuId=4988312815220&spm=tbpc.boughtlist.suborder_itempic.d668517869529.441a2e8dXcA1g6",,,,,,145,https://m.media-amazon.com/images/I/311xovmvm3L.jpg,https://amz-client-global-1359221291.cos.ap-guangzhou.myqcloud.com/users/f82eadde-4422-426b-b0ea-29b0ed0c3081/uploads/2026-08-07/6546823e-d3db-467c-9000-fd4f295c5909.jpg,,2026-08-22,2026-08-23T12:00:01.869Z
LPH-主店三号-US,B0FY2XXG9F,X004W8JFIF,"6 Pack Replacement Seal Gaskets Compatible with OmieBox Bento Box Lid, Silicone Lid Seal Gasket for OmieBox, Leak-Proof Seal Ring Accessory, Keep Freshness, BPA-Free Kids Lunch Box Replacement Parts",6个装替换密封垫圈，兼容OmieBox便当盒盖，硅胶盖密封垫圈，防漏密封圈配件，保持食物新鲜，不含BPA，儿童午餐盒替换零件,3Pcs浅蓝色O饭盒密封垫,0,0.00,0,0.00,0,0,0,0,0,0,,,,,,,,,,,,,,https://m.media-amazon.com/images/I/41YtgJvSAmL.jpg,,,2026-08-22,2026-08-23T12:00:01.869Z
LPH-主店三号-US,B0FY31HN9D,X004W8K4XF,"6 Pack Replacement Seal Gaskets Compatible with OmieBox Bento Box Lid, Silicone Lid Seal Gasket for OmieBox, Leak-Proof Seal Ring Accessory, Keep Freshness, BPA-Free Kids Lunch Box Replacement Parts",6个装替换密封垫圈，兼容OmieBox便当盒盖，硅胶盖密封垫圈，防漏密封圈配件，保持食物新鲜，不含BPA，儿童午餐盒替换零件,3Pcs紫色O饭盒密封垫,0,0.00,0,0.00,0,0,0,0,0,0,,,,,,,,,,,,,,https://m.media-amazon.com/images/I/419oKiQ-W0L.jpg,,,2026-08-22,2026-08-23T12:00:01.869Z
LPH-主店三号-US,B0FY31WV9L,X004W8K4XP,"6 Pack Replacement Seal Gaskets Compatible with OmieBox Bento Box Lid, Silicone Lid Seal Gasket for OmieBox, Leak-Proof Seal Ring Accessory, Keep Freshness, BPA-Free Kids Lunch Box Replacement Parts",6个装替换密封垫圈，兼容OmieBox便当盒盖，硅胶盖密封垫圈，防漏密封圈配件，保持食物新鲜，不含BPA，儿童午餐盒替换零件,3Pcs蓝色O饭盒密封垫,0,0.00,0,0.00,0,0,0,0,0,0,,,,,,,,,,,,,,https://m.media-amazon.com/images/I/41tUGi5DcNL.jpg,,,2026-08-22,2026-08-23T12:00:01.869Z
LPH-主店三号-US,B0FY32B4PW,X004W8NBU3,"6 Pack Replacement Seal Gaskets Compatible with OmieBox Bento Box Lid, Silicone Lid Seal Gasket for OmieBox, Leak-Proof Seal Ring Accessory, Keep Freshness, BPA-Free Kids Lunch Box Replacement Parts",6个装替换密封垫圈，兼容OmieBox便当盒盖，硅胶盖密封垫圈，防漏密封圈配件，保持食物新鲜，不含BPA，儿童午餐盒替换零件,3Pcs白色O饭盒密封垫,0,0.00,0,0.00,0,0,0,0,0,0,,,,,,,,,,,,,,https://m.media-amazon.com/images/I/31eg6M4zGwL.jpg,,,2026-08-22,2026-08-23T12:00:01.869Z
LPH-主店三号-US,B0FY32P4CL,X004W8N6ZD,"6 Pack Replacement Seal Gaskets Compatible with OmieBox Bento Box Lid, Silicone Lid Seal Gasket for OmieBox, Leak-Proof Seal Ring Accessory, Keep Freshness, BPA-Free Kids Lunch Box Replacement Parts",6个装替换密封垫圈，兼容OmieBox便当盒盖，硅胶盖密封垫圈，防漏密封圈配件，保持食物新鲜，不含BPA，儿童午餐盒替换零件,3Pcs橙色O饭盒密封垫,0,0.00,0,0.00,0,0,0,0,0,0,,,,,,,,,,,,,,https://m.media-amazon.com/images/I/41wFBIXkDrL.jpg,,,2026-08-22,2026-08-23T12:00:01.869Z
LPH-主店三号-US,B0FY34NY1V,X004W8MG5J,"6 Pack Replacement Seal Gaskets Compatible with OmieBox Bento Box Lid, Silicone Lid Seal Gasket for OmieBox, Leak-Proof Seal Ring Accessory, Keep Freshness, BPA-Free Kids Lunch Box Replacement Parts",6个装替换密封垫圈，兼容OmieBox便当盒盖，硅胶盖密封垫圈，防漏密封圈配件，保持食物新鲜，不含BPA，儿童午餐盒替换零件,3Pcs萝卜色O饭盒密封垫,0,0.00,0,0.00,0,0,0,0,0,0,,,,,,,,,,,,,,https://m.media-amazon.com/images/I/41nHXFfzAxL.jpg,,,2026-08-22,2026-08-23T12:00:01.869Z
LPH-主店三号-US,B0FYF131Z1,X004WAE2R7,"2 Pack Golf Ball Cleaner Pouch, Waterproof Golf Club Washer with Carabiner",2 件装高尔夫球清洁袋，防水高尔夫球杆清洗器，带登山扣,2Pcs高尔夫清洁套,119,1886.82,97,3.97,0,593,40,0,94,727,20×20×4.5,,,,0.17,,"磨砂自封袋，警示语，14丝
https://detail.1688.com/offer/602048545352.html",,50×40×39,,50,,290,https://m.media-amazon.com/images/I/41h-SQc5eiL.jpg,,,2026-08-22,2026-08-23T12:00:01.869Z
LPH-主店三号-US,B0FZSM95JC,X004WJO4F3,"Universal Rain Cover Compatible with Nuna Stroller, Waterproof Weather Shield, Clear Protective Cover with Ventilation, Travel-Ready Stroller Accessory",适用于Nuna婴儿车的通用雨罩，防水防风雨罩，透明透气保护罩，旅行必备婴儿车配件,Nu婴儿车罩,0,0.00,0,0.00,0,0,0,0,0,0,30×26×1.65,,,,0.95,,"300*260*16.5mm
https://detail.1688.com/offer/670494068600.html?spm=a360q.8274423%2Fnew.goods.productname",,,,,,200,https://m.media-amazon.com/images/I/41xW9y8w8XL.jpg,,,2026-08-22,2026-08-23T12:00:01.869Z
LPH-主店三号-US,B0FZSY68B2,X004WJDIRN,"400 Pack Butter Wrapping Paper Set, 200 Pcs Aluminum Packaging Wrapping Sheets and 200 Pcs Silicone Oil Sheets, 9.84 x 9.84 and 8.66 x 8.66 Inches, for Homemade Butter Storage and Chocolate Packaging",400张装黄油包装纸套装，包含200张铝箔包装纸和200张硅油包装纸，尺寸分别为9.84 x 9.84英寸和8.66 x 8.66英寸，适用于自制黄油储存和巧克力包装。,400Pcs黄油收纳套装,50,919.54,50,1.67,0,150,8,0,15,173,26.5×26×3,,,,1.5,,"蓝象黄
https://item.taobao.com/item.htm?id=972520810278&mi_id=0000hvtdryB9Rmj45pv5vwHFtft2okN34i09jIto6cJpxiM&spm=tbpc.boughtlist.suborder_itemtitle.1.60c82e8d23jXep&skuId=5923804576840",,,,,,1050,https://m.media-amazon.com/images/I/31Dm+iWZIhL.jpg,,,2026-08-22,2026-08-23T12:00:01.869Z
LPH-主店三号-US,B0FZT4JBTF,X004WJSC9R,180 Count Cat Litter Box Liners Compatible with Petcove & Ducksky Automatic Self-Cleaning Cat Litter Box Bags - Drawstring Cat Litter Bags - Heavy Duty Tear-Resistant & Leak-Proof Refills,180个装猫砂盆内衬，兼容Petcove和Ducksky自动清洁猫砂盆袋 - 抽绳猫砂袋 - 加厚防撕裂防漏替换装,180Pcs猫砂袋,42,819.59,41,1.40,0,37,0,0,2,39,29×16×9,,,,1.9,,,,32×35×38,,8,,1999,https://m.media-amazon.com/images/I/413W8koN0oL.jpg,,,2026-08-22,2026-08-23T12:00:01.869Z
LPH-主店三号-US,B0G2BL89SH,X004WY8HPV,"6 Pcs Changing Pad Liners Compatible with Keekaroo Peanut Changer, White",6 片装尿布垫，兼容 Keekaroo Peanut 换尿布台，白色,6PcsKee垫,248,4797.60,245,8.27,0,231,480,0,15,726,34×20×4,,,,1.62,,"蓝象黄
https://item.taobao.com/item.htm?id=668073024491&mi_id=0000aEDfh96lNn__CjOSmNzH8_kNd3pP3VTgOHkWgecAjl0&skuId=4815035973333&spm=tbpc.boughtlist.suborder_itemtitle.1.7e222e8dwXgfG0",,43×42×43,,24,,530,https://m.media-amazon.com/images/I/318OXMyr+uL.jpg,https://amz-client-global-1359221291.cos.ap-guangzhou.myqcloud.com/users/f82eadde-4422-426b-b0ea-29b0ed0c3081/uploads/2026-01-17/b1d51c2a-e339-4961-81fb-28d5b244aa6c.jpg,,2026-08-22,2026-08-23T12:00:01.869Z
LPH-主店三号-US,B0G2BR58FK,X004WY2SVP,"Carrying Bag Compatible with Graco Pack n Play, Lightweight & Waterproof",适用于 Graco Pack n Play 婴儿床的便携包，轻便防水,Gra收纳包,531,8378.76,517,17.70,0,612,1060,8,65,1745,24×20×4,,飞机盒,,1.08,,"蓝象牛皮
https://item.taobao.com/item.htm?id=668821258070&mi_id=0000NcM87Ieqgj20YXf7zEL6w0NhH4cHQL-tWcuKgorzw-c&spm=tbpc.boughtlist.suborder_itemtitle.1.60c82e8d23jXep&skuId=4894361088498",,50×44×42,,40,,500,https://m.media-amazon.com/images/I/31OmEvHSEcL.jpg,https://amz-client-global-1359221291.cos.ap-guangzhou.myqcloud.com/users/f82eadde-4422-426b-b0ea-29b0ed0c3081/uploads/2026-08-07/7526664e-7839-49da-92dc-6308380f3741.jpg,,2026-08-22,2026-08-23T12:00:01.869Z
LPH-主店三号-US,B0G2BVWMMP,,"Universal Stroller Rain Cover Compatible with Graco, Waterproof Stroller Cover - Clear Weather Shield, Breathable Windproof Protection for Travel Strollers",通用婴儿车雨罩，兼容 Graco 婴儿车，防水婴儿车罩 - 透明防风罩，透气防风，适用于旅行婴儿车,Gra婴儿车罩,0,0.00,0,0.00,0,0,0,0,0,0,37×29×1.5,,,,1.32,,"370*290*15mm
https://detail.1688.com/offer/633297259923.html?spm=a360q.8274423%2Fnew.goods.productname",,,,,,240,,https://amz-client-global-1359221291.cos.ap-guangzhou.myqcloud.com/users/a4e037ee-6fe5-4428-bb2d-4a981f8b78f2/uploads/2025-11-15/1eb276f8-dd00-4382-82b9-7bb44cb56216.jpg,,2026-08-22,2026-08-23T12:00:01.869Z
LPH-主店三号-US,B0G2BYPP3C,X004WYA1NH,"2 Pack Exercise Ball Pump Compatible with Bosu Balance Trainer, Portable Hand Air Pump for Exercise Ball - Fast Inflation Hand Ball Pump Replacements for Bosu Balls, Yoga Balls, Fitness Equipment",2个装健身球充气泵，兼容博速平衡训练器，便携式手动充气泵，适用于健身球、瑜伽球、健身器材等，可快速充气。,2Pcs充气泵,0,0.00,0,0.00,0,0,0,0,0,0,25.5×11×6,,,,1.01,,蓝象牛皮https://item.taobao.com/item.htm?id=973216781732&mi_id=0000M1VSFUazrqavJoTFJdH2uQ7eewINgoqRHfkmH-2kXB4&spm=tbpc.boughtlist.suborder_itemtitle.1.7e222e8dwXgfG0&skuId=6089871822945,,,,,,190,https://m.media-amazon.com/images/I/41mnFh6orJL.jpg,,,2026-08-22,2026-08-23T12:00:01.869Z
LPH-主店三号-US,B0G2C7D1SM,X004WYAELL,"1 Pair eBike Handlebar Grips Compatible with Ridstar Q20-7/8"" 22mm & 24mm Motorcycle Grips Replacement with Non-Slip Design, Soft Rubber Hand Grips for Dirt Bike, Bicycle Accessories","一对电动自行车把套，兼容 Ridstar Q20-7/8"" 22mm 和 24mm 摩托车把套，防滑设计，柔软橡胶材质，适用于越野摩托车和自行车配件",R20把手,0,0.00,0,0.00,0,0,0,0,0,0,15×10×6,,,,0.96,,"蓝象黄
https://item.taobao.com/item.htm?id=668125464780&mi_id=00006GOPlPgu5zps6ZMiBWZW_5tXGvBL8Odc0sfsaq80FhQ&skuId=4815284049614&spm=tbpc.boughtlist.suborder_itemtitle.1.60c82e8d23jXep",,,,,,220,https://m.media-amazon.com/images/I/41ZJWfw9qYL.jpg,https://amz-client-global-1359221291.cos.ap-guangzhou.myqcloud.com/users/a4e037ee-6fe5-4428-bb2d-4a981f8b78f2/uploads/2025-11-15/ecf66af9-38d6-430a-9950-520a44b10394.png,,2026-08-22,2026-08-23T12:00:01.869Z
LPH-主店三号-US,B0G4X9DYRD,X004XNN021,"Dollform Nylon Sport Replacement Strap Compatible with Amazfit Helio Band, Adjustable Loop Arm Strap - Breathable & Sweatproof Wristband for Fitness Tracker (Grey)",Dollform尼龙运动替换表带，兼容Amazfit Helio手环，可调节环形臂带 - 透气防汗腕带，适用于健身追踪器（灰色）,Ama表带灰色,0,0.00,0,0.00,0,0,0,0,1,1,,,,,,,,,,,,,55,https://m.media-amazon.com/images/I/51zVvE+bLxL.jpg,,,2026-08-22,2026-08-23T12:00:01.869Z
LPH-主店三号-US,B0G4ZW7HLD,X004XOJO2F,"Dollform Nylon Sport Replacement Strap Compatible with Amazfit Helio Band, Adjustable Loop Arm Strap - Breathable & Sweatproof Wristband for Fitness Tracker (Midnight-Blue)",Dollform尼龙运动替换表带，兼容Amazfit Helio手环，可调节环形臂带 - 透气防汗腕带，适用于健身追踪器（午夜蓝）,Ama表带蓝色,0,0.00,0,0.00,0,0,0,0,0,0,,,,,,,,,,,,,55,https://m.media-amazon.com/images/I/51y0SdHQdcL.jpg,,,2026-08-22,2026-08-23T12:00:01.869Z
LPH-主店三号-US,B0G5131JKM,X004XOC85P,"Dollform Nylon Sport Replacement Strap Compatible with Amazfit Helio Band, Adjustable Loop Arm Strap - Breathable & Sweatproof Wristband for Fitness Tracker (Black)",Dollform尼龙运动替换表带，兼容Amazfit Helio手环，可调节环形臂带 - 透气防汗腕带，适用于健身追踪器（黑色）,Ama表带黑色,6,23.94,6,0.20,0,0,0,0,1,1,,,,,,,,,,,,,55,https://m.media-amazon.com/images/I/515bLf7A03L.jpg,,,2026-08-22,2026-08-23T12:00:01.869Z
LPH-主店三号-US,B0G5132KBX,X004XOI593,"Dollform Nylon Sport Replacement Strap Compatible with Amazfit Helio Band, Adjustable Loop Arm Strap - Breathable & Sweatproof Wristband for Fitness Tracker (Navy Blue)",Dollform尼龙运动替换表带，兼容Amazfit Helio手环，可调节环形臂带 - 透气防汗腕带，适用于健身追踪器（海军蓝）,Ama表带深蓝色,3,11.97,3,0.10,0,0,0,0,0,0,,,,,,,,,,,,,55,https://m.media-amazon.com/images/I/51HjT65ARpL.jpg,,,2026-08-22,2026-08-23T12:00:01.869Z
LPH-主店三号-US,B0G517WLDZ,X004XOKS39,"Dollform Nylon Sport Replacement Strap Compatible with Amazfit Helio Band, Adjustable Loop Arm Strap - Breathable & Sweatproof Wristband for Fitness Tracker (Orange)",Dollform尼龙运动替换表带，兼容Amazfit Helio手环，可调节环形臂带 - 透气防汗腕带，适用于健身追踪器（橙色）,Ama表带橙色,0,0.00,0,0.00,0,0,0,0,0,0,,,,,,,,,,,,,55,https://m.media-amazon.com/images/I/519zRqd-ZnL.jpg,,,2026-08-22,2026-08-23T12:00:01.869Z
LPH-主店三号-US,B0G51DK4YX,X004XOC84L,"Dollform Nylon Sport Replacement Strap Compatible with Amazfit Helio Band, Adjustable Loop Arm Strap - Breathable & Sweatproof Wristband for Fitness Tracker (Beige)",Dollform 尼龙运动替换表带，兼容 Amazfit Helio 手环，可调节环形臂带 - 透气防汗腕带，适用于健身追踪器（米色）,Ama表带卡其色,2,3.99,2,0.07,0,0,0,0,1,1,,,,,,,,,,,,,55,https://m.media-amazon.com/images/I/415n-aPQgCL.jpg,,,2026-08-22,2026-08-23T12:00:01.869Z
LPH-主店三号-US,B0G52D3YWJ,X004XPAS9H,"Tissue Box Cover Compatible with Kleenex Tissue - Soft PU Leather Tissue Box Holder Fits Most Tissues for Living Room, Bathroom, Bedroom, Office & Home Decor (8.8''×4.8''×4.8'' Flat Box)",适用于舒洁纸巾的纸巾盒套 - 柔软的PU皮革纸巾盒套，适用于大多数纸巾，可用于客厅、浴室、卧室、办公室和家居装饰（8.8英寸×4.8英寸×4.8英寸扁平盒）,klee纸巾套长方形,0,0.00,0,0.00,0,0,0,0,1,1,25.5×18×1.3,,,,0.61,,"255*180*13mm
https://detail.1688.com/offer/976262290149.html?spm=a360q.8274423%2Fnew.goods.productname",,,,,,120,https://m.media-amazon.com/images/I/41+ODTCsygL.jpg,https://amz-client-global-1359221291.cos.ap-guangzhou.myqcloud.com/users/f82eadde-4422-426b-b0ea-29b0ed0c3081/uploads/2026-01-17/2b88ffb7-9c53-4e32-aa45-376898c56a2a.jpg,,2026-08-22,2026-08-23T12:00:01.869Z
LPH-主店三号-US,B0G52GF51W,X004XP9O97,"Tissue Box Cover Compatible with Kleenex Tissue - Soft PU Leather Tissue Box Holder Fits Most Tissues for Living Room, Bathroom, Bedroom, Office & Home Decor (4.5''×4.5''×5.2'' Upright Box)",适用于舒洁纸巾的纸巾盒套 - 柔软的PU皮革纸巾盒套，适用于大多数纸巾，可用于客厅、浴室、卧室、办公室和家居装饰（4.5英寸×4.5英寸×5.2英寸立式纸巾盒）,klee纸巾套正方形,2,11.98,2,0.07,0,0,0,0,0,0,20×14×1.6,,,,0.42,,"200*140*16mm
https://detail.1688.com/offer/665742676896.html?spm=a360q.8274423%2Fnew.goods.productname",,,,,,152.5,https://m.media-amazon.com/images/I/31vNhwbG3XL.jpg,https://amz-client-global-1359221291.cos.ap-guangzhou.myqcloud.com/users/f82eadde-4422-426b-b0ea-29b0ed0c3081/uploads/2026-01-17/6d96dc45-074a-486b-8241-f8ef4f1fca1b.jpg,,2026-08-22,2026-08-23T12:00:01.869Z
LPH-主店三号-US,B0G52H2CL5,X004XPBHKV,"Tissue Box Cover Compatible with Kleenex Tissue - Soft PU Leather Tissue Box Holder Fits Most Tissues for Living Room, Bathroom, Bedroom, Office & Home Decor (8.8''×4.8''×4.8'' (for 260 Tissues))",适用于舒洁纸巾的纸巾盒套 - 柔软的PU皮革纸巾盒套，适用于客厅、浴室、卧室、办公室和家居装饰，可容纳大多数纸巾（8.8英寸×4.8英寸×4.8英寸（可容纳260张纸巾））,klee纸巾套套装,0,0.00,0,0.00,0,0,0,0,0,0,,,,,,,,,,,,,,https://m.media-amazon.com/images/I/4120j9rS1-L.jpg,,,2026-08-22,2026-08-23T12:00:01.869Z
LPH-主店三号-US,B0G57JYVXN,X004XQTOEV,3 Pcs Replacement Straw Lid Set Compatible with Hydro Flask Bottle Only,3 件套替换吸管盖，仅适用于 Hydro Flask 水瓶,3PCS盖子Takeya,303,2897.10,295,10.10,0,26,275,1,28,330,27×8×5,,飞机盒,,0.93,,"蓝象黄
https://item.taobao.com/item.htm?id=975905906769&mi_id=0000L50dA0--2p93oUrWLl8Fu4ES5BLslXbQb1rt12c4Xx0&skuId=5931038593631&spm=a21xtw.29178619.0.0&xxc=shop",,,,,,210,https://m.media-amazon.com/images/I/41HHLl4w2nL.jpg,https://amz-client-global-1359221291.cos.ap-guangzhou.myqcloud.com/users/f82eadde-4422-426b-b0ea-29b0ed0c3081/uploads/2026-08-07/ec6934b2-87c5-474f-9bbf-7f9f7cc3c71a.png,https://amz-client-global-1359221291.cos.ap-guangzhou.myqcloud.com/users/f82eadde-4422-426b-b0ea-29b0ed0c3081/uploads/2026-08-07/f94205a0-9d22-42a3-b897-2401e01767aa.jpg,2026-08-22,2026-08-23T12:00:01.869Z
LPH-主店三号-US,B0G58J9G7P,X004XQZAYT,"Dollform 12 Pcs Replacement Leak Stopper Compatible with Thermos Funtainer 16oz Stainless Steel Bottle, Silicone Lid Gaskets and Straw Seals for Water Bottle Replacement Parts (6+6)",Dollform 12 件装替换防漏塞，兼容膳魔师 Funtainer 16 盎司不锈钢水瓶，硅胶瓶盖垫圈和吸管密封圈，水瓶替换零件 (6+6),12PCS胶圈套装Thermos,3,26.97,3,0.10,0,3,0,0,10,13,6.5×5×5,,,,0.46,,"蓝象黄
https://item.taobao.com/item.htm?id=972501629857&mi_id=0000Ie36BbaBfQdTHkYXOLh0XrsTzhnoh7dmqXgYOc5aFks&spm=tbpc.boughtlist.suborder_itemtitle.1.60c82e8d23jXep&skuId=6089446203613",,,,,,60,https://m.media-amazon.com/images/I/41YMj1B6E+L.jpg,,,2026-08-22,2026-08-23T12:00:01.869Z
LPH-主店三号-US,B0G8HN1Y93,X004Y8FV6D,"Dollform Replacement Zipper Pulls Compatible with RTIC and Other Soft Coolers - Heavy Duty T-Latch & Clippable Zipper Pull Fit for Day Cooler, Tumbler, Backpack, Lunch Bag & Universal - 4 Pack",Dollform 替换拉链拉片，兼容 RTIC 及其他软式保温箱 - 重型 T 型锁扣及可夹拉链拉片，适用于日用保温箱、水杯、背包、午餐包等通用物品 - 4 个装,4PCS拉链RTIC,0,0.00,0,0.00,0,1,0,0,0,1,9×7.2×1.5,,,,0.31,,"9.0小长方盒9*7.2*1.5CM
https://detail.1688.com/offer/588512234295.html?spm=a360q.8274423%2Fnew.goods.productname",,,,,,80,https://m.media-amazon.com/images/I/41S4pkyNAEL.jpg,,,2026-08-22,2026-08-23T12:00:01.869Z
LPH-主店三号-US,B0G8XXCJ2X,X004YA8YZ1,"2 PCS Storage Bag Compatible with Salad Pod 4.5 Cups, Bag Only Protective",2个装保鲜袋，适用于4.5杯容量的沙拉包，仅含袋子，保护性强。,2pcs沙拉罐收纳袋,79,987.24,74,2.63,0,193,180,0,6,379,23×16×5,,,,1.28,,"蓝象黄
https://item.taobao.com/item.htm?from=cart&id=669176211019&mi_id=00001d80HGYO41Dpr07-LpYjJVLYdsI3mqBm0bWyNqzdEpw&skuId=4810171912450&spm=a1z0d.6639537%2F202410.item.d669176211019.476a7484KcWExg&upStreamPrice=128",,,,,,345,https://m.media-amazon.com/images/I/418EaP+np8L.jpg,,,2026-08-22,2026-08-23T12:00:01.869Z
LPH-主店三号-US,B0G91V37GH,X004YJ4MMV,12 Pack Replacement Filters Compatible with Momcozy KleanPal Pro Washer,12个装替换滤芯，兼容Momcozy KleanPal Pro洗衣机,12pcs过滤器momcozy,256,6471.51,255,8.53,0,31,312,0,52,395,12.5×8×12.5,,瓦楞扣底盒,,,,自带包装     190g,,,,,,190,https://m.media-amazon.com/images/I/41RKX5WlHQL.jpg,https://amz-client-global-1359221291.cos.ap-guangzhou.myqcloud.com/users/f82eadde-4422-426b-b0ea-29b0ed0c3081/uploads/2026-08-07/b5fa8bfa-1547-4f8d-a174-c2ab07d42083.jpg,,2026-08-22,2026-08-23T12:00:01.869Z
LPH-主店三号-US,B0GCCRNMHK,X004YG59XF,"Replacement Wrist Straps for Meta Quest 3 & 3S Controller, 4PCS",Meta Quest 3 & 3S 控制器替换腕带，4 条装,,172,1638.36,158,5.73,0,128,500,0,141,769,20.5×12.5×0.5,,透明珠光袋,,,,两套两件装合一套四件装 自带 10g,,,,,,10,https://m.media-amazon.com/images/I/41cKVtT4bRL.jpg,https://amz-client-global-1359221291.cos.ap-guangzhou.myqcloud.com/users/f82eadde-4422-426b-b0ea-29b0ed0c3081/uploads/2026-08-07/89af37b5-4ffe-48b7-9994-64ff6e5b850d.jpg,,2026-08-22,2026-08-23T12:00:01.869Z
LPH-主店三号-US,B0GD6G5L61,X004YLRNI9,Nylon Replacement Strap Compatible with Hume Band - Breathable & Sweatproof Sport Loop for Hume Health Band - Metal Buckle & Loop Closure for Secure - Adjustable Wristband Strap for Fitness Tracker (Light Gray),适用于 Hume 手环的尼龙替换表带 - 透气防汗运动表带，适用于 Hume 健康手环 - 金属扣环闭合，佩戴牢固 - 可调节腕带，适用于健身追踪器（浅灰色）,新HB手环灰色,0,0.00,0,0.00,0,5,0,0,7,12,6×19×1,,,,0.05,,"透明 加厚款 6*19cm 空白珠光袋 6*19cm
https://detail.1688.com/offer/727906837720.html?spm=a360q.8274423%2Fnew.goods.productname",,,,,,20,https://m.media-amazon.com/images/I/41GGuEGRK9L.jpg,,,2026-08-22,2026-08-23T12:00:01.869Z
LPH-主店三号-US,B0GD6WFV99,X004YLRN57,Nylon Replacement Strap Compatible with Hume Band - Breathable & Sweatproof Sport Loop for Hume Health Band - Metal Buckle & Loop Closure for Secure - Adjustable Wristband Strap for Fitness Tracker (Deep Blue),适用于 Hume 手环的尼龙替换表带 - 透气防汗运动表带，适用于 Hume 健康手环 - 金属扣环闭合，佩戴牢固 - 可调节腕带，适用于健身追踪器（深蓝色）,新HB手环蓝色,2,5.98,2,0.07,0,0,0,0,2,2,6×19×1,,,,0.05,,"透明 加厚款 6*19cm 空白珠光袋 6*19cm
https://detail.1688.com/offer/727906837720.html?spm=a360q.8274423%2Fnew.goods.productname",,,,,,20,https://m.media-amazon.com/images/I/416G9PTugGL.jpg,,,2026-08-22,2026-08-23T12:00:01.869Z
LPH-主店三号-US,B0GGH41FDJ,X004Z43WAX,"Dollform 2-Pack Magnetic Rod for Classroom Whiteboard - Adjustable 17-30 Inch Anchor Chart Holder for Teachers - Heavy Duty Magnetic Calendar Holder for Metal Doors, Office, Hanging Posters & Maps",Dollform 2 件装磁性白板杆 - 可调节 17-30 英寸锚图支架，适用于教师 - 重型磁性日历支架，适用于金属门、办公室，可悬挂海报和地图,新2pcs黑板磁铁,0,0.00,0,0.00,0,0,0,0,0,0,41.5×8×7,,,,1.58,,"蓝象黄
https://item.taobao.com/item.htm?id=973913488474&mi_id=000067oPkefdnEJM5ERYK3TteZfcAQEGILQHdvZEBB0F9QE&skuId=6089969590748&spm=tbpc.boughtlist.suborder_itemtitle.1.60c82e8d23jXep",,,,,,480,https://m.media-amazon.com/images/I/41YCQ6HdxoL.jpg,https://amz-client-global-1359221291.cos.ap-guangzhou.myqcloud.com/users/f82eadde-4422-426b-b0ea-29b0ed0c3081/uploads/2026-01-17/c9839638-5ebe-4d9d-b811-241a74f66ab5.jpg,,2026-08-22,2026-08-23T12:00:01.869Z
LPH-主店三号-US,B0GGHCPDV3,X004Z4EZN1,"Replacement Beaters Compatible with Sunbeam Mixmaster, 304 Stainless Steel",适用于 Sunbeam Mixmaster 的替换搅拌棒，304 不锈钢材质,一对尖头搅拌器Sunbeam,57,815.49,57,1.90,0,38,60,0,13,111,14×22×1,20×7×6,,,0.08,0.9,"透明双面共10丝;14*22cm;PE
https://detail.1688.com/offer/557310416914.html?spm=a360q.8274423%2Fnew.goods.productname","蓝象黄
https://item.taobao.com/item.htm?id=668512389538&mi_id=0000hDRILWuG4ug9pVxjrO45C3Kfzxr2Jb2M5fU7Gdv9Sbs&spm=tbpc.boughtlist.suborder_itemtitle.1.13032e8dwd4YKN&skuId=4810329024535",,,,,250,https://m.media-amazon.com/images/I/41f0pCGwzaL.jpg,,,2026-08-22,2026-08-23T12:00:01.869Z
LPH-主店三号-US,B0GGHJCFHB,X004Z4GWBJ,Replacement Mixer Beaters Compatible with Sunbeam Mixmaster 100-86659 & 11C,适用于 Sunbeam Mixmaster 100-86659 和 11C 的替换搅拌器搅拌棒,一对平头搅拌器Sunbeam,45,719.55,44,1.50,0,35,60,1,6,102,20×7×6,,,,0.9,,"蓝象黄
https://item.taobao.com/item.htm?id=668512389538&mi_id=0000Pv3P-T8cqXWwKhRxedLU0kfcPc90HZ0vDYp8RVx3Yhc&spm=a21xtw.29178619.0.0&xxc=shop&skuId=4810329024535",,,,,,250,https://m.media-amazon.com/images/I/41IeLlUiwVL.jpg,,,2026-08-22,2026-08-23T12:00:01.869Z
LPH-主店三号-US,B0GGQRSCM1,X004Z618J3,4 Sets 50mm Silent Luggage Wheels Replacement Kit Compatible with Samsonite,4套50毫米静音行李轮替换套装，兼容新秀丽（Samsonite）行李箱,轮子替换套装Samsonite,72,1172.31,69,2.40,0,93,16,1,18,128,10×10×4,,飞机盒,,0.56,,"10*10*4 蓝象内径
https://item.taobao.com/item.htm?id=668132584548&mi_id=0000tUaGFLNAiCIazVwQM9Ja3QJQbBgrgjtP5pdoqUZzBkg&spm=tbpc.boughtlist.suborder_itemtitle.1.70d22e8doMAlBA&skuId=4894858652288",,,,,,393,https://m.media-amazon.com/images/I/51JXIRP+XoL.jpg,,,2026-08-22,2026-08-23T12:00:01.869Z
LPH-主店三号-US,B0GGRLM9Z9,X004Z5Z07Z,"Controller & Power Adapter Mounting Bracket Kit Compatible with Govee H706/H705 Permanent Outdoor Lights, Heavy-Duty Screw-Fix Holder, Box Mount for Secure Cable Management & Weather Protection",控制器和电源适配器安装支架套件，兼容 Govee H706/H705 固定式户外灯，重型螺丝固定支架，盒式安装，用于安全线缆管理和防风雨保护。,govee电源保护壳,9,89.91,6,0.30,0,0,0,0,4,4,17.5×8.5×5,,,,,,自带  144g,,,,,,145,https://m.media-amazon.com/images/I/4101My1PkML.jpg,,,2026-08-22,2026-08-23T12:00:01.869Z
LPH-主店三号-US,B0GGYSVPSX,X004Z7W3TL,"Y-Splitter Cable Compatible with Govee Permanent Outdoor Lights H705A H705B H705C & Pro, 3-Pin IP68 Waterproof Extension Connector for Roof Peaks & Middle Starts, DIY Layout Accessory",Y型分线器电缆，兼容Govee H705A、H705B、H705C及Pro系列户外固定灯，3针IP68防水延长连接器，适用于屋顶尖顶和中间点灯，DIY布局配件,GOVEE线1母2公,2,15.98,2,0.07,0,1,0,0,0,1,11.5×9.5×1.8,,,,,,自带   28g,,,,,,56,https://m.media-amazon.com/images/I/411Nanz47ML.jpg,,,2026-08-22,2026-08-23T12:00:01.869Z
LPH-主店三号-US,B0GGZ1ZN5M,X004Z7MWXX,"Vessel Cap & Blade Cover Set Compatible with Ninja Blast Portable Blender BC100 & BC151 Series – Leakproof Sip Spout Cap & Bottom Base Protector for Travel, Gym, and Storage – BPA-Free Accessories",适用于 Ninja Blast 便携式搅拌机 BC100 和 BC151 系列的容器盖和刀片保护套套装 – 防漏吸嘴盖和底部保护套，方便旅行、健身和存放 – 不含 BPA 的配件,底部保护器ninja,14,111.86,14,0.47,0,0,0,0,23,23,8×8×6.5,,,,,,自带  76.5g,,,,,,76,https://m.media-amazon.com/images/I/41io7TEVo7L.jpg,,,2026-08-22,2026-08-23T12:00:01.869Z
LPH-主店三号-US,B0GH74B4RK,X004ZAZVFB,"Champion Ring Display Case - Wooden Personalized Name Ring Holder for Baseball, Softball Medals and Rings Competition Awards - Wall Mounted Sports Memorabilia Shelf Decor - Gifts for Boys, Girls, Men",冠军戒指展示盒 - 木质个性化姓名戒指架，适用于棒球、垒球奖牌和戒指比赛奖励 - 壁挂式体育纪念品架装饰 - 送给男孩、女孩、男士的礼物,新戒指展示架白色,1,21.99,1,0.03,0,11,0,0,0,11,37×36.5×5,,,,,,自带,,,,,,550,https://m.media-amazon.com/images/I/512f-rE460L.jpg,,,2026-08-22,2026-08-23T12:00:01.869Z
LPH-主店三号-US,B0GHQRM96K,X004ZEFGPR,"Bow Hanger for Truck & SUV Headrest – Heavy Duty Compound/Recurve Bow Alloy Holder for Vehicle Seat – Anti-Scratch Rubber Coating, Quick Access Archery Hunting Gear Organizer & Safe Transport Storage",,,0,0.00,0,0.00,0,0,0,0,0,0,,,,,,,,,,,,,,https://m.media-amazon.com/images/I/71snQqB7Z1L._SL75_.jpg,,,2026-08-22,2026-08-23T12:00:01.869Z
LPH-主店三号-US,B0GHW55JGW,X004ZFU8UJ,Cheese Curler Intended for Girolle – Stainless Steel Cheese Shaver & Slicer for Tête de Moine for Making Cheese Flowers – Curler Wheel Cutter for Charcuterie Boards & Chocolate (Base NOT Include),适用于吉罗勒奶酪的奶酪卷曲器 – 不锈钢奶酪刨丝器和切片器，适用于制作奶酪花 – 适用于熟食板和巧克力的卷曲轮切割器（不含底座）,芝士切割器,1,0.00,1,0.03,0,0,0,0,1,1,,,,,,,,,,,,,134,https://m.media-amazon.com/images/I/31HsiONnhwL.jpg,,,2026-08-22,2026-08-23T12:00:01.869Z
LPH-主店三号-US,B0GHXZ3LWF,,"Wipes Container Compatible with Huggies - Portable Reusable Wipes Bag Pouches - Travel Wet Wipes Dispenser - Refillable Wipe Holder Case - Wipe Bags Pouch for Diaper Bag for Outdoor, Bathroom and More",适用于好奇纸尿裤的湿巾盒 - 便携式可重复使用湿巾袋 - 旅行湿巾盒 - 可填充湿巾收纳盒 - 适用于尿布包、户外、浴室等场合的湿巾袋,4PCS湿巾保护套,0,0.00,0,0.00,0,0,0,0,0,0,26×26×1.6,,,,0.9,,"260*260*16mm   170g
https://detail.1688.com/offer/976262290149.html?_t=1769508867042&spm=a2615.7691456.co_1_0_wangpu_score_0_0_0_0_0_0_0000_0.0",,,,,,144,,,,2026-08-22,2026-08-23T12:00:01.869Z
LPH-主店三号-US,B0GHYCGQ4C,X004ZI0OUP,Ink Refill Kit Compatible with HP Smart Tank 6001 7001 7006 7301 7602 5101 5000 Printers – Replacement for HP 31 & 32XL Ink Bottle Set - High Yield for Smart Tank 551 450 651 and More Models Printers,适用于 HP Smart Tank 6001 7001 7006 7301 7602 5101 5000 打印机的墨水补充套装 – 可替代 HP 31 和 32XL 墨水瓶套装 – 高容量墨水，适用于 Smart Tank 551 450 651 及更多型号打印机,墨水补充剂,0,0.00,0,0.00,0,0,0,0,0,0,28×14×6,,,,1.49,,"蓝象黄
https://item.taobao.com/item.htm?from=cart&id=669170011863&mi_id=0000AHaxQSFmAgJbkePXBzAxJa4BfBpiRTslh4jLSU87eMI&skuId=4815075169766&spm=a1z0d.6639537%2F202410.item.d669170011863.476a7484KcWExg&upStreamPrice=149",,50×30×30,,16,,1010,https://m.media-amazon.com/images/I/41NelL40q+L.jpg,,,2026-08-22,2026-08-23T12:00:01.869Z
LPH-主店三号-US,B0GJ3M3G9D,X004ZHNDPT,"Crystal Clear Case for Nothing Ear (3), Ultra-Clear Anti-Yellowing Transparent Cover, Shockproof Hard TPU Protective Skin for Nothing Earbuds (3) (2025) with Carabiner (Crystal Clear)",Nothing Ear (3) 透明保护壳，超清防黄变透明保护套，防震硬质 TPU 保护套，适用于 Nothing Earbuds (3) (2025)，带登山扣（透明）,透明款耳机保护套,0,0.00,0,0.00,0,1,0,0,0,1,,,,,,,,,,,,,36.7,https://m.media-amazon.com/images/I/317kFFQPj0L.jpg,https://amz-client-global-1359221291.cos.ap-guangzhou.myqcloud.com/users/aa507b44-2556-4e09-bf76-88d4e716b41d/uploads/2026-01-30/68b5db24-75f7-4d93-a0d3-7d2c7cd600a9.png,,2026-08-22,2026-08-23T12:00:01.869Z
LPH-主店三号-US,B0GJDG4Q7C,X004ZJWEEN,"Crystal Clear Case for Nothing Ear (3), Ultra-Clear Anti-Yellowing Transparent Cover, Shockproof Hard TPU Protective Skin for Nothing Earbuds (3) (2025) with Carabiner, Support Wireless Charging",Nothing Ear (3) 水晶透明保护套，超清防黄变透明保护壳，防震硬质 TPU 保护套，适用于 Nothing Earbuds (3) (2025)，带登山扣，支持无线充电,灰色款耳机保护套,0,0.00,0,0.00,0,0,0,0,1,1,,,,,,,,,,,,,36.7,https://m.media-amazon.com/images/I/41VFvFwqFQL.jpg,https://amz-client-global-1359221291.cos.ap-guangzhou.myqcloud.com/users/aa507b44-2556-4e09-bf76-88d4e716b41d/uploads/2026-01-30/84e79a08-8270-4798-a5bf-67514dd6e9de.png,,2026-08-22,2026-08-23T12:00:01.869Z
LPH-主店三号-US,B0GJDHSSVY,X004ZJQZNJ,"Crystal Clear Case for Nothing Ear (3), Ultra-Clear Anti-Yellowing Transparent Cover, Shockproof Hard TPU Protective Skin for Nothing Earbuds (3) (2025) with Carabiner, Support Wireless Charging",Nothing Ear (3) 水晶透明保护套，超清防黄变透明保护壳，防震硬质 TPU 保护套，适用于 Nothing Earbuds (3) (2025)，带登山扣，支持无线充电,橙色款耳机保护套,0,0.00,0,0.00,0,0,0,0,0,0,,,,,,,,,,,,,36.7,https://m.media-amazon.com/images/I/41wPJt4+hLL.jpg,https://amz-client-global-1359221291.cos.ap-guangzhou.myqcloud.com/users/aa507b44-2556-4e09-bf76-88d4e716b41d/uploads/2026-01-30/9e189dd0-97a3-4224-9cb3-4ccf204ce00f.png,,2026-08-22,2026-08-23T12:00:01.869Z
LPH-主店三号-US,B0GKM2W6NK,X004ZTLFAH,Nylon Replacement Strap Compatible with Hume Band - Breathable & Sweatproof Sport Loop for Hume Health Band - Metal Buckle & Loop Closure for Secure - Adjustable Wristband Strap for Fitness Tracker (Orange),适用于 Hume 手环的尼龙替换表带 - 透气防汗运动表带，适用于 Hume 健康手环 - 金属扣环闭合，安全稳固 - 可调节腕带，适用于健身追踪器（橙色）,,0,0.00,0,0.00,0,0,0,0,0,0,,,,,,,,,,,,,10,https://m.media-amazon.com/images/I/41rjHLgAZuL.jpg,https://amz-client-global-1359221291.cos.ap-guangzhou.myqcloud.com/users/aa507b44-2556-4e09-bf76-88d4e716b41d/uploads/2026-01-30/47cc1a97-0851-4398-918e-bbb99a04b400.jpg,,2026-08-22,2026-08-23T12:00:01.869Z
LPH-主店三号-US,B0GKM9ZFHW,X004ZTY1JJ,3 Pack Nylon Replacement Strap Compatible with Hume Band - Breathable & Sweatproof Sport Loop for Hume Health Band - Metal Buckle & Loop Closure - Adjustable Wristband Strap for Fitness Tracker (Black-Navy Green-Orange),3条装尼龙替换表带，兼容Hume手环 - 透气防汗运动表带，适用于Hume健康手环 - 金属扣环闭合 - 可调节腕带，适用于健身追踪器（黑色-海军蓝-绿色-橙色）,,1,7.99,1,0.03,0,0,0,0,8,8,10×18×1,,,,0.08,,10×18cm*18丝【白】*100个 https://detail.1688.com/offer/573862845179.html?spm=a360q.8274423%2Fnew.goods.productname,,,,,,31,https://m.media-amazon.com/images/I/41oE4sZeu8L.jpg,https://amz-client-global-1359221291.cos.ap-guangzhou.myqcloud.com/users/aa507b44-2556-4e09-bf76-88d4e716b41d/uploads/2026-01-30/605b7fef-be15-4647-a3da-b6f3de669e73.jpg,,2026-08-22,2026-08-23T12:00:01.869Z
LPH-主店三号-US,B0GKMFXBLN,X004ZTW8RL,3 Pack Nylon Replacement Strap Compatible with Hume Band - Breathable & Sweatproof Sport Loop for Hume Health Band - Metal Buckle & Loop Closure - Adjustable Wristband Strap for Fitness Tracker (Light Gray-Pink-Orange),3条装尼龙替换表带，兼容Hume手环 - 透气防汗运动表带，适用于Hume健康手环 - 金属扣环闭合 - 可调节腕带，适用于健身追踪器（浅灰-粉-橙）,,2,15.98,2,0.07,0,0,0,0,4,4,18×10×1,,,,0.08,,"10×18cm*18丝【白】*100个
https://detail.1688.com/offer/573862845179.html?spm=a360q.8274423%2Fnew.goods.productname",,,,,,31,https://m.media-amazon.com/images/I/41EPOk6wngL.jpg,https://amz-client-global-1359221291.cos.ap-guangzhou.myqcloud.com/users/aa507b44-2556-4e09-bf76-88d4e716b41d/uploads/2026-01-30/5e4e0a54-3bc3-4f44-8718-35f770a9f41f.jpg,,2026-08-22,2026-08-23T12:00:01.869Z
LPH-主店三号-US,B0GQ9CDWCP,X0050UHWAH,"100 Pcs Tire Repair Rubber Nail Kit with Screwdriver, Quick Flat Tire Puncture Repair Screws Fit for Tirefix Style, Self-Service Tubeless Tire Plug Patch Kit for Car, Motorcycle, ATV, Truck, Scooter",100 件装轮胎修补橡胶钉套装，含螺丝刀，快速修补轮胎穿孔螺丝，适用于 Tirefix 款式，自助式无内胎轮胎补胎工具，适用于汽车、摩托车、全地形车、卡车、踏板车,,0,0.00,0,0.00,0,0,0,0,0,0,,,,,,,,,,,,,,https://m.media-amazon.com/images/I/51iQO6UF+uL.jpg,,,2026-08-22,2026-08-23T12:00:01.869Z
LPH-主店三号-US,B0GQB6R4FL,,"Case for T-Mobile REVVL Tab 2 (10.1 Inch, 2025), 3-in-1 EVA Shockproof Tablet Cover with Glass Screen Protector & Adjustable Shoulder Strap & Built-in Stand, Kids Friendly Case Cover for Revvl Tab 2",,,0,0.00,0,0.00,0,0,0,0,0,0,,,,,,,,,,,,,,,,,2026-08-22,2026-08-23T12:00:01.869Z
LPH-主店三号-US,B0GQGQ8Z8F,X0050OQRNB,"2 Pack Crystal Glass Replacement Compatible with P4ffc0 only, Peak and Pro Replacement Glass, Decorative Mini Vase, Transparent, Borosilicate Material, 4.7'' x 2.7'', Heat Resistant",,,0,0.00,0,0.00,0,0,0,0,0,0,,,,,,,,,,,,,,https://m.media-amazon.com/images/I/61p1KVs8ScL._SL75_.jpg,,,2026-08-22,2026-08-23T12:00:01.869Z
LPH-主店三号-US,B0GQSP988T,X0050S93H9,"24-Pack Style 7 Vacuum Bags Compatible with Bissell Upright Vacuums - Replaces Part 32120 - Fits for PowerForce 1739 3522, PowerGlide, Lift-Off, PowerTrak, Micro-Filtration Dust Bags",,,0,0.00,0,0.00,0,0,0,0,0,0,,,,,,,,,,,,,,https://m.media-amazon.com/images/I/71eHnIgDLwL._SL75_.jpg,,,2026-08-22,2026-08-23T12:00:01.869Z
LPH-主店三号-US,B0GTLMH86Z,X004YLTUZX,Nylon Replacement Strap Compatible with Hume Band - Breathable & Sweatproof Sport Loop for Hume Health Band - Metal Buckle & Loop Closure for Secure - Adjustable Wristband Strap for Fitness Tracker (Black),适用于 Hume 手环的尼龙替换表带 - 透气防汗运动表带，适用于 Hume 健康手环 - 金属扣环闭合，佩戴牢固 - 可调节腕带，适用于健身追踪器（黑色）,新HB手环黑色,1,2.99,1,0.03,0,3,0,0,6,9,6×19×1,,,,0.05,,"透明 加厚款 6*19cm 空白珠光袋 6*19cm
https://detail.1688.com/offer/727906837720.html?spm=a360q.8274423%2Fnew.goods.productname",,,,,,20,https://m.media-amazon.com/images/I/41MKi2DOSXL.jpg,,,2026-08-22,2026-08-23T12:00:01.869Z
LPH-主店三号-US,B0GYF5796P,X0053C90TX,18 Pack Fountain Charcoal Filter Compatible with Premier Pet Fountain,18 片装饮水机活性炭过滤器，兼容 Premier Pet 饮水机,,19,224.85,18,0.63,0,3,0,0,31,34,,,,,,,,,,,,,168.6,https://m.media-amazon.com/images/I/41gr+aBoXbL.jpg,,,2026-08-22,2026-08-23T12:00:01.869Z
LPH-主店三号-US,B0GYF5YXXG,X0053CDMYH,18 Pack Fountain Foam Filter Compatible with Premier Pet Fountain,18 片装喷泉泡沫过滤器，兼容 Premier Pet 饮水机,,34,0.00,35,1.13,0,0,120,0,0,120,20×20×5,,,,1.4,,https://item.taobao.com/item.htm?id=742748269776&mi_id=00008tyfAQjPjVGGQA96GLKI8p08We-OqM0sC7VuUnjGs4s&skuId=5124978777336&spm=a21xtw.29178619.0.0&xxc=shop,,,,,,333,https://m.media-amazon.com/images/I/41CO9a9mKrL.jpg,,,2026-08-22,2026-08-23T12:00:01.869Z
LPH-主店三号-US,B0GYF7WK58,X0053C7RJX,12 Pack Fountain Charcoal Filter Compatible with Premier Pet Fountain,12个装饮水机活性炭过滤器，兼容Premier宠物饮水机,,95,879.12,95,3.17,0,85,12,0,200,297,,,,,,,,,,,,,150,https://m.media-amazon.com/images/I/41CO9a9mKrL.jpg,,,2026-08-22,2026-08-23T12:00:01.869Z
LPH-主店三号-US,B0GYFDQ2CG,X0053CEOFD,18 Pack Water Fountain Filter Combo Compatible with Premier Pet Fountain,18 件装饮水机过滤器组合，兼容 Premier 宠物饮水机,,178,1934.79,173,5.93,18,0,0,0,184,184,,,,,,,,,,,,,90,https://m.media-amazon.com/images/I/41ZiFokeTRL.jpg,,,2026-08-22,2026-08-23T12:00:01.869Z
LPH-主店三号-US,B0H4Z1VCGS,X0055NIQLN,"Carrying Bag Compatible with Graco Pack n Play, Lightweight & Waterproof",适用于 Graco Pack n Play 婴儿床的便携包，轻便防水,,6,155.94,6,0.20,0,40,0,0,1,41,,,,,,,,,,,,,1000,https://m.media-amazon.com/images/I/31OjMDodaIL.jpg,,,2026-08-22,2026-08-23T12:00:01.869Z
DZH-已结束,B0F53TXZT2,X004NGJD29,"40Pack Video Game Birthday Decorations, Gamer Birthday Party Decorations for Boys, Includes Banner, Balloons, Backdrop, and Cake Topper",,堡垒之夜派对装饰套装,0,0.00,0,0.00,0,0,0,0,2,2,,,,,,,,,,,,,,https://m.media-amazon.com/images/I/81Ek7DP7UqL._SL75_.jpg,,,2026-08-22,2026-08-23T12:00:01.869Z
DZH-已结束,B0FFGX6SVP,X004QK4FKR,"18 Pack Cartoon Straw Covers for Stanley Cup, Silicone Tumbler Accessories, Cute Animal Design, 9-10mm Straw Toppers, Compatible with 40oz 30oz Tumblers",,LBB吸管盖,0,0.00,0,0.00,0,0,240,0,0,240,,,,,,,,,,,,,,https://m.media-amazon.com/images/I/714QeRg-+zL._SL75_.jpg,,,2026-08-22,2026-08-23T12:00:01.869Z
SJJ-LBB,B0FG31WQ3N,B0FG31WQ3N,"6 Pack Adjustable Doll Stand Compatible with Labubu 6.8 Inch Dolls and Other 4 - 6.8 Inches Dolls, Stand Holder Compatible with Labubu Accessories, White Plastic Support Holder (Not Include Dolls)",,LBB玩偶支架,0,0.00,0,0.00,0,2482,0,1,306,2789,,,,,,,,,,,,,144,https://m.media-amazon.com/images/I/61Vv1UXVkaL._SL75_.jpg,https://amz-client-global-1359221291.cos.ap-guangzhou.myqcloud.com/users/f82eadde-4422-426b-b0ea-29b0ed0c3081/uploads/2025-09-02/1aafef0e-fc2f-40f7-a79f-9e960afd7caa.png,,2026-08-22,2026-08-23T12:00:01.869Z
SJJ-LBB,B0FG3384N7,X004QUBW6H,"Pink Transparent Hanging Doll Protective Case - Dustproof, Anti-Collision Display Storage Bag Compatible with Labubu 6.8 Inch Dolls (Not Include Dolls)",,LBB玩偶包（粉）,0,0.00,0,0.00,0,0,0,0,0,0,,,,,,,,,,,,,,https://m.media-amazon.com/images/I/618kP2hc0fL._SL75_.jpg,,,2026-08-22,2026-08-23T12:00:01.869Z
SJJ-LBB,B0FGJHLXKG,B0FGJHLXKG,"Lock Keychain Compatible with Labubu, Secure Clip Compatible with Labubu (6)",,LBB挂钩防丢绳,0,0.00,0,0.00,0,29,0,0,4,33,,,,,,,,,,,,,,https://m.media-amazon.com/images/I/61+UFqV-EPL._SL75_.jpg,https://amz-client-global-1359221291.cos.ap-guangzhou.myqcloud.com/users/f82eadde-4422-426b-b0ea-29b0ed0c3081/uploads/2025-09-30/da04c23b-9dfa-4c1f-9829-685d1043780d.png,,2026-08-22,2026-08-23T12:00:01.869Z
SJJ-LBB,B0FGX8TC6F,B0FGX8TC6F,"6 Pcs Brass Screw-Lock Keychain Set, Compatible with Labubu, Gold Carabiner Clips and Key Rings, Multi-Purpose Organizer",,LBB黄铜挂钩套装,0,0.00,0,0.00,0,0,0,0,0,0,,,,,,,,,,,,,,https://m.media-amazon.com/images/I/617prq8qTEL._SL75_.jpg,,,2026-08-22,2026-08-23T12:00:01.869Z
SJJ-LBB,B0FH2PJPB3,X004R5E371,"18 Pcs Stainless Steel Rubber-Coated Key Rings – 2mm Thick, 6-Inch Loops Compatible With Labubu Keys, Luggage Tags, Kitchen Utensils, ID Cards – Assorted Colors, 9 Colors & 2 Each",,LBB18色挂绳,0,0.00,0,0.00,0,4,0,0,0,4,,,,,,,,,,,,,,https://m.media-amazon.com/images/I/710vYT9NvkL._SL75_.jpg,https://amz-client-global-1359221291.cos.ap-guangzhou.myqcloud.com/users/f82eadde-4422-426b-b0ea-29b0ed0c3081/uploads/2025-09-30/73cd161d-f9f5-4f2a-a7e2-83144778e61d.png,,2026-08-22,2026-08-23T12:00:01.869Z
SJJ-LBB,B0FKSSXD1B,B0FKSSXD1B,"12 Pack Adjustable Doll Stand Compatible with Labubu 6.8 Inch Dolls, Stand Holder Compatible with Labubu Accessories, White Plastic Support Holder ( Not Include Dolls)",,SJJ-12PCS玩偶支架,0,0.00,0,0.00,0,0,0,0,0,0,,,,,,,,,,,,,,https://m.media-amazon.com/images/I/61fyESfjmqL._SL75_.jpg,,,2026-08-22,2026-08-23T12:00:01.869Z
SJJ-LBB,B0FMK5NV94,B0FMK5NV94,"Lock Keychain Compatible with Labubu, Secure Clip Compatible with Labubu (24)",,8色-LBB挂钩防丢绳,0,0.00,0,0.00,0,0,0,0,0,0,,,,,,,,,,,,,,https://m.media-amazon.com/images/I/71t9qnM2w7L._SL75_.jpg,,,2026-08-22,2026-08-23T12:00:01.869Z
SJJ-LBB,B0FZTPN1MR,B0FZTPN1MR,"2 Pack Crystal Glass Replacement Compatible with P4ffc0 only, Peak and Pro Replacement Glass, Decorative Mini Vase, Transparent, Borosilicate Material, 4.7x2.7 Inch, Heat Resistant",,2Pcs花瓶,0,0.00,0,0.00,0,0,0,0,0,0,,,,,,,,,,,,,200,https://m.media-amazon.com/images/I/612QVOZAFGL._SL75_.jpg,,,2026-08-22,2026-08-23T12:00:01.869Z
SBB-副店一号,B0F99J5546,X004OY3OED,"eirnube 4-Pack Replacement Sponges Pond Filter Media Compatible with VIVOHOME 1580/1840 GPH, Dual Density Bio Filter Pads, Yellow and Blue, for 1580/1840 GPH Pressure Filters",,VIVOHOME池塘过滤器海绵,0,0.00,0,0.00,0,225,0,0,0,225,,,,,,,,,,,,,,https://m.media-amazon.com/images/I/81LRu4BZ5RL._SL75_.jpg,,,2026-08-22,2026-08-23T12:00:01.869Z
SBB-副店一号,B0FDB5PW57,X004Q7IBF5,"Replacement Fabric Seat Cover Compatible with BabyBjorn Bouncer Bliss, Machine Washable, Adjustable Elastic Design with Buckle, Deep Grey",,Babyjorn摇椅替换套,0,0.00,0,0.00,0,59,0,0,5,64,,,,,,,,,,,,,,https://m.media-amazon.com/images/I/61hNCjEuDEL._SL75_.jpg,,,2026-08-22,2026-08-23T12:00:01.869Z
SBB-副店一号,B0FPR4N196,X004TQPY3Z,"16 Pack Replacement Blades, Compatible with DERMAFLASH Dermaplaning Tool only, Dermaplane Razor Replaceable Blades for Women Face",,,0,0.00,0,0.00,0,0,216,0,11,227,,,,,,,,,,,,,,https://m.media-amazon.com/images/I/613PjaXKJnL._SL75_.jpg,,,2026-08-22,2026-08-23T12:00:01.869Z
SBB-副店一号,B0FPX7FKGN,,"eirnube 6 Pack Lid Seal Gasket Compatible with OmieBox, Food-Safe Silicone Rubber Replacement for Kids Bento Box, Leak-Proof Lunch Box Accessory",,,0,0.00,0,0.00,0,0,0,0,0,0,,,,,,,,,,,,,,,,,2026-08-22,2026-08-23T12:00:01.869Z
SBB-副店一号,B0FPX7PP7T,X004TZWE4X,"eirnube 6 Pack Lid Seal Gasket Compatible with OmieBox, Food-Safe Silicone Rubber Replacement for Kids Bento Box, Leak-Proof Lunch Box Accessory (Purple)",,,0,0.00,0,0.00,0,0,0,0,0,0,,,,,,,,,,,,,,,,,2026-08-22,2026-08-23T12:00:01.869Z
SBB-副店一号,B0FPX7RP9S,X004TZWGOB,"eirnube 6 Pack Lid Seal Gasket Compatible with OmieBox, Food-Safe Silicone Rubber Replacement for Kids Bento Box, Leak-Proof Lunch Box Accessory (White)",,,0,0.00,0,0.00,0,0,0,0,0,0,,,,,,,,,,,,,,,,,2026-08-22,2026-08-23T12:00:01.869Z
SBB-副店一号,B0FPX7VQR3,X004TZWGOL,"eirnube 6 Pack Lid Seal Gasket Compatible with OmieBox, Food-Safe Silicone Rubber Replacement for Kids Bento Box, Leak-Proof Lunch Box Accessory (Carrot)",,,0,0.00,0,0.00,0,0,0,0,0,0,,,,,,,,,,,,,,,,,2026-08-22,2026-08-23T12:00:01.869Z
SBB-副店一号,B0FPX7XRND,X004U05NDB,"eirnube 6 Pack Lid Seal Gasket Compatible with OmieBox, Food-Safe Silicone Rubber Replacement for Kids Bento Box, Leak-Proof Lunch Box Accessory (Navy Blue)",,,0,0.00,0,0.00,0,0,0,0,0,0,,,,,,,,,,,,,,,,,2026-08-22,2026-08-23T12:00:01.869Z
SBB-副店一号,B0FPX8WK3Z,X004U088BZ,"eirnube 6 Pack Lid Seal Gasket Compatible with OmieBox, Food-Safe Silicone Rubber Replacement for Kids Bento Box, Leak-Proof Lunch Box Accessory (Blue)",,,0,0.00,0,0.00,0,0,0,0,0,0,,,,,,,,,,,,,,,,,2026-08-22,2026-08-23T12:00:01.869Z
SBB-副店一号,B0FPX99V3B,X004U05M5F,"eirnube 6 Pack Lid Seal Gasket Compatible with OmieBox, Food-Safe Silicone Rubber Replacement for Kids Bento Box, Leak-Proof Lunch Box Accessory (Orange)",,,0,0.00,0,0.00,0,0,0,0,0,0,,,,,,,,,,,,,,,,,2026-08-22,2026-08-23T12:00:01.869Z
SBB-副店一号,B0FPXD1FXX,X004TU142L,"2 Pack Crystal Glass Replacement Compatible with P4ffc0, Peak and Pro Replacement Glass, Decorative Mini Vase, Transparent, Borosilicate Material, 4.7x2.7 Inch, Heat Resistant",,,0,0.00,0,0.00,0,0,200,0,1,201,,,,,,,,,,,,,,https://m.media-amazon.com/images/I/61SaV3nookL._SL75_.jpg,,,2026-08-22,2026-08-23T12:00:01.869Z
CZH-主店一号,B0CYCGY6NM,X00465P8BH,"GLHFSONG Military Padfolio Ring Binder with 80 Sheets 160 Pages of Leaf Paper, Military Notebook with Zippered Padfolio Organizer, Refillable Tactical Notebook 6-Ring A5 Notebook Paper (10"" x 7.3"")",GLHFSONG 军用活页夹，内含 80 张（160 页）纸张，带拉链活页夹的军用笔记本，可替换内芯的战术笔记本，6 孔 A5 笔记本纸（10 英寸 x 7.3 英寸）。,战术笔记本A5,72,1399.30,53,2.40,0,13,195,0,2,210,30×25×1,,磨砂袋,,0.2,,"25*30（特价）*磨砂警示语*14丝
https://detail.1688.com/offer/602048545352.html?spm=a360q.8274423%2Fnew.goods.productname",,,,,,600,https://m.media-amazon.com/images/I/41NoQiIjdyL.jpg,https://amz-client-global-1359221291.cos.ap-guangzhou.myqcloud.com/users/f82eadde-4422-426b-b0ea-29b0ed0c3081/uploads/2025-11-22/bc0fc64e-0cbe-4b84-9aff-a6bbf2baa7ce.jpg,,2026-08-22,2026-08-23T12:00:01.869Z
CZH-主店一号,B0CYCH1Y2T,X00465P6G9,"GLHFSONG Military Padfolio Ring Binder with 80 Sheets 160 Pages of Leaf Paper, Military Notebook with Zippered Padfolio Organizer, Refillable Tactical Notebook 6-Ring A6 Notebook Paper (6.7"" x 4.1"")",GLHFSONG 军用活页夹，内含 80 张（160 页）纸张，带拉链活页夹的军用笔记本，可替换内芯的战术笔记本，6 孔 A6 尺寸（6.7 英寸 x 4.1 英寸）。,战术笔记本A6,13,233.87,13,0.43,0,85,0,0,0,85,25×20×1,,,,0.16,,20*25（特价）*磨砂警示语*14丝https://detail.1688.com/offer/602048545352.html?spm=a360q.8274423%2Fnew.goods.productname,,,,,,400,https://m.media-amazon.com/images/I/41NoQiIjdyL.jpg,,,2026-08-22,2026-08-23T12:00:01.869Z
CZH-主店一号,B0D3HJPD2P,X0048BS6AT,"48PCS Mason Jar Lids for Wide and Regular Mouth Jars, No Date Reminder, Compatible with Electric Vacuum Sealers, Vacuum Seal Mason Jar Lids Only",48个梅森罐盖，适用于宽口和普通口径罐子，无日期提醒，兼容电动真空封口机，仅限真空密封梅森罐盖。,梅森罐盖无日期24Wide+24Regular,1811,11847.50,1667,60.37,0,3287,200,1,157,3645,31.5×16×1.65,,,,1.1,,刘师傅31.5*16*1.65,,35×35×35,,40,,430,https://m.media-amazon.com/images/I/51b1VVHUe3L.jpg,,,2026-08-22,2026-08-23T12:00:01.869Z
CZH-主店一号,B0D7PL4B1L,X004AGA58X,"48PCS Mason Jar Lids for Wide and Regular Mouth Jars, With Date Reminder, Compatible with Electric Vacuum Sealers, Vacuum Seal Mason Jar Lids Only",48个梅森罐盖，适用于宽口和普通口径罐子，带日期提醒，兼容电动真空封口机，仅限真空密封梅森罐盖。,梅森罐盖带日期24Wide+24Regular,0,0.00,0,0.00,0,0,0,0,0,0,31.5×16×1.65,,,,1.1,,刘师傅31.5*16*1.65,,,,,,430,https://m.media-amazon.com/images/I/516+baqgvZL.jpg,,,2026-08-22,2026-08-23T12:00:01.869Z
CZH-主店一号,B0D8W68JV7,X004B6TBMN,"60 PCS Regular Mouth Mason Jar Lids, Compatible with Mason Jar Vacuum Sealer, Vacuum Seal Mason Jar Lids Only, Replaceable Mason Jar Vacuum Sealer Lid, Canning Lids Regular Mouth, With Date Reminder",60 个普通口径梅森罐盖，兼容梅森罐真空密封机，仅限真空密封梅森罐盖，可替换梅森罐真空密封机盖，普通口径罐头盖，带日期提醒,梅森罐盖带日期60Regular,0,0.00,0,0.00,0,0,0,0,0,0,37×15×1.65,,,,1.4,,刘师傅37*15*1.65,,,,,,430,https://m.media-amazon.com/images/I/516+baqgvZL.jpg,,,2026-08-22,2026-08-23T12:00:01.869Z
CZH-主店一号,B0DP4868XV,X004HBH3O5,"60 PCS Regular Mouth Mason Jar Lids, Compatible with Mason Jar Vacuum Sealer, Vacuum Seal Mason Jar Lids Only, Replaceable Mason Jar Vacuum Sealer Lid, Canning Lids Regular Mouth, No Date Reminder",60个普通口径梅森罐盖，兼容梅森罐真空密封机，仅限真空密封梅森罐盖，可替换梅森罐真空密封机盖，普通口径罐头盖，无日期提醒,梅森罐盖无日期60Regular,179,1164.44,175,5.97,0,38,0,1,53,92,37×15×16.5,,,,1.4,,刘师傅37*15*1.65,,,,,,430,https://m.media-amazon.com/images/I/516+baqgvZL.jpg,,,2026-08-22,2026-08-23T12:00:01.869Z
CZH-主店一号,B0FJ8GRR41,X004RPVHBV,"24Pcs Butterfly Charm Bracelets Set, Adjustable Friendship Jewelry for Girls Teens Women, Fairy Theme Birthday Party Favors, Return Gifts for Baby Shower, Butterfly Party Decorations & Souvenirs (4 Colors)",24件套蝴蝶吊坠手链套装，可调节友谊饰品，适合女孩、青少年和女性，仙女主题生日派对礼物，婴儿派对回礼，蝴蝶主题派对装饰和纪念品（4种颜色）,24Pcs四色蝴蝶手链套装,0,0.00,0,0.00,0,0,0,0,0,0,,,,,,,,,,,,,,https://m.media-amazon.com/images/I/517QbuCcXDL.jpg,,,2026-08-22,2026-08-23T12:00:01.869Z
CZH-主店一号,B0FJ8N1Q66,X004RPRSN7,"24Pcs Butterfly Charm Bracelets Set, Adjustable Friendship Jewelry for Girls Teens Women, Fairy Theme Birthday Party Favors, Return Gifts for Baby Shower, Butterfly Party Decorations & Souvenirs (6 Colors)",24件套蝴蝶吊坠手链套装，可调节友谊饰品，适合女孩、青少年和女性，仙女主题生日派对礼物，婴儿派对回礼，蝴蝶主题派对装饰和纪念品（6种颜色）,24Pcs六色蝴蝶手链套装,0,0.00,0,0.00,0,0,0,0,0,0,,,,,,,,,,,,,,https://m.media-amazon.com/images/I/51Ayu8sI5zL.jpg,,,2026-08-22,2026-08-23T12:00:01.869Z
CZH-主店一号,B0FMY425XS,X004T1FID1,"Baby is Brewing Baby Shower Decor Set, Coffee Theme Baby Shower Decorations Set, Including Party Banner, Cake Toppers, Honeycomb Centerpieces, Balloons",宝宝即将到来！咖啡主题迎婴派对装饰套装，包括派对横幅、蛋糕装饰、蜂窝状中心装饰品、气球,BabyShower派对装饰套装,1,12.99,1,0.03,0,0,0,0,1,1,32×22×3,,,,1.47,,"蓝象黄
https://item.taobao.com/item.htm?id=668074884747&mi_id=00006pdz3vlNctpGe3S9p6hbcnLIby9oYQBKw-HKgbZ-b8E&spm=tbpc.boughtlist.suborder_itemtitle.1.194d2e8dGCqYdP&skuId=4810113384224",,46×46×36,,30,,500,https://m.media-amazon.com/images/I/51KLtcfKmeL.jpg,,,2026-08-22,2026-08-23T12:00:01.869Z
CZH-主店一号,B0FMY8F3ST,X004T1IO0P,"SnowCow 18 PCS Plastic Sharks for Drinks, Decorations for Shark Theme Party, Syrup Dispenser for Cocktails and Beverages with Bleeding Effect Garnishes, for Cake Toppers & Bath Toys - BPA Free",SnowCow 18 件装塑料鲨鱼，可用于饮料装饰、鲨鱼主题派对装饰、鸡尾酒和饮料糖浆分配器（带“流血”效果装饰）、蛋糕装饰和洗澡玩具 - 不含 BPA,蓝色鲨鱼吸管装饰,365,7276.36,256,12.17,0,4,504,0,6,514,29×15×10,,飞机盒,,2.52,,"蓝象黄
https://item.taobao.com/item.htm?id=668079136739&mi_id=0000n4Qwn-sIDFE-Nm5BDSwU1znZM81Hr62ju1GxFsT_wtY&skuId=4983661170113&spm=a21xtw.29178619.0.0&xxc=shop",,,,,,100,https://m.media-amazon.com/images/I/51UsZKgbH5L.jpg,,,2026-08-22,2026-08-23T12:00:01.869Z
CZH-主店一号,B0FPLZCXZX,X004TOVF0N,"SnowCow 452 PCS Letters to The Bride Scrapbook Kit, 8.3 x 8.3 Inch Wedding Memory Book with Pen, Pearl Stickers, Metallic Letters, Bows for Bridal Shower Guest Book DIY",SnowCow 452 件套新娘信件剪贴簿套装，8.3 x 8.3 英寸婚礼纪念册，含笔、珍珠贴纸、金属字母、蝴蝶结，适用于新娘送礼会留言簿 DIY,写给新娘的Letter套装,0,0.00,0,0.00,0,0,0,0,0,0,24.5×23×5,,,,1.7,,"蓝象黄
https://item.taobao.com/item.htm?id=973860160957&mi_id=0000hSJVF-sdduNEPhK6NY_1J4P2VriKrsMAS8mSXxlgbGw&spm=tbpc.boughtlist.suborder_itemtitle.1.194d2e8dGCqYdP&skuId=6090767731285",,48×41×33,,18,,800,https://m.media-amazon.com/images/I/5150XzhcWBL.jpg,https://amz-client-global-1359221291.cos.ap-guangzhou.myqcloud.com/users/f82eadde-4422-426b-b0ea-29b0ed0c3081/uploads/2025-09-30/b6786bf6-87c8-4607-8b89-805284b66c77.png,,2026-08-22,2026-08-23T12:00:01.869Z
CZH-主店一号,B0FT2WPFNG,X004UVEW55,"36 PCS Wide Mouth Mason Jar Lids, Compatible with Mason Jar Vacuum Sealer, Vacuum Seal Mason Jar Lids Only, Replaceable Mason Jar Vacuum Sealer Lid, Canning Lids Wide Mouth, No Date Reminder",36个宽口梅森罐盖，兼容梅森罐真空密封机，仅限真空密封梅森罐盖，可替换梅森罐真空密封机盖，宽口罐头盖，无日期提醒,梅森罐盖无日期36Wide,0,0.00,0,0.00,0,0,0,0,0,0,26.5×18×1.65,,,,2.55,,刘师傅26.5*18*1.65,,,,,,430,https://m.media-amazon.com/images/I/516+baqgvZL.jpg,,,2026-08-22,2026-08-23T12:00:01.869Z
CZH-主店一号,B0FT3347D9,X004UV27JX,"36 PCS Wide Mouth Mason Jar Lids, Compatible with Mason Jar Vacuum Sealer, Vacuum Seal Mason Jar Lids Only, Replaceable Mason Jar Vacuum Sealer Lid, Canning Lids Wide Mouth, With Date Reminder",36 个宽口梅森罐盖，兼容梅森罐真空密封机，仅限真空密封梅森罐盖，可替换梅森罐真空密封机盖，宽口罐头盖，带日期提醒,梅森罐盖带日期36Wide,0,0.00,0,0.00,0,0,0,0,0,0,26.5×18×1.65,,,,2.55,,刘师傅26.5*18*1.65,,,,,,430,https://m.media-amazon.com/images/I/516+baqgvZL.jpg,,,2026-08-22,2026-08-23T12:00:01.869Z
CZH-主店一号,B0FWC2T3BW,,"Carbon Fiber Pattern Rear Fender Compatible with Surron/Light Bee/Sur-Ron S/X / X160 / X260 Ebike Motorcycle, ABS Plastic Shock Protector, Splash Guard, Mudguard for Electric Dirt Bike",碳纤维纹理后挡泥板，兼容 Surron/Light Bee/Sur-Ron S/X / X160 / X260 电动自行车摩托车，ABS 塑料减震保护罩，防溅罩，电动越野摩托车挡泥板,S摩托尾翼,0,0.00,0,0.00,0,0,0,0,0,0,25×14×4,,,,0.85,,"蓝象牛皮
https://item.taobao.com/item.htm?id=668475097184&mi_id=0000Khtz1y0g0M7fy2PAcHABPN2Jpvt2gnPDUg9ZfcXV9A0&spm=tbpc.boughtlist.suborder_itemtitle.1.194d2e8dGCqYdP&skuId=4894369332101",,,,,,100,https://m.media-amazon.com/images/I/71bzrt0Vx0L.jpg,,,2026-08-22,2026-08-23T12:00:01.869Z
CZH-主店一号,B0FWKNQKHZ,X004VMX3PD,"304 Pcs Cake-Making Kits, Cake Pop Mold, 2 Pcs Spherical and Shaped Molds, 2 Pcs 15-Hole Cake Pop Stands, 100 Pcs 5.91 Inches Sticks, 100 Pcs Wrapping Papers and Gold Twist Ties (Red)",304 件套蛋糕制作套装，包括蛋糕棒棒糖模具、2 个球形和异形模具、2 个 15 孔蛋糕棒棒糖支架、100 根 5.91 英寸棒子、100 张包装纸和金色扎带（红色）,新-304PCS-圆-蛋糕制作套装,0,0.00,0,0.00,0,0,0,0,0,0,21×10×5,,,,0.92,,"蓝象黄
https://item.taobao.com/item.htm?id=669178903982&mi_id=0000X_4wNrUM9Kb4nr9WWAPwylZnuLOoaf_-Kf1Y9r0I3aM&spm=tbpc.boughtlist.suborder_itemtitle.1.441a2e8dJ5JYiV&skuId=4810182040980",,,,,,350,https://m.media-amazon.com/images/I/41265LjIEyL.jpg,https://amz-client-global-1359221291.cos.ap-guangzhou.myqcloud.com/users/39a4e8e2-4d63-432c-a953-0ad6dda5e5f4/uploads/2025-10-18/179b98ae-209e-44ba-afbb-1ee74580750d.jpg,,2026-08-22,2026-08-23T12:00:01.869Z
CZH-主店一号,B0FWKQPPCG,X004VMZPP9,"SnowCow 304 Pcs Cake-Making Kits, Cake Pop Mold, 2 Pcs Spherical and Shaped Molds, 2 Pcs 15-Hole Display Stands, 100 Pcs 5.91 Inches Sticks, 100 Pcs Wrapping Papers and Gold Twist Ties",SnowCow 304件套蛋糕制作套装，包含蛋糕棒棒糖模具、2个球形和异形模具、2个15孔展示架、100根5.91英寸棒子、100张包装纸和金色扎带,新-304PCS-扁-蛋糕制作套装,4,23.97,4,0.13,0,0,0,0,2,2,18×11×5,,,,0,,18x11x5cm，架子的自带包装,,40×38×34,,40,,320,https://m.media-amazon.com/images/I/41kIugsTDJL.jpg,https://amz-client-global-1359221291.cos.ap-guangzhou.myqcloud.com/users/f82eadde-4422-426b-b0ea-29b0ed0c3081/uploads/2025-10-17/2dca53fc-cd5b-4515-af19-e3b5008f1960.jpg,,2026-08-22,2026-08-23T12:00:01.869Z
CZH-主店一号,B0G1MQMB8M,X004WQOZLJ,"Silicone Handle Compatible with Frost Buddy Universal Can Cooler, Can Holder with Handle for Beverages Can - Portable Non-Slip Travel Mug Grip with Protective Sleeve, Cup Holder for Outdoor Activities",硅胶手柄，兼容Frost Buddy通用罐装饮料保温套，带手柄的罐装饮料支架 - 便携式防滑旅行杯套，带保护套，户外活动杯架,FB杯手提,0,0.00,0,0.00,0,0,0,0,0,0,12×8×8,,,,0.91,,"蓝象牛皮
https://item.taobao.com/item.htm?id=669217135652&mi_id=0000RYJlRM9M-F69hSUtzdul40t0-TGvouQK26S2xIWM7hY&skuId=4895549229768&spm=tbpc.boughtlist.suborder_itemtitle.1.75ad2e8dyGN8VM",,43×42×43,,75,,170,https://m.media-amazon.com/images/I/41totp8fmPL.jpg,,,2026-08-22,2026-08-23T12:00:01.869Z
CZH-主店一号,B0G2BBF1HD,X004WXZKVV,"10 Pcs Rubber Gasket Replacement Rings Compatible with Oster and Osterizer Blender, Gray, 2.6 Inch Outer Diameter",10个橡胶密封圈替换件，适用于Oster和Osterizer搅拌机，灰色，外径2.6英寸,10PcsOOBlender密封圈,6,35.94,6,0.20,0,1,0,0,10,11,20.5×7×1,,,,0.28,,"205*70*10mm
https://detail.1688.com/offer/632322424307.html?spm=a360q.8274423%2Fnew.goods.productname",,,,,,30,https://m.media-amazon.com/images/I/41UdQ2LOoVL.jpg,https://amz-client-global-1359221291.cos.ap-guangzhou.myqcloud.com/users/f82eadde-4422-426b-b0ea-29b0ed0c3081/uploads/2025-11-22/fab6dcbc-0b94-4f31-99e0-ede7e381aa5a.jpg,,2026-08-22,2026-08-23T12:00:01.869Z
CZH-主店一号,B0G2BQS2SS,X004WZ8PDT,"10 Pcs Replacement Wheel Tires Compatible with iRobot Roomba 500, 600, 700, 800, 900, e5, e6, i7, s9 Series All Robot Vacuums – Anti-Slip Rubber Wheel with High Traction on Multi-Surface Floors",10个装替换轮子，兼容iRobot Roomba 500、600、700、800、900、e5、e6、i7、s9系列所有扫地机器人——防滑橡胶轮，在多种地面材质上均具有高抓地力。,10PcsR轮胎,0,0.00,0,0.00,0,0,0,0,0,0,35×15×1.6,,,,,,"350*150*16mm
https://detail.1688.com/offer/676264326808.html?spm=a360q.8274423%2Fnew.goods.productname",,,,,,180,https://m.media-amazon.com/images/I/411w22yr0-L.jpg,https://amz-client-global-1359221291.cos.ap-guangzhou.myqcloud.com/users/f82eadde-4422-426b-b0ea-29b0ed0c3081/uploads/2025-11-22/4030f1fe-17fc-445d-bb57-ae530edfed08.jpg,,2026-08-22,2026-08-23T12:00:01.869Z
CZH-主店一号,B0G2LZ4S3Q,X004X6P8T1,"4 Pcs Replacement Front Wheel Caster Ball Assembly Compatible with iRobot Roomba 500, 600, 700, 800, 900, e, i, & j Series Robot Vacuums – Upgraded Silent Running Wheels & Bearings - Easy to install",4 件装替换前轮万向球组件，兼容 iRobot Roomba 500、600、700、800、900、e、i 和 j 系列扫地机器人 – 升级版静音运行轮和轴承 – 易于安装,10PcsR轮子,0,0.00,0,0.00,0,0,0,0,0,0,12×11×5,,,,0.78,,"蓝象黄
https://item.taobao.com/item.htm?id=669217135652&mi_id=0000RYJlRM9M-F69hSUtzdul4_nNyKvGjXTeVQuCiQrUNug&spm=tbpc.boughtlist.suborder_itemtitle.1.67002e8d4sXYI8&skuId=4988321131200",,,,,,110,https://m.media-amazon.com/images/I/41A-+Zc7LrL.jpg,https://amz-client-global-1359221291.cos.ap-guangzhou.myqcloud.com/users/f82eadde-4422-426b-b0ea-29b0ed0c3081/uploads/2025-11-22/2f0ac53b-362f-4054-a9dd-391d9b1d1948.jpg,,2026-08-22,2026-08-23T12:00:01.869Z
CZH-主店一号,B0GF1N5T6Z,X004YSBCYD,"SnowCow Silicone Handle Compatible with Frost Buddy Can Cooler, Non-Slip Travel Mug Grip with Protective Sleeve, Cup Holder for Outdoor Activities (Navy Blue)",SnowCow 硅胶手柄，兼容 Frost Buddy 保温罐，防滑旅行杯套，带保护套，户外活动杯架（海军蓝）,FB杯手提蓝色,0,0.00,0,0.00,0,0,0,0,0,0,12×8×8,,,,0.91,,"蓝象牛皮
https://item.taobao.com/item.htm?id=669217135652&mi_id=0000RYJlRM9M-F69hSUtzdul40t0-TGvouQK26S2xIWM7hY&skuId=4895549229768&spm=tbpc.boughtlist.suborder_itemtitle.1.75ad2e8dyGN8VM",,43×42×43,,75,,170,https://m.media-amazon.com/images/I/41pwlAM7BLL.jpg,,,2026-08-22,2026-08-23T12:00:01.869Z
CZH-主店一号,B0GF226LY2,X004YS18DD,"SnowCow Silicone Handle Compatible with Frost Buddy Can Cooler, Non-Slip Travel Mug Grip with Protective Sleeve, Cup Holder for Outdoor Activities (Hot Pink)",SnowCow 硅胶手柄，兼容 Frost Buddy 保温罐，防滑旅行杯套，带保护套，户外活动杯架（亮粉色）,FB杯手提粉色,0,0.00,0,0.00,0,0,0,0,8,8,12×8×8,,,,0.91,,"蓝象牛皮
https://item.taobao.com/item.htm?id=669217135652&mi_id=0000RYJlRM9M-F69hSUtzdul40t0-TGvouQK26S2xIWM7hY&skuId=4895549229768&spm=tbpc.boughtlist.suborder_itemtitle.1.75ad2e8dyGN8VM",,43×42×43,,75,,170,https://m.media-amazon.com/images/I/315TD7w8YQL.jpg,,,2026-08-22,2026-08-23T12:00:01.869Z
CZH-主店一号,B0GF5ZF4G4,X004YTNDX5,6 Sets Silicone Seal Replacement Compatible with Owala Freesip 16/19/24/32/40oz Spout Lid - Rubber Leak-Proof Stopper Gasket & Sealing Ring for Water Bottle Cap Insert Parts Replacement Accessories,6 套硅胶密封圈替换件，兼容 Owala Freesip 16/19/24/32/40 盎司吸嘴盖 - 橡胶防漏塞垫圈和密封圈，适用于水瓶盖内衬零件替换配件,14PcsOwala胶圈套装,0,0.00,0,0.00,0,0,0,0,0,0,19×13×1.7,,,,1.14,,"19长方盒（1.7）19*13*1.7CM
https://detail.1688.com/offer/588512234295.html?spm=a360q.8274423%2Fnew.goods.productname",,45×40×40,,150,,108,https://m.media-amazon.com/images/I/41QbIJMtnlL.jpg,https://amz-client-global-1359221291.cos.ap-guangzhou.myqcloud.com/users/f82eadde-4422-426b-b0ea-29b0ed0c3081/uploads/2026-01-17/a063db5e-313d-4514-8dd5-5052211b198a.jpg,,2026-08-22,2026-08-23T12:00:01.869Z
CZH-主店一号,B0GJSRJX7M,X004ZMZPT1,"Magnetic Desk Goose Key Holder - Funny Resin 7""H Goose Statue for Home Decor, Cute Magnetic Beak Organizer for Keys, Scissors, Knives - Porch Goose for Quirky Housewarming Gift & Office Desk Accessory",磁性桌面鹅形钥匙架 - 趣味树脂鹅雕像，高7英寸，家居装饰，可爱磁性鹅嘴收纳架，可收纳钥匙、剪刀、刀具 - 门廊鹅，别致的乔迁礼物和办公桌配件,,0,0.00,0,0.00,0,0,0,0,0,0,,,,,,,,,,,,,,https://m.media-amazon.com/images/I/31pBUsR9ZVL.jpg,,,2026-08-22,2026-08-23T12:00:01.869Z
CZH-主店一号,B0GK8JF17L,X004ZRQL0X,"Accessories Kit Compatible with Dreame Aqua 10 Ultra/10 Roller Robot Vacuum, Include 2 Main Brush, 2 Roller Mops, 6 Activated Carbon Dust Bags, 4 HEPA Filters, 6 Side Brush, 22-Piece Replacement Parts",适用于 Dreame Aqua 10 Ultra/10 Roller 机器人吸尘器的配件套装，包括 2 个主刷、2 个滚刷、6 个活性炭尘袋、4 个 HEPA 过滤器、6 个边刷和 22 件替换零件。,,0,0.00,0,0.00,0,0,0,0,0,0,,,,,,,,,,,,,,https://m.media-amazon.com/images/I/519GgP9eQTL.jpg,,,2026-08-22,2026-08-23T12:00:01.869Z
CZH-主店一号,B0GMGCV2PQ,X00507EN6B,"SnowCow 2 Pack Cake Pop Mold, Cake-Making Kit - Cupcake & Lollipop Shape Mold - BPA Free Non-Stick Lollipop Maker for DIY Hard Candy, Cake Pop, Chocolate, Party Treats Cake-Making Kits",SnowCow 2 件装蛋糕棒棒糖模具，蛋糕制作套装 - 纸杯蛋糕和棒棒糖形状模具 - 不含 BPA 的不粘棒棒糖制作器，适用于 DIY 硬糖、蛋糕棒棒糖、巧克力、派对甜点蛋糕制作套装,,5,24.95,5,0.17,0,0,0,0,0,0,10×5×5,,,,0.15,,"长5*宽5CM;高10CM;白卡纸350克
https://detail.1688.com/offer/848283441196.html?spm=a360q.8274423%2Fnew.goods.productname",,,,,,50,https://m.media-amazon.com/images/I/41EG3XyBf8L.jpg,,,2026-08-22,2026-08-23T12:00:01.869Z
CZH-主店一号,B0H269MNGL,X0054DX9RZ,"12 Pack Protective Accessory Kit Compatible with Garmin Forerunner 165, Including 4 Pack TPU Cases, 4 Pack Screen Protector for Garmin Forerunner 165 and 4 Pack Silicone Anti-dust Plugs, 9H Tempered Glass Protection Kit in Reusable Storage Case, Anti-Scratch,Bubble-Free",适用于 Garmin Forerunner 165 的 12 件套保护配件套装，包括 4 个 TPU 保护壳、4 张 Garmin Forerunner 165 专用屏幕保护膜、4 个硅胶防尘塞和 9H 钢化玻璃保护膜，所有配件均装在可重复使用的收纳盒中，防刮花，无气泡。,,0,0.00,0,0.00,0,0,0,0,0,0,,,,,,,,,,,,,,https://m.media-amazon.com/images/I/41CiGaZQYfL.jpg,,,2026-08-22,2026-08-23T12:00:01.869Z
CZH-主店一号,B0H2M3VB32,X0054N7KJX,"Needlepoint Canvas 13 Mesh, White Cotton Blank Embroidery Fabric, 19x17 Inch",针绣画布，13目，白色棉质空白绣布，19x17英寸,,0,0.00,0,0.00,0,0,0,0,0,0,,,,,,,,,,,,,,https://m.media-amazon.com/images/I/31fHiX9fHjL.jpg,,,2026-08-22,2026-08-23T12:00:01.869Z
CZH-主店一号,B0H71CDG4D,X0056I732F,"Microgreen Grower for Mason Jars, Microgreens Growing Kit for Mason Jars",梅森罐微型蔬菜种植器，梅森罐微型蔬菜种植套装,,0,0.00,0,0.00,0,0,0,0,0,0,,,,,,,,,,,,,,https://m.media-amazon.com/images/I/41AfPjkJb8L.jpg,,,2026-08-22,2026-08-23T12:00:01.869Z
CZH-主店一号,B0H9SGFPL7,X0057K7Z4N,"Bicep Armband Strap for Fitbit Ace, Lavender, 2 Pack S (16.9'')",Fitbit Ace 专用二头肌臂带，薰衣草色，2 件装 S 码 (16.9 英寸),,0,0.00,0,0.00,0,0,0,0,0,0,,,,,,,,,,,,,,,,,2026-08-22,2026-08-23T12:00:01.869Z
CZH-主店一号,B0H9SHRY9Z,X0057KF69J,"Bicep Armband Strap for Fitbit Ace, Fog, 2 Pack L (19.6'')",Fitbit Ace、Fog 款二头肌臂带，2 件装 L 码 (19.6 英寸),,0,0.00,0,0.00,0,0,0,0,0,0,,,,,,,,,,,,,,,,,2026-08-22,2026-08-23T12:00:01.869Z
CZH-主店一号,B0H9SHRYB2,X0057K7VPV,"Bicep Armband Strap for Fitbit Ace, Berry, S (16.9'') + L (19.6'')",Fitbit Ace 专用二头肌臂带，浆果色，S 码 (16.9 英寸) + L 码 (19.6 英寸),,0,0.00,0,0.00,0,0,0,0,0,0,,,,,,,,,,,,,,,,,2026-08-22,2026-08-23T12:00:01.869Z
CZH-主店一号,B0H9SJLBBG,X0057K6JCR,"Bicep Armband Strap for Fitbit Ace, Berry, 2 Pack S (16.9'')",Fitbit Ace 专用二头肌臂带，浆果色，2 件装 S 码 (16.9 英寸),,0,0.00,0,0.00,0,0,0,0,0,0,,,,,,,,,,,,,,,,,2026-08-22,2026-08-23T12:00:01.869Z
CZH-主店一号,B0H9SJPZWF,X0057K7YH1,"Bicep Armband Strap for Fitbit Ace, Obsidian, S (16.9'') + L (19.6'')",Fitbit Ace 专用二头肌臂带，曜石黑，S 码 (16.9 英寸) + L 码 (19.6 英寸),,0,0.00,0,0.00,0,0,0,0,0,0,,,,,,,,,,,,,,,,,2026-08-22,2026-08-23T12:00:01.869Z
CZH-主店一号,B0H9SJX7W3,X0057K6HFV,"Bicep Armband Strap for Fitbit Ace, Berry, 2 Pack L (19.6'')",Fitbit Ace 专用二头肌臂带，浆果色，2 件装 L 码 (19.6 英寸),,0,0.00,0,0.00,0,0,100,0,0,100,,,,,,,,,,,,,,,,,2026-08-22,2026-08-23T12:00:01.869Z
CZH-主店一号,B0H9SMDMH6,X0057K7Z4D,"Bicep Armband Strap for Fitbit Ace, Obsidian, 2 Pack S (16.9'')",Fitbit Ace 专用二头肌臂带，曜石黑，2 件装 S 码 (16.9 英寸),,0,0.00,0,0.00,0,0,0,0,0,0,,,,,,,,,,,,,,,,,2026-08-22,2026-08-23T12:00:01.869Z
CZH-主店一号,B0H9SPY74Q,X0057K7YHB,"Bicep Armband Strap for Fitbit Ace, Lavender, 2 Pack L (19.6'')",Fitbit Ace 专用二头肌臂带，薰衣草色，2 件装 L 码 (19.6 英寸),,0,0.00,0,0.00,0,0,0,0,0,0,,,,,,,,,,,,,,,,,2026-08-22,2026-08-23T12:00:01.869Z
CZH-主店一号,B0H9SQ8B2R,X0057K6HFL,"Bicep Armband Strap for Fitbit Ace, Lavender, S (16.9'') + L (19.6'')",Fitbit Ace 专用二头肌臂带，薰衣草色，S 码 (16.9 英寸) + L 码 (19.6 英寸),,0,0.00,0,0.00,0,0,0,0,0,0,,,,,,,,,,,,,,,,,2026-08-22,2026-08-23T12:00:01.869Z
CZH-主店一号,B0H9SQMP8P,X0057K7VQ5,"Bicep Armband Strap for Fitbit Ace, Fog, 2 Pack S (16.9'')",Fitbit Ace、Fog 款二头肌臂带，2 件装 S 码 (16.9 英寸),,0,0.00,0,0.00,0,0,0,0,0,0,,,,,,,,,,,,,,,,,2026-08-22,2026-08-23T12:00:01.869Z
CZH-主店一号,B0H9SQYDRB,X0057K6JDB,"Bicep Armband Strap for Fitbit Ace, Obsidian, 2 Pack L (19.6'')",Fitbit Ace 专用二头肌臂带，曜石黑，2 件装 L 码 (19.6 英寸),,0,0.00,0,0.00,0,0,0,0,0,0,,,,,,,,,,,,,,,,,2026-08-22,2026-08-23T12:00:01.869Z
CZH-主店一号,B0H9SWF9Z4,X0057K6JD1,"Bicep Armband Strap for Fitbit Ace, Fog, S (16.9'') + L (19.6'')",适用于 Fitbit Ace、Fog 的二头肌臂带，S 码 (16.9 英寸) + L 码 (19.6 英寸),,0,0.00,0,0.00,0,0,0,0,0,0,,,,,,,,,,,,,,,,,2026-08-22,2026-08-23T12:00:01.869Z
CZH-主店一号,B0HB6N81NF,X0057NN0KN,Mahjong Charleston Tracker Dial With 1 Dice And 4 Tile Passing Trays,麻将查尔斯顿追踪器转盘，含1个骰子和4个传牌托盘,,0,0.00,0,0.00,0,0,0,0,0,0,19×16×1.4,,,,0.48,,"规格型号: 400g白卡;190*165*14mm

https://detail.1688.com/offer/706749307891.html?spm=a360q.8274423%2Fnew.goods.productname",,,,,,137,https://m.media-amazon.com/images/I/519FIkrOXFL.jpg,,,2026-08-22,2026-08-23T12:00:01.869Z
CZH-主店一号,B0HB77CY81,X00587WHIJ,SnowCow Mahjong Practice Board with Line Reader & 160 Stripes for 2026 Card,SnowCow麻将练习板，带读线器和160条牌，适用于2026张牌。,,0,0.00,0,0.00,0,0,120,0,0,120,20.5×17.5×1.5,,,,0.49,,"规格型号: 350g白卡纸;205*175*15mm

https://detail.1688.com/offer/632322424307.html?spm=a360q.8274423%2Fnew.goods.productname",,,,,,160,https://m.media-amazon.com/images/I/414spFAWgoL.jpg,,,2026-08-22,2026-08-23T12:00:01.869Z
CZH-主店一号,B0HB7JRCD6,X00587U0Y7,SnowCow Mahjong Practice Board with Line Reader & 160 Stripes for 2026 Card,SnowCow麻将练习板，带读线器和160条牌，适用于2026张牌。,,0,0.00,0,0.00,0,0,120,0,0,120,20.5×17.5×1.5,,,,0.49,,"规格型号: 350g白卡纸;205*175*15mm

https://detail.1688.com/offer/632322424307.html?spm=a360q.8274423%2Fnew.goods.productname",,,,,,160,https://m.media-amazon.com/images/I/414spFAWgoL.jpg,,,2026-08-22,2026-08-23T12:00:01.869Z
CZH-主店一号,B0HBKJFMMR,X0057PXLYB,5 Pack Replacement Silicone Bands Compatible with Google Fitbit Air,5条装替换硅胶表带，兼容Google Fitbit Air,,0,0.00,0,0.00,0,0,200,0,0,200,,,,,,,,,,,,,91,https://m.media-amazon.com/images/I/41-8ND9ustL.jpg,,,2026-08-22,2026-08-23T12:00:01.869Z
CZH-主店一号,B0HBKMD3NW,X0057QIWMV,5 Pack Nylon Bands Compatible with Google Fitbit Air Performance Loop,5条装尼龙表带，兼容谷歌 Fitbit Air Performance Loop,,0,0.00,0,0.00,0,0,210,0,0,210,,,,,,,,,,,,,,https://m.media-amazon.com/images/I/51xPG6OLV8L.jpg,,,2026-08-22,2026-08-23T12:00:01.869Z
CZH-主店一号,B0HBN5LHZL,X0057RHU8R,SnowCow 8 Pcs Mahjong Shuffler Card Tile Mixer Set,SnowCow 8件套麻将洗牌器牌混合器套装,,0,0.00,0,0.00,0,0,120,0,0,120,17×13×1,,,,0.37,,https://detail.1688.com/offer/645046090193.html?spm=a360q.8274423%2Fnew.goods.productname,,,,,,150,https://m.media-amazon.com/images/I/41n3-glkeDL.jpg,,,2026-08-22,2026-08-23T12:00:01.869Z
CZH-主店一号,B0HBN71MVS,X005883TTT,SnowCow Vegan Leather Mahjong Card Holder with 4 Line Readers,SnowCow纯素皮革麻将卡套，带4行读卡器,,0,0.00,0,0.00,0,0,120,0,0,120,23×16.5×1.5,,,,0.52,,"规格型号: 350g白卡纸;230*165*15mm

https://detail.1688.com/offer/670097877629.html?spm=a360q.8274423%2Fnew.goods.productname",,,,,,160,https://m.media-amazon.com/images/I/31-IFXJJlJL.jpg,,,2026-08-22,2026-08-23T12:00:01.869Z
CZH-主店一号,B0HBN7S6ZX,X00587WCXJ,SnowCow Vegan Leather Mahjong Card Holder with 4 Line Readers,SnowCow纯素皮革麻将卡套，带4行读卡器,,0,0.00,0,0.00,0,0,0,0,0,0,,,,,,,,,,,,,,https://m.media-amazon.com/images/I/21zHyUAghgL.jpg,,,2026-08-22,2026-08-23T12:00:01.869Z
CZH-主店一号,B0HBND3T3G,X00587TYIZ,SnowCow Vegan Leather Mahjong Card Holder with 4 Line Readers,SnowCow纯素皮革麻将卡套，带4行读卡器,,0,0.00,0,0.00,0,0,120,0,0,120,23×16.5×1.5,,,,0.52,,"规格型号: 350g白卡纸;230*165*15mm

https://detail.1688.com/offer/670097877629.html?spm=a360q.8274423%2Fnew.goods.productname",,,,,,160,https://m.media-amazon.com/images/I/31snPqS8EJL.jpg,,,2026-08-22,2026-08-23T12:00:01.869Z
CZH-主店一号,B0HFJ835FT,X0058USFTV,"PU Leather Mahjong Card Holder with 4 Line Readers, Magnetic Closure",PU皮革麻将卡套，带4行读卡器，磁扣闭合,,0,0.00,0,0.00,0,0,120,0,0,120,,,,,,,,,,,,,149.685,https://m.media-amazon.com/images/I/211dcQesHyL.jpg,,,2026-08-22,2026-08-23T12:00:01.869Z
CZH-主店一号,B0HFJ99M3Q,X0058UVODZ,"Crumb Tray, 4 Oven Mats, 100 Air Fryer Liners for Ninja Foodi SP101 SP151",碎屑托盘、4个烤箱垫、100个适用于Ninja Foodi SP101 SP151的空气炸锅衬垫,,0,0.00,0,0.00,0,0,110,0,0,110,,,,,,,,,,,,,983,https://m.media-amazon.com/images/I/41A5NVFJoIL.jpg,,,2026-08-22,2026-08-23T12:00:01.869Z
CZH-主店一号,B0HFJBSF6S,X0058UUOY5,"PU Leather Mahjong Card Holder with 4 Line Readers, Magnetic Closure",PU皮革麻将卡套，带4行读卡器，磁扣闭合,,0,0.00,0,0.00,0,0,70,0,0,70,,,,,,,,,,,,,149.685,https://m.media-amazon.com/images/I/314lz+ULOxL.jpg,,,2026-08-22,2026-08-23T12:00:01.869Z
CZH-主店一号,B0HFNPCFL8,X0058XEJAH,2 Pack Crisper Rack with Cleaning Brush for Ninja Crispi FN101 & AS101,适用于 Ninja Crispi FN101 和 AS101 的 2 件装烤架，带清洁刷,,0,0.00,0,0.00,0,0,0,0,0,0,,,,,,,,,,,,,,https://m.media-amazon.com/images/I/518hbb0g5ZL.jpg,,,2026-08-22,2026-08-23T12:00:01.869Z